{
    "errors": [],
    "get": "players/",
    "parameters": {
        "season": "2021",
        "team": "2"
    },
    "response": [
        {
            "affiliation": "No College/USA",
            "birth": {
                "country": "USA",
                "date": "1987-03-18"
            },
            "college": "No College",
            "firstname": "CJ",
            "height": {
                "feets": null,
                "inches": null,
                "meters": null
            },
            "id": 362,
            "lastname": "Miles",
            "leagues": {
                "standard": {
                    "active": false,
                    "jersey": 50,
                    "pos": null
                }
            },
            "nba": {
                "pro": 0,
                "start": 2005
            },
            "weight": {
                "kilograms": null,
                "pounds": null
            }
        },
        {
            "affiliation": "Tennessee/USA",
            "birth": {
                "country": "USA",
                "date": "1993-09-15"
            },
            "college": "Tennessee",
            "firstname": "Josh",
            "height": {
                "feets": "6",
                "inches": "5",
                "meters": "1.96"
            },
            "id": 446,
            "lastname": "Richardson",
            "leagues": {
                "standard": {
                    "active": true,
                    "jersey": 7,
                    "pos": "G"
                }
            },
            "nba": {
                "pro": 6,
                "start": 2015
            },
            "weight": {
                "kilograms": "90.7",
                "pounds": "200"
            }
        },
        {
            "affiliation": "California/USA",
            "birth": {
                "country": "USA",
                "date": "1996-10-24"
            },
            "college": "California",
            "firstname": "Jaylen",
            "height": {
                "feets": "6",
                "inches": "6",
                "meters": "1.98"
            },
            "id": 75,
            "lastname": "Brown",
            "leagues": {
                "standard": {
                    "active": true,
                    "jersey": 7,
                    "pos": "G-F"
                }
            },
            "nba": {
                "pro": 5,
                "start": 2016
            },
            "weight": {
                "kilograms": "101.2",
                "pounds": "223"
            }
        },
        {
            "affiliation": null,
            "birth": {
                "country": null,
                "date": null
            },
            "college": null,
            "firstname": "Zach",
            "height": {
                "feets": null,
                "inches": null,
                "meters": null
            },
            "id": 597,
            "lastname": "Auguste",
            "leagues": {
                "sacramento": {
                    "active": true,
                    "jersey": 50,
                    "pos": "F"
                },
                "standard": {
                    "active": false,
                    "jersey": 29,
                    "pos": null
                },
                "vegas": {
                    "active": true,
                    "jersey": 41,
                    "pos": "C"
                }
            },
            "nba": {
                "pro": 0,
                "start": 0
            },
            "weight": {
                "kilograms": null,
                "pounds": null
            }
        },
        {
            "affiliation": "Estudiantes/Spain",
            "birth": {
                "country": "Spain",
                "date": "1995-09-28"
            },
            "college": "Estudiantes",
            "firstname": "Juancho",
            "height": {
                "feets": "6",
                "inches": "9",
                "meters": "2.06"
            },
            "id": 230,
            "lastname": "Hernangomez",
            "leagues": {
                "standard": {
                    "active": true,
                    "jersey": 41,
                    "pos": "F"
                }
            },
            "nba": {
                "pro": 5,
                "start": 2016
            },
            "weight": {
                "kilograms": "97.1",
                "pounds": "214"
            }
        },
        {
            "affiliation": "Villanova/USA",
            "birth": {
                "country": "USA",
                "date": "1994-03-26"
            },
            "college": "Villanova",
            "firstname": "Ryan",
            "height": {
                "feets": "6",
                "inches": "3",
                "meters": "1.9"
            },
            "id": 609,
            "lastname": "Arcidiacono",
            "leagues": {
                "standard": {
                    "active": true,
                    "jersey": 51,
                    "pos": "G"
                },
                "vegas": {
                    "active": true,
                    "jersey": 51,
                    "pos": "G"
                }
            },
            "nba": {
                "pro": 4,
                "start": 2017
            },
            "weight": {
                "kilograms": "88.5",
                "pounds": "195"
            }
        },
        {
            "affiliation": "Duke/USA",
            "birth": {
                "country": "USA",
                "date": "1998-03-03"
            },
            "college": "Duke",
            "firstname": "Jayson",
            "height": {
                "feets": "6",
                "inches": "8",
                "meters": "2.03"
            },
            "id": 882,
            "lastname": "Tatum",
            "leagues": {
                "standard": {
                    "active": true,
                    "jersey": null,
                    "pos": "F-G"
                }
            },
            "nba": {
                "pro": 4,
                "start": 2017
            },
            "weight": {
                "kilograms": "95.3",
                "pounds": "210"
            }
        },
        {
            "affiliation": "North Carolina/USA",
            "birth": {
                "country": "USA",
                "date": "1995-03-28"
            },
            "college": "North Carolina",
            "firstname": "Justin",
            "height": {
                "feets": null,
                "inches": null,
                "meters": null
            },
            "id": 806,
            "lastname": "Jackson",
            "leagues": {
                "sacramento": {
                    "active": true,
                    "jersey": 25,
                    "pos": "F"
                },
                "standard": {
                    "active": true,
                    "jersey": 44,
                    "pos": "F"
                },
                "vegas": {
                    "active": true,
                    "jersey": 52,
                    "pos": "F"
                }
            },
            "nba": {
                "pro": 0,
                "start": 2017
            },
            "weight": {
                "kilograms": null,
                "pounds": null
            }
        },
        {
            "affiliation": "Colorado/USA",
            "birth": {
                "country": "USA",
                "date": "1994-07-02"
            },
            "college": "Colorado",
            "firstname": "Derrick",
            "height": {
                "feets": "6",
                "inches": "4",
                "meters": "1.93"
            },
            "id": 897,
            "lastname": "White",
            "leagues": {
                "standard": {
                    "active": true,
                    "jersey": 9,
                    "pos": "G"
                },
                "utah": {
                    "active": true,
                    "jersey": 4,
                    "pos": "G"
                },
                "vegas": {
                    "active": true,
                    "jersey": 4,
                    "pos": "G"
                }
            },
            "nba": {
                "pro": 4,
                "start": 2017
            },
            "weight": {
                "kilograms": "86.2",
                "pounds": "190"
            }
        },
        {
            "affiliation": "Vanderbilt/USA",
            "birth": {
                "country": "USA",
                "date": "1995-07-15"
            },
            "college": "Vanderbilt",
            "firstname": "Luke",
            "height": {
                "feets": "7",
                "inches": "2",
                "meters": "2.18"
            },
            "id": 819,
            "lastname": "Kornet",
            "leagues": {
                "standard": {
                    "active": true,
                    "jersey": 40,
                    "pos": "C-F"
                },
                "vegas": {
                    "active": true,
                    "jersey": 2,
                    "pos": "F-C"
                }
            },
            "nba": {
                "pro": 4,
                "start": 2017
            },
            "weight": {
                "kilograms": "113.4",
                "pounds": "250"
            }
        },
        {
            "affiliation": "Brose Bamberg/Germany",
            "birth": {
                "country": "Germany",
                "date": "1992-04-04"
            },
            "college": "Brose Bamberg",
            "firstname": "Daniel",
            "height": {
                "feets": "6",
                "inches": "9",
                "meters": "2.06"
            },
            "id": 886,
            "lastname": "Theis",
            "leagues": {
                "standard": {
                    "active": true,
                    "jersey": 27,
                    "pos": "F-C"
                }
            },
            "nba": {
                "pro": 4,
                "start": 2017
            },
            "weight": {
                "kilograms": "111.1",
                "pounds": "245"
            }
        },
        {
            "affiliation": "Maryland/Angola",
            "birth": {
                "country": "Angola",
                "date": "1998-08-15"
            },
            "college": "Maryland",
            "firstname": "Bruno",
            "height": {
                "feets": "6",
                "inches": "9",
                "meters": "2.06"
            },
            "id": 1858,
            "lastname": "Fernando",
            "leagues": {
                "standard": {
                    "active": true,
                    "jersey": 20,
                    "pos": "F-C"
                },
                "vegas": {
                    "active": true,
                    "jersey": 55,
                    "pos": "F-C"
                }
            },
            "nba": {
                "pro": 2,
                "start": 2019
            },
            "weight": {
                "kilograms": "108.9",
                "pounds": "240"
            }
        },
        {
            "affiliation": "North Carolina/USA",
            "birth": {
                "country": "USA",
                "date": "1995-11-05"
            },
            "college": "North Carolina",
            "firstname": "Theo",
            "height": {
                "feets": "6",
                "inches": "5",
                "meters": "1.96"
            },
            "id": 1013,
            "lastname": "Pinson",
            "leagues": {
                "standard": {
                    "active": true,
                    "jersey": 1,
                    "pos": "G-F"
                },
                "vegas": {
                    "active": true,
                    "jersey": 6,
                    "pos": "G"
                }
            },
            "nba": {
                "pro": 3,
                "start": 2018
            },
            "weight": {
                "kilograms": "96.2",
                "pounds": "212"
            }
        },
        {
            "affiliation": "Purdue/USA",
            "birth": {
                "country": "USA",
                "date": "1998-03-12"
            },
            "college": "Purdue",
            "firstname": "Carsen",
            "height": {
                "feets": "5",
                "inches": "11",
                "meters": "1.8"
            },
            "id": 1857,
            "lastname": "Edwards",
            "leagues": {
                "standard": {
                    "active": true,
                    "jersey": 4,
                    "pos": "G"
                },
                "vegas": {
                    "active": true,
                    "jersey": 4,
                    "pos": "G"
                }
            },
            "nba": {
                "pro": 2,
                "start": 2019
            },
            "weight": {
                "kilograms": "90.7",
                "pounds": "200"
            }
        },
        {
            "affiliation": "Texas A&M/USA",
            "birth": {
                "country": "USA",
                "date": "1997-10-17"
            },
            "college": "Texas A&M",
            "firstname": "Robert",
            "height": {
                "feets": "6",
                "inches": "9",
                "meters": "2.06"
            },
            "id": 1045,
            "lastname": "Williams III",
            "leagues": {
                "standard": {
                    "active": true,
                    "jersey": 44,
                    "pos": "C-F"
                },
                "vegas": {
                    "active": true,
                    "jersey": 44,
                    "pos": "C"
                }
            },
            "nba": {
                "pro": 3,
                "start": 2018
            },
            "weight": {
                "kilograms": "107.5",
                "pounds": "237"
            }
        },
        {
            "affiliation": null,
            "birth": {
                "country": null,
                "date": null
            },
            "college": null,
            "firstname": "Kelan",
            "height": {
                "feets": null,
                "inches": null,
                "meters": null
            },
            "id": 1514,
            "lastname": "Martin",
            "leagues": {
                "standard": {
                    "active": true,
                    "jersey": 4,
                    "pos": "F"
                },
                "utah": {
                    "active": true,
                    "jersey": 42,
                    "pos": "F"
                },
                "vegas": {
                    "active": true,
                    "jersey": 30,
                    "pos": "F"
                }
            },
            "nba": {
                "pro": 0,
                "start": 0
            },
            "weight": {
                "kilograms": null,
                "pounds": null
            }
        },
        {
            "affiliation": "Indiana/USA",
            "birth": {
                "country": "USA",
                "date": "1999-10-25"
            },
            "college": "Indiana",
            "firstname": "Romeo",
            "height": {
                "feets": "6",
                "inches": "5",
                "meters": "1.96"
            },
            "id": 1874,
            "lastname": "Langford",
            "leagues": {
                "standard": {
                    "active": true,
                    "jersey": 35,
                    "pos": "G-F"
                },
                "vegas": {
                    "active": true,
                    "jersey": 9,
                    "pos": "G"
                }
            },
            "nba": {
                "pro": 2,
                "start": 2019
            },
            "weight": {
                "kilograms": "98.0",
                "pounds": "216"
            }
        },
        {
            "affiliation": null,
            "birth": {
                "country": null,
                "date": null
            },
            "college": null,
            "firstname": "Dedric",
            "height": {
                "feets": null,
                "inches": null,
                "meters": null
            },
            "id": 1920,
            "lastname": "Lawson",
            "leagues": {
                "sacramento": {
                    "active": true,
                    "jersey": 18,
                    "pos": "C-F"
                },
                "standard": {
                    "active": false,
                    "jersey": 17,
                    "pos": null
                },
                "vegas": {
                    "active": true,
                    "jersey": 30,
                    "pos": "F"
                }
            },
            "nba": {
                "pro": 0,
                "start": 0
            },
            "weight": {
                "kilograms": null,
                "pounds": null
            }
        },
        {
            "affiliation": "Tennessee/USA",
            "birth": {
                "country": "USA",
                "date": "1998-11-30"
            },
            "college": "Tennessee",
            "firstname": "Grant",
            "height": {
                "feets": "6",
                "inches": "6",
                "meters": "1.98"
            },
            "id": 1901,
            "lastname": "Williams",
            "leagues": {
                "standard": {
                    "active": true,
                    "jersey": 12,
                    "pos": "F"
                },
                "vegas": {
                    "active": true,
                    "jersey": 40,
                    "pos": "F"
                }
            },
            "nba": {
                "pro": 2,
                "start": 2019
            },
            "weight": {
                "kilograms": "107.0",
                "pounds": "236"
            }
        },
        {
            "affiliation": null,
            "birth": {
                "country": null,
                "date": null
            },
            "college": null,
            "firstname": "Aric",
            "height": {
                "feets": null,
                "inches": null,
                "meters": null
            },
            "id": 1917,
            "lastname": "Holman",
            "leagues": {
                "sacramento": {
                    "active": true,
                    "jersey": 35,
                    "pos": "F"
                },
                "standard": {
                    "active": true,
                    "jersey": 35,
                    "pos": "F-C"
                },
                "vegas": {
                    "active": true,
                    "jersey": 35,
                    "pos": "F-C"
                }
            },
            "nba": {
                "pro": 0,
                "start": 0
            },
            "weight": {
                "kilograms": null,
                "pounds": null
            }
        },
        {
            "affiliation": null,
            "birth": {
                "country": null,
                "date": null
            },
            "college": null,
            "firstname": "Garrison",
            "height": {
                "feets": null,
                "inches": null,
                "meters": null
            },
            "id": 2327,
            "lastname": "Mathews",
            "leagues": {
                "standard": {
                    "active": true,
                    "jersey": 25,
                    "pos": "G"
                },
                "vegas": {
                    "active": true,
                    "jersey": 24,
                    "pos": "F"
                }
            },
            "nba": {
                "pro": 0,
                "start": 0
            },
            "weight": {
                "kilograms": null,
                "pounds": null
            }
        },
        {
            "affiliation": "Indiana/USA",
            "birth": {
                "country": "USA",
                "date": "1997-04-17"
            },
            "college": "Indiana",
            "firstname": "Juwan",
            "height": {
                "feets": "6",
                "inches": "7",
                "meters": "2.01"
            },
            "id": 2438,
            "lastname": "Morgan",
            "leagues": {
                "standard": {
                    "active": false,
                    "jersey": 16,
                    "pos": null
                },
                "utah": {
                    "active": true,
                    "jersey": 16,
                    "pos": "F"
                },
                "vegas": {
                    "active": true,
                    "jersey": 16,
                    "pos": "F"
                }
            },
            "nba": {
                "pro": 2,
                "start": 2019
            },
            "weight": {
                "kilograms": "105.2",
                "pounds": "232"
            }
        },
        {
            "affiliation": "Vanderbilt/USA",
            "birth": {
                "country": "USA",
                "date": "1999-10-16"
            },
            "college": "Vanderbilt",
            "firstname": "Aaron",
            "height": {
                "feets": "6",
                "inches": "5",
                "meters": "1.96"
            },
            "id": 2626,
            "lastname": "Nesmith",
            "leagues": {
                "standard": {
                    "active": true,
                    "jersey": 23,
                    "pos": "G-F"
                },
                "vegas": {
                    "active": true,
                    "jersey": 23,
                    "pos": "G"
                }
            },
            "nba": {
                "pro": 1,
                "start": 2020
            },
            "weight": {
                "kilograms": "97.5",
                "pounds": "215"
            }
        },
        {
            "affiliation": "Oregon/USA",
            "birth": {
                "country": "USA",
                "date": "1998-01-28"
            },
            "college": "Oregon",
            "firstname": "Payton",
            "height": {
                "feets": "6",
                "inches": "1",
                "meters": "1.85"
            },
            "id": 2635,
            "lastname": "Pritchard",
            "leagues": {
                "standard": {
                    "active": true,
                    "jersey": 11,
                    "pos": "G"
                },
                "vegas": {
                    "active": true,
                    "jersey": 11,
                    "pos": "G"
                }
            },
            "nba": {
                "pro": 1,
                "start": 2020
            },
            "weight": {
                "kilograms": "88.5",
                "pounds": "195"
            }
        },
        {
            "affiliation": null,
            "birth": {
                "country": null,
                "date": null
            },
            "college": null,
            "firstname": "Yam",
            "height": {
                "feets": null,
                "inches": null,
                "meters": null
            },
            "id": 2612,
            "lastname": "Madar",
            "leagues": {
                "standard": {
                    "active": true,
                    "jersey": null,
                    "pos": "G"
                },
                "vegas": {
                    "active": true,
                    "jersey": 28,
                    "pos": "G"
                }
            },
            "nba": {
                "pro": 0,
                "start": 0
            },
            "weight": {
                "kilograms": null,
                "pounds": null
            }
        },
        {
            "affiliation": "St. Mary's College/USA",
            "birth": {
                "country": "USA",
                "date": "1997-07-04"
            },
            "college": "St. Mary's College",
            "firstname": "Malik",
            "height": {
                "feets": "6",
                "inches": "5",
                "meters": "1.96"
            },
            "id": 2586,
            "lastname": "Fitts",
            "leagues": {
                "standard": {
                    "active": true,
                    "jersey": 8,
                    "pos": "F"
                },
                "vegas": {
                    "active": false,
                    "jersey": 18,
                    "pos": null
                }
            },
            "nba": {
                "pro": 1,
                "start": 2020
            },
            "weight": {
                "kilograms": "104.3",
                "pounds": "230"
            }
        },
        {
            "affiliation": "Truman State/USA",
            "birth": {
                "country": "USA",
                "date": "1997-01-28"
            },
            "college": "Truman State",
            "firstname": "Brodric",
            "height": {
                "feets": "6",
                "inches": "5",
                "meters": "1.96"
            },
            "id": 2654,
            "lastname": "Thomas",
            "leagues": {
                "standard": {
                    "active": true,
                    "jersey": 97,
                    "pos": "G"
                },
                "vegas": {
                    "active": true,
                    "jersey": 97,
                    "pos": "G"
                }
            },
            "nba": {
                "pro": 1,
                "start": 2020
            },
            "weight": {
                "kilograms": "83.9",
                "pounds": "185"
            }
        },
        {
            "affiliation": "Tennessee-Chattanooga/USA",
            "birth": {
                "country": "USA",
                "date": "1997-04-17"
            },
            "college": "Tennessee-Chattanooga",
            "firstname": "Matt",
            "height": {
                "feets": "6",
                "inches": "7",
                "meters": "2.01"
            },
            "id": 3195,
            "lastname": "Ryan",
            "leagues": {
                "standard": {
                    "active": true,
                    "jersey": 37,
                    "pos": "F"
                },
                "vegas": {
                    "active": true,
                    "jersey": 37,
                    "pos": "F"
                }
            },
            "nba": {
                "pro": 0,
                "start": 2021
            },
            "weight": {
                "kilograms": "97.5",
                "pounds": "215"
            }
        },
        {
            "affiliation": "Virginia/USA",
            "birth": {
                "country": "USA",
                "date": "1997-12-08"
            },
            "college": "Virginia",
            "firstname": "Sam",
            "height": {
                "feets": "6",
                "inches": "7",
                "meters": "2.01"
            },
            "id": 2812,
            "lastname": "Hauser",
            "leagues": {
                "standard": {
                    "active": true,
                    "jersey": 30,
                    "pos": "F"
                },
                "vegas": {
                    "active": true,
                    "jersey": 30,
                    "pos": "F"
                }
            },
            "nba": {
                "pro": 0,
                "start": 2021
            },
            "weight": {
                "kilograms": "98.4",
                "pounds": "217"
            }
        },
        {
            "affiliation": "Paris Basketball/France",
            "birth": {
                "country": "France",
                "date": "2002-08-07"
            },
            "college": "Paris Basketball",
            "firstname": "Juhann",
            "height": {
                "feets": "6",
                "inches": "5",
                "meters": "1.96"
            },
            "id": 2791,
            "lastname": "Begarin",
            "leagues": {
                "standard": {
                    "active": true,
                    "jersey": null,
                    "pos": "G"
                },
                "vegas": {
                    "active": true,
                    "jersey": 45,
                    "pos": "G-F"
                }
            },
            "nba": {
                "pro": 0,
                "start": 0
            },
            "weight": {
                "kilograms": "83.9",
                "pounds": "185"
            }
        },
        {
            "affiliation": "Florida/Dominican Republic",
            "birth": {
                "country": "Dominican Republic",
                "date": "1986-06-03"
            },
            "college": "Florida",
            "firstname": "Al",
            "height": {
                "feets": "6",
                "inches": "9",
                "meters": "2.06"
            },
            "id": 248,
            "lastname": "Horford",
            "leagues": {
                "standard": {
                    "active": true,
                    "jersey": 42,
                    "pos": "C-F"
                }
            },
            "nba": {
                "pro": 14,
                "start": 2007
            },
            "weight": {
                "kilograms": "108.9",
                "pounds": "240"
            }
        },
        {
            "affiliation": null,
            "birth": {
                "country": null,
                "date": null
            },
            "college": null,
            "firstname": "Al-Farouq",
            "height": {
                "feets": null,
                "inches": null,
                "meters": null
            },
            "id": 12,
            "lastname": "Aminu",
            "leagues": {
                "africa": {
                    "active": true,
                    "jersey": 8,
                    "pos": "F"
                },
                "standard": {
                    "active": false,
                    "jersey": 72,
                    "pos": null
                }
            },
            "nba": {
                "pro": 0,
                "start": 0
            },
            "weight": {
                "kilograms": null,
                "pounds": null
            }
        },
        {
            "affiliation": "Fenerbahce/Turkey",
            "birth": {
                "country": "Turkey",
                "date": "1992-05-20"
            },
            "college": "                                   ",
            "firstname": "Enes",
            "height": {
                "feets": null,
                "inches": null,
                "meters": null
            },
            "id": 291,
            "lastname": "Freedom",
            "leagues": {
                "standard": {
                    "active": false,
                    "jersey": 13,
                    "pos": null
                }
            },
            "nba": {
                "pro": 0,
                "start": 2011
            },
            "weight": {
                "kilograms": null,
                "pounds": null
            }
        },
        {
            "affiliation": "Braunschweig/Germany",
            "birth": {
                "country": "Germany",
                "date": "1993-09-15"
            },
            "college": "Braunschweig",
            "firstname": "Dennis",
            "height": {
                "feets": "6",
                "inches": "1",
                "meters": "1.85"
            },
            "id": 472,
            "lastname": "Schroder",
            "leagues": {
                "standard": {
                    "active": true,
                    "jersey": 17,
                    "pos": "G"
                }
            },
            "nba": {
                "pro": 8,
                "start": 2013
            },
            "weight": {
                "kilograms": "78.0",
                "pounds": "172"
            }
        },
        {
            "affiliation": "Iona/USA",
            "birth": {
                "country": "USA",
                "date": "1993-02-03"
            },
            "college": "Iona",
            "firstname": "Norvel",
            "height": {
                "feets": null,
                "inches": null,
                "meters": null
            },
            "id": 1012,
            "lastname": "Pelle",
            "leagues": {
                "standard": {
                    "active": false,
                    "jersey": 5,
                    "pos": null
                },
                "vegas": {
                    "active": true,
                    "jersey": 14,
                    "pos": "C"
                }
            },
            "nba": {
                "pro": 0,
                "start": 2019
            },
            "weight": {
                "kilograms": null,
                "pounds": null
            }
        },
        {
            "affiliation": "Michigan/Canada",
            "birth": {
                "country": "Canada",
                "date": "1993-10-07"
            },
            "college": "Michigan",
            "firstname": "Nik",
            "height": {
                "feets": "6",
                "inches": "6",
                "meters": "1.98"
            },
            "id": 496,
            "lastname": "Stauskas",
            "leagues": {
                "standard": {
                    "active": true,
                    "jersey": 13,
                    "pos": "G"
                }
            },
            "nba": {
                "pro": 5,
                "start": 2014
            },
            "weight": {
                "kilograms": "93.9",
                "pounds": "207"
            }
        },
        {
            "affiliation": "Oklahoma State/USA",
            "birth": {
                "country": "USA",
                "date": "1994-03-06"
            },
            "college": "Oklahoma State",
            "firstname": "Marcus",
            "height": {
                "feets": "6",
                "inches": "4",
                "meters": "1.93"
            },
            "id": 486,
            "lastname": "Smart",
            "leagues": {
                "standard": {
                    "active": true,
                    "jersey": 36,
                    "pos": "G"
                }
            },
            "nba": {
                "pro": 7,
                "start": 2014
            },
            "weight": {
                "kilograms": "99.8",
                "pounds": "220"
            }
        },
        {
            "affiliation": "Duke/USA",
            "birth": {
                "country": "USA",
                "date": "1995-03-15"
            },
            "college": "Duke",
            "firstname": "Jabari",
            "height": {
                "feets": null,
                "inches": null,
                "meters": null
            },
            "id": 410,
            "lastname": "Parker",
            "leagues": {
                "standard": {
                    "active": false,
                    "jersey": 20,
                    "pos": null
                }
            },
            "nba": {
                "pro": 0,
                "start": 2014
            },
            "weight": {
                "kilograms": null,
                "pounds": null
            }
        },
        {
            "affiliation": "Arkansas/USA",
            "birth": {
                "country": "USA",
                "date": "1981-06-29"
            },
            "college": "Arkansas",
            "firstname": "Joe",
            "height": {
                "feets": null,
                "inches": null,
                "meters": null
            },
            "id": 275,
            "lastname": "Johnson",
            "leagues": {
                "standard": {
                    "active": false,
                    "jersey": 55,
                    "pos": null
                }
            },
            "nba": {
                "pro": 0,
                "start": 2001
            },
            "weight": {
                "kilograms": null,
                "pounds": null
            }
        },
        {
            "affiliation": null,
            "birth": {
                "country": null,
                "date": "1999-12-10"
            },
            "college": "Basket Lowen Braunschweig",
            "firstname": "Arnas",
            "height": {
                "feets": "6",
                "inches": "4",
                "meters": "1.93"
            },
            "id": 3252,
            "lastname": "Velicka",
            "leagues": {
                "vegas": {
                    "active": true,
                    "jersey": 61,
                    "pos": "G"
                }
            },
            "nba": {
                "pro": 0,
                "start": 0
            },
            "weight": {
                "kilograms": "87.1",
                "pounds": "192"
            }
        },
        {
            "affiliation": null,
            "birth": {
                "country": null,
                "date": "1996-05-07"
            },
            "college": "Tulane",
            "firstname": "K.J.",
            "height": {
                "feets": "6",
                "inches": "7",
                "meters": "2.01"
            },
            "id": 3100,
            "lastname": "Lawson",
            "leagues": {
                "vegas": {
                    "active": true,
                    "jersey": 50,
                    "pos": "F"
                }
            },
            "nba": {
                "pro": 0,
                "start": 0
            },
            "weight": {
                "kilograms": "97.5",
                "pounds": "215"
            }
        }
    ],
    "results": 41
}