{
    "errors": [],
    "get": "players/",
    "parameters": {
        "season": "2022",
        "team": "2"
    },
    "response": [
        {
            "affiliation": "California/USA",
            "birth": {
                "country": "USA",
                "date": "1996-10-24"
            },
            "college": "California",
            "firstname": "Jaylen",
            "height": {
                "feets": "6",
                "inches": "6",
                "meters": "1.98"
            },
            "id": 75,
            "lastname": "Brown",
            "leagues": {
                "standard": {
                    "active": true,
                    "jersey": 7,
                    "pos": "G-F"
                }
            },
            "nba": {
                "pro": 5,
                "start": 2016
            },
            "weight": {
                "kilograms": "101.2",
                "pounds": "223"
            }
        },
        {
            "affiliation": "Virginia/USA",
            "birth": {
                "country": "USA",
                "date": "1992-12-11"
            },
            "college": "Virginia",
            "firstname": "Malcolm",
            "height": {
                "feets": "6",
                "inches": "5",
                "meters": "1.96"
            },
            "id": 71,
            "lastname": "Brogdon",
            "leagues": {
                "standard": {
                    "active": true,
                    "jersey": 13,
                    "pos": "G"
                }
            },
            "nba": {
                "pro": 5,
                "start": 2016
            },
            "weight": {
                "kilograms": "103.9",
                "pounds": "229"
            }
        },
        {
            "affiliation": "Maryland/USA",
            "birth": {
                "country": "USA",
                "date": "1994-03-07"
            },
            "college": "Maryland",
            "firstname": "Jake",
            "height": {
                "feets": "6",
                "inches": "8",
                "meters": "2.03"
            },
            "id": 310,
            "lastname": "Layman",
            "leagues": {
                "standard": {
                    "active": true,
                    "jersey": 10,
                    "pos": "F"
                },
                "vegas": {
                    "active": true,
                    "jersey": 10,
                    "pos": "F"
                }
            },
            "nba": {
                "pro": 5,
                "start": 2016
            },
            "weight": {
                "kilograms": "94.8",
                "pounds": "209"
            }
        },
        {
            "affiliation": "Duke/USA",
            "birth": {
                "country": "USA",
                "date": "1998-03-03"
            },
            "college": "Duke",
            "firstname": "Jayson",
            "height": {
                "feets": "6",
                "inches": "8",
                "meters": "2.03"
            },
            "id": 882,
            "lastname": "Tatum",
            "leagues": {
                "standard": {
                    "active": true,
                    "jersey": null,
                    "pos": "F-G"
                }
            },
            "nba": {
                "pro": 4,
                "start": 2017
            },
            "weight": {
                "kilograms": "95.3",
                "pounds": "210"
            }
        },
        {
            "affiliation": "North Carolina/USA",
            "birth": {
                "country": "USA",
                "date": "1995-03-28"
            },
            "college": "North Carolina",
            "firstname": "Justin",
            "height": {
                "feets": null,
                "inches": null,
                "meters": null
            },
            "id": 806,
            "lastname": "Jackson",
            "leagues": {
                "sacramento": {
                    "active": true,
                    "jersey": 25,
                    "pos": "F"
                },
                "standard": {
                    "active": true,
                    "jersey": 44,
                    "pos": "F"
                },
                "vegas": {
                    "active": true,
                    "jersey": 52,
                    "pos": "F"
                }
            },
            "nba": {
                "pro": 0,
                "start": 2017
            },
            "weight": {
                "kilograms": null,
                "pounds": null
            }
        },
        {
            "affiliation": "Colorado/USA",
            "birth": {
                "country": "USA",
                "date": "1994-07-02"
            },
            "college": "Colorado",
            "firstname": "Derrick",
            "height": {
                "feets": "6",
                "inches": "4",
                "meters": "1.93"
            },
            "id": 897,
            "lastname": "White",
            "leagues": {
                "standard": {
                    "active": true,
                    "jersey": 9,
                    "pos": "G"
                },
                "utah": {
                    "active": true,
                    "jersey": 4,
                    "pos": "G"
                },
                "vegas": {
                    "active": true,
                    "jersey": 4,
                    "pos": "G"
                }
            },
            "nba": {
                "pro": 4,
                "start": 2017
            },
            "weight": {
                "kilograms": "86.2",
                "pounds": "190"
            }
        },
        {
            "affiliation": "Vanderbilt/USA",
            "birth": {
                "country": "USA",
                "date": "1995-07-15"
            },
            "college": "Vanderbilt",
            "firstname": "Luke",
            "height": {
                "feets": "7",
                "inches": "2",
                "meters": "2.18"
            },
            "id": 819,
            "lastname": "Kornet",
            "leagues": {
                "standard": {
                    "active": true,
                    "jersey": 40,
                    "pos": "C-F"
                },
                "vegas": {
                    "active": true,
                    "jersey": 2,
                    "pos": "F-C"
                }
            },
            "nba": {
                "pro": 4,
                "start": 2017
            },
            "weight": {
                "kilograms": "113.4",
                "pounds": "250"
            }
        },
        {
            "affiliation": "Texas A&M/USA",
            "birth": {
                "country": "USA",
                "date": "1997-10-17"
            },
            "college": "Texas A&M",
            "firstname": "Robert",
            "height": {
                "feets": "6",
                "inches": "9",
                "meters": "2.06"
            },
            "id": 1045,
            "lastname": "Williams III",
            "leagues": {
                "standard": {
                    "active": true,
                    "jersey": 44,
                    "pos": "C-F"
                },
                "vegas": {
                    "active": true,
                    "jersey": 44,
                    "pos": "C"
                }
            },
            "nba": {
                "pro": 3,
                "start": 2018
            },
            "weight": {
                "kilograms": "107.5",
                "pounds": "237"
            }
        },
        {
            "affiliation": null,
            "birth": {
                "country": null,
                "date": null
            },
            "college": null,
            "firstname": "Mfiondu",
            "height": {
                "feets": null,
                "inches": null,
                "meters": null
            },
            "id": 1873,
            "lastname": "Kabengele",
            "leagues": {
                "standard": {
                    "active": true,
                    "jersey": 27,
                    "pos": "C"
                },
                "vegas": {
                    "active": true,
                    "jersey": 28,
                    "pos": "F-C"
                }
            },
            "nba": {
                "pro": 0,
                "start": 0
            },
            "weight": {
                "kilograms": null,
                "pounds": null
            }
        },
        {
            "affiliation": null,
            "birth": {
                "country": null,
                "date": null
            },
            "college": null,
            "firstname": "Luka",
            "height": {
                "feets": null,
                "inches": null,
                "meters": null
            },
            "id": 1891,
            "lastname": "Samanic",
            "leagues": {
                "standard": {
                    "active": false,
                    "jersey": 99,
                    "pos": null
                },
                "utah": {
                    "active": true,
                    "jersey": 19,
                    "pos": "F"
                },
                "vegas": {
                    "active": true,
                    "jersey": 19,
                    "pos": "F"
                }
            },
            "nba": {
                "pro": 0,
                "start": 0
            },
            "weight": {
                "kilograms": null,
                "pounds": null
            }
        },
        {
            "affiliation": "Tennessee/USA",
            "birth": {
                "country": "USA",
                "date": "1998-11-30"
            },
            "college": "Tennessee",
            "firstname": "Grant",
            "height": {
                "feets": "6",
                "inches": "6",
                "meters": "1.98"
            },
            "id": 1901,
            "lastname": "Williams",
            "leagues": {
                "standard": {
                    "active": true,
                    "jersey": 12,
                    "pos": "F"
                },
                "vegas": {
                    "active": true,
                    "jersey": 40,
                    "pos": "F"
                }
            },
            "nba": {
                "pro": 2,
                "start": 2019
            },
            "weight": {
                "kilograms": "107.0",
                "pounds": "236"
            }
        },
        {
            "affiliation": "Oregon/USA",
            "birth": {
                "country": "USA",
                "date": "1998-01-28"
            },
            "college": "Oregon",
            "firstname": "Payton",
            "height": {
                "feets": "6",
                "inches": "1",
                "meters": "1.85"
            },
            "id": 2635,
            "lastname": "Pritchard",
            "leagues": {
                "standard": {
                    "active": true,
                    "jersey": 11,
                    "pos": "G"
                },
                "vegas": {
                    "active": true,
                    "jersey": 11,
                    "pos": "G"
                }
            },
            "nba": {
                "pro": 1,
                "start": 2020
            },
            "weight": {
                "kilograms": "88.5",
                "pounds": "195"
            }
        },
        {
            "affiliation": "Truman State/USA",
            "birth": {
                "country": "USA",
                "date": "1997-01-28"
            },
            "college": "Truman State",
            "firstname": "Brodric",
            "height": {
                "feets": "6",
                "inches": "5",
                "meters": "1.96"
            },
            "id": 2654,
            "lastname": "Thomas",
            "leagues": {
                "standard": {
                    "active": true,
                    "jersey": 97,
                    "pos": "G"
                },
                "vegas": {
                    "active": true,
                    "jersey": 97,
                    "pos": "G"
                }
            },
            "nba": {
                "pro": 1,
                "start": 2020
            },
            "weight": {
                "kilograms": "83.9",
                "pounds": "185"
            }
        },
        {
            "affiliation": "Pittsburgh/USA",
            "birth": {
                "country": "USA",
                "date": "2001-06-29"
            },
            "college": "Pittsburgh",
            "firstname": "Justin",
            "height": {
                "feets": "6",
                "inches": "6",
                "meters": "1.98"
            },
            "id": 2798,
            "lastname": "Champagnie",
            "leagues": {
                "standard": {
                    "active": true,
                    "jersey": 11,
                    "pos": "G-F"
                },
                "vegas": {
                    "active": true,
                    "jersey": 11,
                    "pos": "F"
                }
            },
            "nba": {
                "pro": 0,
                "start": 2021
            },
            "weight": {
                "kilograms": "93.4",
                "pounds": "206"
            }
        },
        {
            "affiliation": "Virginia/USA",
            "birth": {
                "country": "USA",
                "date": "1997-12-08"
            },
            "college": "Virginia",
            "firstname": "Sam",
            "height": {
                "feets": "6",
                "inches": "7",
                "meters": "2.01"
            },
            "id": 2812,
            "lastname": "Hauser",
            "leagues": {
                "standard": {
                    "active": true,
                    "jersey": 30,
                    "pos": "F"
                },
                "vegas": {
                    "active": true,
                    "jersey": 30,
                    "pos": "F"
                }
            },
            "nba": {
                "pro": 0,
                "start": 2021
            },
            "weight": {
                "kilograms": "98.4",
                "pounds": "217"
            }
        },
        {
            "affiliation": null,
            "birth": {
                "country": null,
                "date": null
            },
            "college": null,
            "firstname": "JD",
            "height": {
                "feets": null,
                "inches": null,
                "meters": null
            },
            "id": 3429,
            "lastname": "Davison",
            "leagues": {
                "standard": {
                    "active": true,
                    "jersey": 20,
                    "pos": "G"
                }
            },
            "nba": {
                "pro": 0,
                "start": 0
            },
            "weight": {
                "kilograms": null,
                "pounds": null
            }
        },
        {
            "affiliation": "Florida/Dominican Republic",
            "birth": {
                "country": "Dominican Republic",
                "date": "1986-06-03"
            },
            "college": "Florida",
            "firstname": "Al",
            "height": {
                "feets": "6",
                "inches": "9",
                "meters": "2.06"
            },
            "id": 248,
            "lastname": "Horford",
            "leagues": {
                "standard": {
                    "active": true,
                    "jersey": 42,
                    "pos": "C-F"
                }
            },
            "nba": {
                "pro": 14,
                "start": 2007
            },
            "weight": {
                "kilograms": "108.9",
                "pounds": "240"
            }
        },
        {
            "affiliation": "Olimpia Milano/Italy",
            "birth": {
                "country": "Italy",
                "date": "1988-08-08"
            },
            "college": "Olimpia Milano",
            "firstname": "Danilo",
            "height": {
                "feets": "6",
                "inches": "10",
                "meters": "2.08"
            },
            "id": 181,
            "lastname": "Gallinari",
            "leagues": {
                "africa": {
                    "active": true,
                    "jersey": 8,
                    "pos": "F"
                },
                "standard": {
                    "active": true,
                    "jersey": 8,
                    "pos": "F"
                }
            },
            "nba": {
                "pro": 12,
                "start": 2008
            },
            "weight": {
                "kilograms": "107.0",
                "pounds": "236"
            }
        },
        {
            "affiliation": "Oklahoma/USA",
            "birth": {
                "country": "USA",
                "date": "1989-03-16"
            },
            "college": "Oklahoma",
            "firstname": "Blake",
            "height": {
                "feets": "6",
                "inches": "9",
                "meters": "2.06"
            },
            "id": 208,
            "lastname": "Griffin",
            "leagues": {
                "standard": {
                    "active": true,
                    "jersey": 91,
                    "pos": "F"
                }
            },
            "nba": {
                "pro": 11,
                "start": 2010
            },
            "weight": {
                "kilograms": "113.4",
                "pounds": "250"
            }
        },
        {
            "affiliation": "Bucknell/USA",
            "birth": {
                "country": "USA",
                "date": "1991-07-01"
            },
            "college": "Bucknell",
            "firstname": "Mike",
            "height": {
                "feets": "6",
                "inches": "10",
                "meters": "2.08"
            },
            "id": 384,
            "lastname": "Muscala",
            "leagues": {
                "standard": {
                    "active": true,
                    "jersey": 33,
                    "pos": "F-C"
                }
            },
            "nba": {
                "pro": 8,
                "start": 2013
            },
            "weight": {
                "kilograms": "108.9",
                "pounds": "240"
            }
        },
        {
            "affiliation": "Oklahoma State/USA",
            "birth": {
                "country": "USA",
                "date": "1994-03-06"
            },
            "college": "Oklahoma State",
            "firstname": "Marcus",
            "height": {
                "feets": "6",
                "inches": "4",
                "meters": "1.93"
            },
            "id": 486,
            "lastname": "Smart",
            "leagues": {
                "standard": {
                    "active": true,
                    "jersey": 36,
                    "pos": "G"
                }
            },
            "nba": {
                "pro": 7,
                "start": 2014
            },
            "weight": {
                "kilograms": "99.8",
                "pounds": "220"
            }
        },
        {
            "affiliation": null,
            "birth": {
                "country": null,
                "date": null
            },
            "college": null,
            "firstname": "Noah",
            "height": {
                "feets": null,
                "inches": null,
                "meters": null
            },
            "id": 533,
            "lastname": "Vonleh",
            "leagues": {
                "standard": {
                    "active": true,
                    "jersey": 4,
                    "pos": "F"
                }
            },
            "nba": {
                "pro": 0,
                "start": 0
            },
            "weight": {
                "kilograms": null,
                "pounds": null
            }
        }
    ],
    "results": 22
}