{
    "errors": [],
    "get": "players/",
    "parameters": {
        "season": "2020",
        "team": "2"
    },
    "response": [
        {
            "affiliation": "California/USA",
            "birth": {
                "country": "USA",
                "date": "1996-10-24"
            },
            "college": "California",
            "firstname": "Jaylen",
            "height": {
                "feets": "6",
                "inches": "6",
                "meters": "1.98"
            },
            "id": 75,
            "lastname": "Brown",
            "leagues": {
                "standard": {
                    "active": true,
                    "jersey": 7,
                    "pos": "G-F"
                }
            },
            "nba": {
                "pro": 5,
                "start": 2016
            },
            "weight": {
                "kilograms": "101.2",
                "pounds": "223"
            }
        },
        {
            "affiliation": "Duke/USA",
            "birth": {
                "country": "USA",
                "date": "1998-03-03"
            },
            "college": "Duke",
            "firstname": "Jayson",
            "height": {
                "feets": "6",
                "inches": "8",
                "meters": "2.03"
            },
            "id": 882,
            "lastname": "Tatum",
            "leagues": {
                "standard": {
                    "active": true,
                    "jersey": null,
                    "pos": "F-G"
                }
            },
            "nba": {
                "pro": 4,
                "start": 2017
            },
            "weight": {
                "kilograms": "95.3",
                "pounds": "210"
            }
        },
        {
            "affiliation": "Southern Methodist/USA",
            "birth": {
                "country": "USA",
                "date": "1994-12-05"
            },
            "college": "Southern Methodist",
            "firstname": "Semi",
            "height": {
                "feets": null,
                "inches": null,
                "meters": null
            },
            "id": 852,
            "lastname": "Ojeleye",
            "leagues": {
                "standard": {
                    "active": false,
                    "jersey": 37,
                    "pos": null
                },
                "vegas": {
                    "active": true,
                    "jersey": 37,
                    "pos": "F"
                }
            },
            "nba": {
                "pro": 0,
                "start": 2017
            },
            "weight": {
                "kilograms": null,
                "pounds": null
            }
        },
        {
            "affiliation": "Vanderbilt/USA",
            "birth": {
                "country": "USA",
                "date": "1995-07-15"
            },
            "college": "Vanderbilt",
            "firstname": "Luke",
            "height": {
                "feets": "7",
                "inches": "2",
                "meters": "2.18"
            },
            "id": 819,
            "lastname": "Kornet",
            "leagues": {
                "standard": {
                    "active": true,
                    "jersey": 40,
                    "pos": "C-F"
                },
                "vegas": {
                    "active": true,
                    "jersey": 2,
                    "pos": "F-C"
                }
            },
            "nba": {
                "pro": 4,
                "start": 2017
            },
            "weight": {
                "kilograms": "113.4",
                "pounds": "250"
            }
        },
        {
            "affiliation": "Brose Bamberg/Germany",
            "birth": {
                "country": "Germany",
                "date": "1992-04-04"
            },
            "college": "Brose Bamberg",
            "firstname": "Daniel",
            "height": {
                "feets": "6",
                "inches": "9",
                "meters": "2.06"
            },
            "id": 886,
            "lastname": "Theis",
            "leagues": {
                "standard": {
                    "active": true,
                    "jersey": 27,
                    "pos": "F-C"
                }
            },
            "nba": {
                "pro": 4,
                "start": 2017
            },
            "weight": {
                "kilograms": "111.1",
                "pounds": "245"
            }
        },
        {
            "affiliation": null,
            "birth": {
                "country": null,
                "date": null
            },
            "college": null,
            "firstname": "Amile",
            "height": {
                "feets": null,
                "inches": null,
                "meters": null
            },
            "id": 807,
            "lastname": "Jefferson",
            "leagues": {
                "standard": {
                    "active": false,
                    "jersey": 20,
                    "pos": null
                },
                "vegas": {
                    "active": true,
                    "jersey": 55,
                    "pos": "C"
                }
            },
            "nba": {
                "pro": 0,
                "start": 0
            },
            "weight": {
                "kilograms": null,
                "pounds": null
            }
        },
        {
            "affiliation": "Michigan/Germany",
            "birth": {
                "country": "Germany",
                "date": "1997-04-26"
            },
            "college": "Michigan",
            "firstname": "Moritz",
            "height": {
                "feets": "6",
                "inches": "11",
                "meters": "2.11"
            },
            "id": 1037,
            "lastname": "Wagner",
            "leagues": {
                "sacramento": {
                    "active": true,
                    "jersey": 15,
                    "pos": "C"
                },
                "standard": {
                    "active": true,
                    "jersey": 21,
                    "pos": "F-C"
                },
                "vegas": {
                    "active": true,
                    "jersey": 20,
                    "pos": "C"
                }
            },
            "nba": {
                "pro": 3,
                "start": 2018
            },
            "weight": {
                "kilograms": "111.1",
                "pounds": "245"
            }
        },
        {
            "affiliation": "Purdue/USA",
            "birth": {
                "country": "USA",
                "date": "1998-03-12"
            },
            "college": "Purdue",
            "firstname": "Carsen",
            "height": {
                "feets": "5",
                "inches": "11",
                "meters": "1.8"
            },
            "id": 1857,
            "lastname": "Edwards",
            "leagues": {
                "standard": {
                    "active": true,
                    "jersey": 4,
                    "pos": "G"
                },
                "vegas": {
                    "active": true,
                    "jersey": 4,
                    "pos": "G"
                }
            },
            "nba": {
                "pro": 2,
                "start": 2019
            },
            "weight": {
                "kilograms": "90.7",
                "pounds": "200"
            }
        },
        {
            "affiliation": "Texas A&M/USA",
            "birth": {
                "country": "USA",
                "date": "1997-10-17"
            },
            "college": "Texas A&M",
            "firstname": "Robert",
            "height": {
                "feets": "6",
                "inches": "9",
                "meters": "2.06"
            },
            "id": 1045,
            "lastname": "Williams III",
            "leagues": {
                "standard": {
                    "active": true,
                    "jersey": 44,
                    "pos": "C-F"
                },
                "vegas": {
                    "active": true,
                    "jersey": 44,
                    "pos": "C"
                }
            },
            "nba": {
                "pro": 3,
                "start": 2018
            },
            "weight": {
                "kilograms": "107.5",
                "pounds": "237"
            }
        },
        {
            "affiliation": null,
            "birth": {
                "country": null,
                "date": null
            },
            "college": null,
            "firstname": "Tacko",
            "height": {
                "feets": null,
                "inches": null,
                "meters": null
            },
            "id": 2042,
            "lastname": "Fall",
            "leagues": {
                "standard": {
                    "active": false,
                    "jersey": 99,
                    "pos": null
                },
                "utah": {
                    "active": true,
                    "jersey": 99,
                    "pos": "C"
                },
                "vegas": {
                    "active": true,
                    "jersey": 99,
                    "pos": "C"
                }
            },
            "nba": {
                "pro": 0,
                "start": 0
            },
            "weight": {
                "kilograms": null,
                "pounds": null
            }
        },
        {
            "affiliation": "Indiana/USA",
            "birth": {
                "country": "USA",
                "date": "1999-10-25"
            },
            "college": "Indiana",
            "firstname": "Romeo",
            "height": {
                "feets": "6",
                "inches": "5",
                "meters": "1.96"
            },
            "id": 1874,
            "lastname": "Langford",
            "leagues": {
                "standard": {
                    "active": true,
                    "jersey": 35,
                    "pos": "G-F"
                },
                "vegas": {
                    "active": true,
                    "jersey": 9,
                    "pos": "G"
                }
            },
            "nba": {
                "pro": 2,
                "start": 2019
            },
            "weight": {
                "kilograms": "98.0",
                "pounds": "216"
            }
        },
        {
            "affiliation": "Louisiana State/USA",
            "birth": {
                "country": "USA",
                "date": "1998-01-10"
            },
            "college": "Louisiana State",
            "firstname": "Tremont",
            "height": {
                "feets": "5",
                "inches": "10",
                "meters": "1.78"
            },
            "id": 1898,
            "lastname": "Waters",
            "leagues": {
                "standard": {
                    "active": true,
                    "jersey": 51,
                    "pos": "G"
                },
                "utah": {
                    "active": true,
                    "jersey": 51,
                    "pos": "G"
                },
                "vegas": {
                    "active": true,
                    "jersey": 51,
                    "pos": "G"
                }
            },
            "nba": {
                "pro": 2,
                "start": 2019
            },
            "weight": {
                "kilograms": "79.4",
                "pounds": "175"
            }
        },
        {
            "affiliation": "Tennessee/USA",
            "birth": {
                "country": "USA",
                "date": "1998-11-30"
            },
            "college": "Tennessee",
            "firstname": "Grant",
            "height": {
                "feets": "6",
                "inches": "6",
                "meters": "1.98"
            },
            "id": 1901,
            "lastname": "Williams",
            "leagues": {
                "standard": {
                    "active": true,
                    "jersey": 12,
                    "pos": "F"
                },
                "vegas": {
                    "active": true,
                    "jersey": 40,
                    "pos": "F"
                }
            },
            "nba": {
                "pro": 2,
                "start": 2019
            },
            "weight": {
                "kilograms": "107.0",
                "pounds": "236"
            }
        },
        {
            "affiliation": "Radford/USA",
            "birth": {
                "country": "USA",
                "date": "1993-07-23"
            },
            "college": "Radford",
            "firstname": "Javonte",
            "height": {
                "feets": "6",
                "inches": "5",
                "meters": "1.96"
            },
            "id": 2404,
            "lastname": "Green",
            "leagues": {
                "standard": {
                    "active": true,
                    "jersey": 24,
                    "pos": "G-F"
                }
            },
            "nba": {
                "pro": 2,
                "start": 2019
            },
            "weight": {
                "kilograms": "93.0",
                "pounds": "205"
            }
        },
        {
            "affiliation": "Vanderbilt/USA",
            "birth": {
                "country": "USA",
                "date": "1999-10-16"
            },
            "college": "Vanderbilt",
            "firstname": "Aaron",
            "height": {
                "feets": "6",
                "inches": "5",
                "meters": "1.96"
            },
            "id": 2626,
            "lastname": "Nesmith",
            "leagues": {
                "standard": {
                    "active": true,
                    "jersey": 23,
                    "pos": "G-F"
                },
                "vegas": {
                    "active": true,
                    "jersey": 23,
                    "pos": "G"
                }
            },
            "nba": {
                "pro": 1,
                "start": 2020
            },
            "weight": {
                "kilograms": "97.5",
                "pounds": "215"
            }
        },
        {
            "affiliation": "Oregon/USA",
            "birth": {
                "country": "USA",
                "date": "1998-01-28"
            },
            "college": "Oregon",
            "firstname": "Payton",
            "height": {
                "feets": "6",
                "inches": "1",
                "meters": "1.85"
            },
            "id": 2635,
            "lastname": "Pritchard",
            "leagues": {
                "standard": {
                    "active": true,
                    "jersey": 11,
                    "pos": "G"
                },
                "vegas": {
                    "active": true,
                    "jersey": 11,
                    "pos": "G"
                }
            },
            "nba": {
                "pro": 1,
                "start": 2020
            },
            "weight": {
                "kilograms": "88.5",
                "pounds": "195"
            }
        },
        {
            "affiliation": "Wake Forest/USA",
            "birth": {
                "country": "USA",
                "date": "1988-06-10"
            },
            "college": "Wake Forest",
            "firstname": "Jeff",
            "height": {
                "feets": "6",
                "inches": "3",
                "meters": "1.9"
            },
            "id": 505,
            "lastname": "Teague",
            "leagues": {
                "standard": {
                    "active": true,
                    "jersey": 5,
                    "pos": "G"
                }
            },
            "nba": {
                "pro": 12,
                "start": 2009
            },
            "weight": {
                "kilograms": "88.5",
                "pounds": "195"
            }
        },
        {
            "affiliation": "Texas-Austin/Canada",
            "birth": {
                "country": "Canada",
                "date": "1991-03-13"
            },
            "college": "Texas-Austin",
            "firstname": "Tristan",
            "height": {
                "feets": "6",
                "inches": "9",
                "meters": "2.06"
            },
            "id": 515,
            "lastname": "Thompson",
            "leagues": {
                "standard": {
                    "active": true,
                    "jersey": 3,
                    "pos": "C-F"
                }
            },
            "nba": {
                "pro": 10,
                "start": 2011
            },
            "weight": {
                "kilograms": "115.2",
                "pounds": "254"
            }
        },
        {
            "affiliation": "Connecticut/USA",
            "birth": {
                "country": "USA",
                "date": "1990-05-08"
            },
            "college": "Connecticut",
            "firstname": "Kemba",
            "height": {
                "feets": "6",
                "inches": "0",
                "meters": "1.83"
            },
            "id": 538,
            "lastname": "Walker",
            "leagues": {
                "standard": {
                    "active": true,
                    "jersey": 8,
                    "pos": "G"
                }
            },
            "nba": {
                "pro": 10,
                "start": 2011
            },
            "weight": {
                "kilograms": "83.5",
                "pounds": "184"
            }
        },
        {
            "affiliation": "Poitiers Basket 86/France",
            "birth": {
                "country": "France",
                "date": "1992-10-29"
            },
            "college": "Poitiers Basket 86",
            "firstname": "Evan",
            "height": {
                "feets": "6",
                "inches": "6",
                "meters": "1.98"
            },
            "id": 177,
            "lastname": "Fournier",
            "leagues": {
                "africa": {
                    "active": true,
                    "jersey": 10,
                    "pos": "G-F"
                },
                "standard": {
                    "active": true,
                    "jersey": 13,
                    "pos": "G-F"
                }
            },
            "nba": {
                "pro": 9,
                "start": 2012
            },
            "weight": {
                "kilograms": "93.0",
                "pounds": "205"
            }
        },
        {
            "affiliation": "Oklahoma State/USA",
            "birth": {
                "country": "USA",
                "date": "1994-03-06"
            },
            "college": "Oklahoma State",
            "firstname": "Marcus",
            "height": {
                "feets": "6",
                "inches": "4",
                "meters": "1.93"
            },
            "id": 486,
            "lastname": "Smart",
            "leagues": {
                "standard": {
                    "active": true,
                    "jersey": 36,
                    "pos": "G"
                }
            },
            "nba": {
                "pro": 7,
                "start": 2014
            },
            "weight": {
                "kilograms": "99.8",
                "pounds": "220"
            }
        },
        {
            "affiliation": "Duke/USA",
            "birth": {
                "country": "USA",
                "date": "1995-03-15"
            },
            "college": "Duke",
            "firstname": "Jabari",
            "height": {
                "feets": null,
                "inches": null,
                "meters": null
            },
            "id": 410,
            "lastname": "Parker",
            "leagues": {
                "standard": {
                    "active": false,
                    "jersey": 20,
                    "pos": null
                }
            },
            "nba": {
                "pro": 0,
                "start": 2014
            },
            "weight": {
                "kilograms": null,
                "pounds": null
            }
        }
    ],
    "results": 22
}