{
    "errors": [],
    "get": "players/",
    "parameters": {
        "season": "2023",
        "team": "2"
    },
    "response": [
        {
            "affiliation": "California/USA",
            "birth": {
                "country": "USA",
                "date": "1996-10-24"
            },
            "college": "California",
            "firstname": "Jaylen",
            "height": {
                "feets": "6",
                "inches": "6",
                "meters": "1.98"
            },
            "id": 75,
            "lastname": "Brown",
            "leagues": {
                "standard": {
                    "active": true,
                    "jersey": 7,
                    "pos": "G-F"
                }
            },
            "nba": {
                "pro": 5,
                "start": 2016
            },
            "weight": {
                "kilograms": "101.2",
                "pounds": "223"
            }
        },
        {
            "affiliation": "Duke/USA",
            "birth": {
                "country": "USA",
                "date": "1998-03-03"
            },
            "college": "Duke",
            "firstname": "Jayson",
            "height": {
                "feets": "6",
                "inches": "8",
                "meters": "2.03"
            },
            "id": 882,
            "lastname": "Tatum",
            "leagues": {
                "standard": {
                    "active": true,
                    "jersey": null,
                    "pos": "F-G"
                }
            },
            "nba": {
                "pro": 4,
                "start": 2017
            },
            "weight": {
                "kilograms": "95.3",
                "pounds": "210"
            }
        },
        {
            "affiliation": "Colorado/USA",
            "birth": {
                "country": "USA",
                "date": "1994-07-02"
            },
            "college": "Colorado",
            "firstname": "Derrick",
            "height": {
                "feets": "6",
                "inches": "4",
                "meters": "1.93"
            },
            "id": 897,
            "lastname": "White",
            "leagues": {
                "standard": {
                    "active": true,
                    "jersey": 9,
                    "pos": "G"
                },
                "utah": {
                    "active": true,
                    "jersey": 4,
                    "pos": "G"
                },
                "vegas": {
                    "active": true,
                    "jersey": 4,
                    "pos": "G"
                }
            },
            "nba": {
                "pro": 4,
                "start": 2017
            },
            "weight": {
                "kilograms": "86.2",
                "pounds": "190"
            }
        },
        {
            "affiliation": "Vanderbilt/USA",
            "birth": {
                "country": "USA",
                "date": "1995-07-15"
            },
            "college": "Vanderbilt",
            "firstname": "Luke",
            "height": {
                "feets": "7",
                "inches": "2",
                "meters": "2.18"
            },
            "id": 819,
            "lastname": "Kornet",
            "leagues": {
                "standard": {
                    "active": true,
                    "jersey": 40,
                    "pos": "C-F"
                },
                "vegas": {
                    "active": true,
                    "jersey": 2,
                    "pos": "F-C"
                }
            },
            "nba": {
                "pro": 4,
                "start": 2017
            },
            "weight": {
                "kilograms": "113.4",
                "pounds": "250"
            }
        },
        {
            "affiliation": "Kansas/Ukraine",
            "birth": {
                "country": "Ukraine",
                "date": "1997-06-10"
            },
            "college": "Kansas",
            "firstname": "Svi",
            "height": {
                "feets": "6",
                "inches": "7",
                "meters": "2.01"
            },
            "id": 1006,
            "lastname": "Mykhailiuk",
            "leagues": {
                "sacramento": {
                    "active": true,
                    "jersey": 10,
                    "pos": "F"
                },
                "standard": {
                    "active": true,
                    "jersey": 17,
                    "pos": "G-F"
                },
                "vegas": {
                    "active": true,
                    "jersey": 19,
                    "pos": "G"
                }
            },
            "nba": {
                "pro": 3,
                "start": 2018
            },
            "weight": {
                "kilograms": "93.0",
                "pounds": "205"
            }
        },
        {
            "affiliation": "Syracuse/Canada",
            "birth": {
                "country": "Canada",
                "date": "1998-06-20"
            },
            "college": "Syracuse",
            "firstname": "Oshae",
            "height": {
                "feets": "6",
                "inches": "7",
                "meters": "2.01"
            },
            "id": 2110,
            "lastname": "Brissett",
            "leagues": {
                "standard": {
                    "active": true,
                    "jersey": 12,
                    "pos": "F-G"
                },
                "vegas": {
                    "active": true,
                    "jersey": 12,
                    "pos": "F"
                }
            },
            "nba": {
                "pro": 2,
                "start": 2019
            },
            "weight": {
                "kilograms": "95.3",
                "pounds": "210"
            }
        },
        {
            "affiliation": "Kentucky/South Sudan",
            "birth": {
                "country": "South Sudan",
                "date": "1997-03-26"
            },
            "college": "Kentucky",
            "firstname": "Wenyen",
            "height": {
                "feets": "6",
                "inches": "9",
                "meters": "2.06"
            },
            "id": 970,
            "lastname": "Gabriel",
            "leagues": {
                "sacramento": {
                    "active": true,
                    "jersey": 32,
                    "pos": "F"
                },
                "standard": {
                    "active": true,
                    "jersey": 35,
                    "pos": "F"
                },
                "vegas": {
                    "active": true,
                    "jersey": 32,
                    "pos": "F"
                }
            },
            "nba": {
                "pro": 2,
                "start": 2019
            },
            "weight": {
                "kilograms": "93.0",
                "pounds": "205"
            }
        },
        {
            "affiliation": "Utah State/Portugal",
            "birth": {
                "country": "Portugal",
                "date": "1999-07-13"
            },
            "college": "Utah State",
            "firstname": "Neemias",
            "height": {
                "feets": "7",
                "inches": "0",
                "meters": "2.13"
            },
            "id": 2844,
            "lastname": "Queta",
            "leagues": {
                "sacramento": {
                    "active": true,
                    "jersey": 88,
                    "pos": "C"
                },
                "standard": {
                    "active": true,
                    "jersey": 88,
                    "pos": "C"
                },
                "vegas": {
                    "active": true,
                    "jersey": 88,
                    "pos": "C"
                }
            },
            "nba": {
                "pro": 0,
                "start": 2021
            },
            "weight": {
                "kilograms": "112.5",
                "pounds": "248"
            }
        },
        {
            "affiliation": "Oregon/USA",
            "birth": {
                "country": "USA",
                "date": "1998-01-28"
            },
            "college": "Oregon",
            "firstname": "Payton",
            "height": {
                "feets": "6",
                "inches": "1",
                "meters": "1.85"
            },
            "id": 2635,
            "lastname": "Pritchard",
            "leagues": {
                "standard": {
                    "active": true,
                    "jersey": 11,
                    "pos": "G"
                },
                "vegas": {
                    "active": true,
                    "jersey": 11,
                    "pos": "G"
                }
            },
            "nba": {
                "pro": 1,
                "start": 2020
            },
            "weight": {
                "kilograms": "88.5",
                "pounds": "195"
            }
        },
        {
            "affiliation": "Penn State/USA",
            "birth": {
                "country": "USA",
                "date": "1997-07-09"
            },
            "college": "Penn State",
            "firstname": "Lamar",
            "height": {
                "feets": "6",
                "inches": "6",
                "meters": "1.98"
            },
            "id": 2647,
            "lastname": "Stevens",
            "leagues": {
                "standard": {
                    "active": true,
                    "jersey": 8,
                    "pos": "F"
                },
                "vegas": {
                    "active": true,
                    "jersey": 8,
                    "pos": "F"
                }
            },
            "nba": {
                "pro": 1,
                "start": 2020
            },
            "weight": {
                "kilograms": "104.3",
                "pounds": "230"
            }
        },
        {
            "affiliation": "Michigan State/USA",
            "birth": {
                "country": "USA",
                "date": "1999-01-12"
            },
            "college": "Michigan State",
            "firstname": "Xavier",
            "height": {
                "feets": "6",
                "inches": "8",
                "meters": "2.03"
            },
            "id": 2656,
            "lastname": "Tillman",
            "leagues": {
                "standard": {
                    "active": true,
                    "jersey": 2,
                    "pos": "F"
                },
                "utah": {
                    "active": true,
                    "jersey": 2,
                    "pos": "F-C"
                },
                "vegas": {
                    "active": true,
                    "jersey": 2,
                    "pos": "F-C"
                }
            },
            "nba": {
                "pro": 1,
                "start": 2020
            },
            "weight": {
                "kilograms": "111.1",
                "pounds": "245"
            }
        },
        {
            "affiliation": "Tennessee/USA",
            "birth": {
                "country": "USA",
                "date": "2002-09-25"
            },
            "college": "Tennessee",
            "firstname": "Jaden",
            "height": {
                "feets": "6",
                "inches": "4",
                "meters": "1.93"
            },
            "id": 2851,
            "lastname": "Springer",
            "leagues": {
                "standard": {
                    "active": true,
                    "jersey": 11,
                    "pos": "G"
                },
                "utah": {
                    "active": true,
                    "jersey": 11,
                    "pos": "G"
                },
                "vegas": {
                    "active": true,
                    "jersey": 11,
                    "pos": "G"
                }
            },
            "nba": {
                "pro": 0,
                "start": 2021
            },
            "weight": {
                "kilograms": "91.6",
                "pounds": "202"
            }
        },
        {
            "affiliation": "Duke/USA",
            "birth": {
                "country": "USA",
                "date": "2001-10-02"
            },
            "college": "Duke",
            "firstname": "DJ",
            "height": {
                "feets": "6",
                "inches": "2",
                "meters": "1.88"
            },
            "id": 2921,
            "lastname": "Steward",
            "leagues": {
                "sacramento": {
                    "active": true,
                    "jersey": 18,
                    "pos": "G"
                },
                "standard": {
                    "active": true,
                    "jersey": null,
                    "pos": "G"
                },
                "vegas": {
                    "active": true,
                    "jersey": 18,
                    "pos": "G"
                }
            },
            "nba": {
                "pro": 0,
                "start": 0
            },
            "weight": {
                "kilograms": "73.9",
                "pounds": "163"
            }
        },
        {
            "affiliation": "Virginia/USA",
            "birth": {
                "country": "USA",
                "date": "1997-12-08"
            },
            "college": "Virginia",
            "firstname": "Sam",
            "height": {
                "feets": "6",
                "inches": "7",
                "meters": "2.01"
            },
            "id": 2812,
            "lastname": "Hauser",
            "leagues": {
                "standard": {
                    "active": true,
                    "jersey": 30,
                    "pos": "F"
                },
                "vegas": {
                    "active": true,
                    "jersey": 30,
                    "pos": "F"
                }
            },
            "nba": {
                "pro": 0,
                "start": 2021
            },
            "weight": {
                "kilograms": "98.4",
                "pounds": "217"
            }
        },
        {
            "affiliation": "Nebraska/Canada",
            "birth": {
                "country": "Canada",
                "date": "1999-11-07"
            },
            "college": "Nebraska",
            "firstname": "Dalano",
            "height": {
                "feets": "6",
                "inches": "7",
                "meters": "2.01"
            },
            "id": 2788,
            "lastname": "Banton",
            "leagues": {
                "standard": {
                    "active": true,
                    "jersey": 45,
                    "pos": "F"
                },
                "vegas": {
                    "active": true,
                    "jersey": 45,
                    "pos": "G"
                }
            },
            "nba": {
                "pro": 0,
                "start": 2021
            },
            "weight": {
                "kilograms": "92.5",
                "pounds": "204"
            }
        },
        {
            "affiliation": null,
            "birth": {
                "country": null,
                "date": null
            },
            "college": null,
            "firstname": "JD",
            "height": {
                "feets": null,
                "inches": null,
                "meters": null
            },
            "id": 3429,
            "lastname": "Davison",
            "leagues": {
                "standard": {
                    "active": true,
                    "jersey": 20,
                    "pos": "G"
                }
            },
            "nba": {
                "pro": 0,
                "start": 0
            },
            "weight": {
                "kilograms": null,
                "pounds": null
            }
        },
        {
            "affiliation": null,
            "birth": {
                "country": null,
                "date": null
            },
            "college": "Arkansas",
            "firstname": "Jordan",
            "height": {
                "feets": "6",
                "inches": null,
                "meters": null
            },
            "id": 3943,
            "lastname": "Walsh",
            "leagues": {
                "standard": {
                    "active": true,
                    "jersey": 27,
                    "pos": "G"
                }
            },
            "nba": {
                "pro": 0,
                "start": 0
            },
            "weight": {
                "kilograms": null,
                "pounds": "205"
            }
        },
        {
            "affiliation": null,
            "birth": {
                "country": null,
                "date": null
            },
            "college": "USC",
            "firstname": "Drew",
            "height": {
                "feets": "6",
                "inches": null,
                "meters": null
            },
            "id": 3995,
            "lastname": "Peterson",
            "leagues": {
                "standard": {
                    "active": true,
                    "jersey": 17,
                    "pos": "F"
                }
            },
            "nba": {
                "pro": 0,
                "start": 0
            },
            "weight": {
                "kilograms": null,
                "pounds": "205"
            }
        },
        {
            "affiliation": "Florida/Dominican Republic",
            "birth": {
                "country": "Dominican Republic",
                "date": "1986-06-03"
            },
            "college": "Florida",
            "firstname": "Al",
            "height": {
                "feets": "6",
                "inches": "9",
                "meters": "2.06"
            },
            "id": 248,
            "lastname": "Horford",
            "leagues": {
                "standard": {
                    "active": true,
                    "jersey": 42,
                    "pos": "C-F"
                }
            },
            "nba": {
                "pro": 14,
                "start": 2007
            },
            "weight": {
                "kilograms": "108.9",
                "pounds": "240"
            }
        },
        {
            "affiliation": "UCLA/USA",
            "birth": {
                "country": "USA",
                "date": "1990-06-12"
            },
            "college": "UCLA",
            "firstname": "Jrue",
            "height": {
                "feets": "6",
                "inches": "3",
                "meters": "1.9"
            },
            "id": 242,
            "lastname": "Holiday",
            "leagues": {
                "standard": {
                    "active": true,
                    "jersey": 21,
                    "pos": "G"
                }
            },
            "nba": {
                "pro": 12,
                "start": 2009
            },
            "weight": {
                "kilograms": "93.0",
                "pounds": "205"
            }
        },
        {
            "affiliation": "Cajasol Sevilla/Latvia",
            "birth": {
                "country": "Latvia",
                "date": "1995-08-02"
            },
            "college": "Cajasol Sevilla",
            "firstname": "Kristaps",
            "height": {
                "feets": "7",
                "inches": "3",
                "meters": "2.21"
            },
            "id": 432,
            "lastname": "Porzingis",
            "leagues": {
                "standard": {
                    "active": true,
                    "jersey": 6,
                    "pos": "F-C"
                }
            },
            "nba": {
                "pro": 5,
                "start": 2015
            },
            "weight": {
                "kilograms": "108.9",
                "pounds": "240"
            }
        }
    ],
    "results": 21
}