{
    "errors": [],
    "get": "players/",
    "parameters": {
        "season": "2017",
        "team": "2"
    },
    "response": [
        {
            "affiliation": "Louisville/USA",
            "birth": {
                "country": "USA",
                "date": "1994-03-17"
            },
            "college": "Louisville",
            "firstname": "Terry",
            "height": {
                "feets": "6",
                "inches": "1",
                "meters": "1.85"
            },
            "id": 458,
            "lastname": "Rozier",
            "leagues": {
                "standard": {
                    "active": true,
                    "jersey": 3,
                    "pos": "G"
                }
            },
            "nba": {
                "pro": 6,
                "start": 2015
            },
            "weight": {
                "kilograms": "86.2",
                "pounds": "190"
            }
        },
        {
            "affiliation": null,
            "birth": {
                "country": null,
                "date": null
            },
            "college": null,
            "firstname": "Jonathan",
            "height": {
                "feets": null,
                "inches": null,
                "meters": null
            },
            "id": 579,
            "lastname": "Holmes",
            "leagues": {
                "standard": {
                    "active": false,
                    "jersey": 33,
                    "pos": null
                },
                "vegas": {
                    "active": true,
                    "jersey": 7,
                    "pos": "F"
                }
            },
            "nba": {
                "pro": 0,
                "start": 0
            },
            "weight": {
                "kilograms": null,
                "pounds": null
            }
        },
        {
            "affiliation": "New Mexico State/USA",
            "birth": {
                "country": "USA",
                "date": "1987-11-08"
            },
            "college": "New Mexico State",
            "firstname": "Jonathan",
            "height": {
                "feets": "6",
                "inches": "2",
                "meters": "1.88"
            },
            "id": 586,
            "lastname": "Gibson",
            "leagues": {
                "standard": {
                    "active": true,
                    "jersey": 3,
                    "pos": "G"
                }
            },
            "nba": {
                "pro": 3,
                "start": 2016
            },
            "weight": {
                "kilograms": "83.9",
                "pounds": "185"
            }
        },
        {
            "affiliation": null,
            "birth": {
                "country": null,
                "date": null
            },
            "college": null,
            "firstname": "Demetrius",
            "height": {
                "feets": null,
                "inches": null,
                "meters": null
            },
            "id": 263,
            "lastname": "Jackson",
            "leagues": {
                "standard": {
                    "active": false,
                    "jersey": 20,
                    "pos": null
                },
                "vegas": {
                    "active": true,
                    "jersey": 50,
                    "pos": "G"
                }
            },
            "nba": {
                "pro": 0,
                "start": 0
            },
            "weight": {
                "kilograms": null,
                "pounds": null
            }
        },
        {
            "affiliation": "California/USA",
            "birth": {
                "country": "USA",
                "date": "1996-10-24"
            },
            "college": "California",
            "firstname": "Jaylen",
            "height": {
                "feets": "6",
                "inches": "6",
                "meters": "1.98"
            },
            "id": 75,
            "lastname": "Brown",
            "leagues": {
                "standard": {
                    "active": true,
                    "jersey": 7,
                    "pos": "G-F"
                }
            },
            "nba": {
                "pro": 5,
                "start": 2016
            },
            "weight": {
                "kilograms": "101.2",
                "pounds": "223"
            }
        },
        {
            "affiliation": "France/France",
            "birth": {
                "country": "France",
                "date": "1995-12-17"
            },
            "college": " ",
            "firstname": "Guerschon",
            "height": {
                "feets": "6",
                "inches": "8",
                "meters": "2.03"
            },
            "id": 904,
            "lastname": "Yabusele",
            "leagues": {
                "standard": {
                    "active": true,
                    "jersey": 30,
                    "pos": "F"
                },
                "vegas": {
                    "active": true,
                    "jersey": 30,
                    "pos": "F"
                }
            },
            "nba": {
                "pro": 2,
                "start": 2017
            },
            "weight": {
                "kilograms": "117.9",
                "pounds": "260"
            }
        },
        {
            "affiliation": "Iowa State/Egypt",
            "birth": {
                "country": "Egypt",
                "date": "1993-09-25"
            },
            "college": "Iowa State",
            "firstname": "Abdel",
            "height": {
                "feets": null,
                "inches": null,
                "meters": null
            },
            "id": 847,
            "lastname": "Nader",
            "leagues": {
                "standard": {
                    "active": false,
                    "jersey": 11,
                    "pos": null
                }
            },
            "nba": {
                "pro": 0,
                "start": 2017
            },
            "weight": {
                "kilograms": null,
                "pounds": null
            }
        },
        {
            "affiliation": null,
            "birth": {
                "country": null,
                "date": null
            },
            "college": null,
            "firstname": "Scott",
            "height": {
                "feets": null,
                "inches": null,
                "meters": null
            },
            "id": 633,
            "lastname": "Wood",
            "leagues": {
                "standard": {
                    "active": false,
                    "jersey": 10,
                    "pos": null
                }
            },
            "nba": {
                "pro": 0,
                "start": 0
            },
            "weight": {
                "kilograms": null,
                "pounds": null
            }
        },
        {
            "affiliation": "West Virginia/USA",
            "birth": {
                "country": "USA",
                "date": "1994-05-31"
            },
            "college": "West Virginia",
            "firstname": "Devin",
            "height": {
                "feets": "6",
                "inches": "9",
                "meters": "2.06"
            },
            "id": 1235,
            "lastname": "Williams",
            "leagues": {
                "sacramento": {
                    "active": true,
                    "jersey": 42,
                    "pos": "F"
                },
                "vegas": {
                    "active": true,
                    "jersey": 42,
                    "pos": "F"
                }
            },
            "nba": {
                "pro": 0,
                "start": 0
            },
            "weight": {
                "kilograms": "115.7",
                "pounds": "255"
            }
        },
        {
            "affiliation": "Duke/USA",
            "birth": {
                "country": "USA",
                "date": "1998-03-03"
            },
            "college": "Duke",
            "firstname": "Jayson",
            "height": {
                "feets": "6",
                "inches": "8",
                "meters": "2.03"
            },
            "id": 882,
            "lastname": "Tatum",
            "leagues": {
                "standard": {
                    "active": true,
                    "jersey": null,
                    "pos": "F-G"
                }
            },
            "nba": {
                "pro": 4,
                "start": 2017
            },
            "weight": {
                "kilograms": "95.3",
                "pounds": "210"
            }
        },
        {
            "affiliation": "Southern Methodist/USA",
            "birth": {
                "country": "USA",
                "date": "1994-12-05"
            },
            "college": "Southern Methodist",
            "firstname": "Semi",
            "height": {
                "feets": null,
                "inches": null,
                "meters": null
            },
            "id": 852,
            "lastname": "Ojeleye",
            "leagues": {
                "standard": {
                    "active": false,
                    "jersey": 37,
                    "pos": null
                },
                "vegas": {
                    "active": true,
                    "jersey": 37,
                    "pos": "F"
                }
            },
            "nba": {
                "pro": 0,
                "start": 2017
            },
            "weight": {
                "kilograms": null,
                "pounds": null
            }
        },
        {
            "affiliation": null,
            "birth": {
                "country": null,
                "date": null
            },
            "college": null,
            "firstname": "Kadeem",
            "height": {
                "feets": null,
                "inches": null,
                "meters": null
            },
            "id": 728,
            "lastname": "Allen",
            "leagues": {
                "standard": {
                    "active": false,
                    "jersey": null,
                    "pos": null
                },
                "vegas": {
                    "active": true,
                    "jersey": null,
                    "pos": "G"
                }
            },
            "nba": {
                "pro": 0,
                "start": 0
            },
            "weight": {
                "kilograms": null,
                "pounds": null
            }
        },
        {
            "affiliation": "California/USA",
            "birth": {
                "country": "USA",
                "date": "1994-07-03"
            },
            "college": "California",
            "firstname": "Jabari",
            "height": {
                "feets": "6",
                "inches": "6",
                "meters": "1.98"
            },
            "id": 740,
            "lastname": "Bird",
            "leagues": {
                "standard": {
                    "active": true,
                    "jersey": null,
                    "pos": "G"
                },
                "vegas": {
                    "active": true,
                    "jersey": 26,
                    "pos": "G"
                }
            },
            "nba": {
                "pro": 1,
                "start": 2017
            },
            "weight": {
                "kilograms": "89.8",
                "pounds": "198"
            }
        },
        {
            "affiliation": "Brose Bamberg/Germany",
            "birth": {
                "country": "Germany",
                "date": "1992-04-04"
            },
            "college": "Brose Bamberg",
            "firstname": "Daniel",
            "height": {
                "feets": "6",
                "inches": "9",
                "meters": "2.06"
            },
            "id": 886,
            "lastname": "Theis",
            "leagues": {
                "standard": {
                    "active": true,
                    "jersey": 27,
                    "pos": "F-C"
                }
            },
            "nba": {
                "pro": 4,
                "start": 2017
            },
            "weight": {
                "kilograms": "111.1",
                "pounds": "245"
            }
        },
        {
            "affiliation": null,
            "birth": {
                "country": null,
                "date": null
            },
            "college": null,
            "firstname": "Andrew",
            "height": {
                "feets": null,
                "inches": null,
                "meters": null
            },
            "id": 898,
            "lastname": "White III",
            "leagues": {
                "standard": {
                    "active": true,
                    "jersey": 4,
                    "pos": "F"
                },
                "vegas": {
                    "active": true,
                    "jersey": 25,
                    "pos": "F"
                }
            },
            "nba": {
                "pro": 0,
                "start": 0
            },
            "weight": {
                "kilograms": null,
                "pounds": null
            }
        },
        {
            "affiliation": "William & Mary / USA",
            "birth": {
                "country": "USA",
                "date": "1994-02-13"
            },
            "college": "William & Mary",
            "firstname": "Daniel",
            "height": {
                "feets": "6",
                "inches": "6",
                "meters": "1.98"
            },
            "id": 1359,
            "lastname": "Dixon",
            "leagues": {
                "vegas": {
                    "active": true,
                    "jersey": 38,
                    "pos": "G"
                }
            },
            "nba": {
                "pro": 0,
                "start": 0
            },
            "weight": {
                "kilograms": "95.3",
                "pounds": "210"
            }
        },
        {
            "affiliation": "Florida/Dominican Republic",
            "birth": {
                "country": "Dominican Republic",
                "date": "1986-06-03"
            },
            "college": "Florida",
            "firstname": "Al",
            "height": {
                "feets": "6",
                "inches": "9",
                "meters": "2.06"
            },
            "id": 248,
            "lastname": "Horford",
            "leagues": {
                "standard": {
                    "active": true,
                    "jersey": 42,
                    "pos": "C-F"
                }
            },
            "nba": {
                "pro": 14,
                "start": 2007
            },
            "weight": {
                "kilograms": "108.9",
                "pounds": "240"
            }
        },
        {
            "affiliation": "Georgetown/USA",
            "birth": {
                "country": "USA",
                "date": "1990-06-04"
            },
            "college": "Georgetown",
            "firstname": "Greg",
            "height": {
                "feets": "6",
                "inches": "10",
                "meters": "2.08"
            },
            "id": 369,
            "lastname": "Monroe",
            "leagues": {
                "standard": {
                    "active": true,
                    "jersey": 55,
                    "pos": "F-C"
                }
            },
            "nba": {
                "pro": 9,
                "start": 2010
            },
            "weight": {
                "kilograms": "113.4",
                "pounds": "250"
            }
        },
        {
            "affiliation": "Butler/USA",
            "birth": {
                "country": "USA",
                "date": "1990-03-23"
            },
            "college": "Butler",
            "firstname": "Gordon",
            "height": {
                "feets": "6",
                "inches": "7",
                "meters": "2.01"
            },
            "id": 227,
            "lastname": "Hayward",
            "leagues": {
                "standard": {
                    "active": true,
                    "jersey": 20,
                    "pos": "F"
                }
            },
            "nba": {
                "pro": 11,
                "start": 2010
            },
            "weight": {
                "kilograms": "102.1",
                "pounds": "225"
            }
        },
        {
            "affiliation": "Duke/Australia",
            "birth": {
                "country": "Australia",
                "date": "1992-03-23"
            },
            "college": "Duke",
            "firstname": "Kyrie",
            "height": {
                "feets": "6",
                "inches": "2",
                "meters": "1.88"
            },
            "id": 261,
            "lastname": "Irving",
            "leagues": {
                "standard": {
                    "active": true,
                    "jersey": 11,
                    "pos": "G"
                }
            },
            "nba": {
                "pro": 10,
                "start": 2011
            },
            "weight": {
                "kilograms": "88.5",
                "pounds": "195"
            }
        },
        {
            "affiliation": "Kansas/USA",
            "birth": {
                "country": "USA",
                "date": "1989-09-02"
            },
            "college": "Kansas",
            "firstname": "Marcus",
            "height": {
                "feets": "6",
                "inches": "8",
                "meters": "2.03"
            },
            "id": 373,
            "lastname": "Morris Sr.",
            "leagues": {
                "standard": {
                    "active": true,
                    "jersey": 8,
                    "pos": "F"
                }
            },
            "nba": {
                "pro": 10,
                "start": 2011
            },
            "weight": {
                "kilograms": "98.9",
                "pounds": "218"
            }
        },
        {
            "affiliation": null,
            "birth": {
                "country": null,
                "date": null
            },
            "college": null,
            "firstname": "Xavier",
            "height": {
                "feets": null,
                "inches": null,
                "meters": null
            },
            "id": 872,
            "lastname": "Silas",
            "leagues": {
                "standard": {
                    "active": false,
                    "jersey": 13,
                    "pos": null
                }
            },
            "nba": {
                "pro": 0,
                "start": 0
            },
            "weight": {
                "kilograms": null,
                "pounds": null
            }
        },
        {
            "affiliation": "Washington State/Australia",
            "birth": {
                "country": "Australia",
                "date": "1986-12-09"
            },
            "college": "Washington State",
            "firstname": "Aron",
            "height": {
                "feets": "6",
                "inches": "10",
                "meters": "2.08"
            },
            "id": 42,
            "lastname": "Baynes",
            "leagues": {
                "standard": {
                    "active": true,
                    "jersey": 46,
                    "pos": "C-F"
                }
            },
            "nba": {
                "pro": 8,
                "start": 2012
            },
            "weight": {
                "kilograms": "117.9",
                "pounds": "260"
            }
        },
        {
            "affiliation": "Miami (Fla.)/USA",
            "birth": {
                "country": "USA",
                "date": "1992-10-02"
            },
            "college": "Miami (FL)",
            "firstname": "Shane",
            "height": {
                "feets": "5",
                "inches": "11",
                "meters": "1.8"
            },
            "id": 306,
            "lastname": "Larkin",
            "leagues": {
                "standard": {
                    "active": true,
                    "jersey": 8,
                    "pos": "G"
                }
            },
            "nba": {
                "pro": 4,
                "start": 2013
            },
            "weight": {
                "kilograms": "79.4",
                "pounds": "175"
            }
        },
        {
            "affiliation": "Oklahoma State/USA",
            "birth": {
                "country": "USA",
                "date": "1994-03-06"
            },
            "college": "Oklahoma State",
            "firstname": "Marcus",
            "height": {
                "feets": "6",
                "inches": "4",
                "meters": "1.93"
            },
            "id": 486,
            "lastname": "Smart",
            "leagues": {
                "standard": {
                    "active": true,
                    "jersey": 36,
                    "pos": "G"
                }
            },
            "nba": {
                "pro": 7,
                "start": 2014
            },
            "weight": {
                "kilograms": "99.8",
                "pounds": "220"
            }
        },
        {
            "affiliation": "Virginia Tech/USA",
            "birth": {
                "country": "USA",
                "date": "1991-10-30"
            },
            "college": "Virginia Tech",
            "firstname": "Jarell",
            "height": {
                "feets": "6",
                "inches": "7",
                "meters": "2.01"
            },
            "id": 155,
            "lastname": "Eddie",
            "leagues": {
                "standard": {
                    "active": true,
                    "jersey": 31,
                    "pos": "G-F"
                },
                "vegas": {
                    "active": true,
                    "jersey": 39,
                    "pos": "F"
                }
            },
            "nba": {
                "pro": 4,
                "start": 2015
            },
            "weight": {
                "kilograms": "98.9",
                "pounds": "218"
            }
        },
        {
            "affiliation": null,
            "birth": {
                "country": null,
                "date": null
            },
            "college": null,
            "firstname": "Perrin",
            "height": {
                "feets": null,
                "inches": null,
                "meters": null
            },
            "id": 754,
            "lastname": "Buford",
            "leagues": {
                "standard": {
                    "active": true,
                    "jersey": 2,
                    "pos": "GF"
                }
            },
            "nba": {
                "pro": 0,
                "start": 0
            },
            "weight": {
                "kilograms": null,
                "pounds": null
            }
        }
    ],
    "results": 27
}