{
    "errors": [],
    "get": "players/",
    "parameters": {
        "season": "2019",
        "team": "2"
    },
    "response": [
        {
            "affiliation": "Kentucky/USA",
            "birth": {
                "country": "USA",
                "date": "1994-10-28"
            },
            "college": "Kentucky",
            "firstname": "Aaron",
            "height": {
                "feets": "6",
                "inches": "6",
                "meters": "1.98"
            },
            "id": 223,
            "lastname": "Harrison",
            "leagues": {
                "standard": {
                    "active": true,
                    "jersey": 9,
                    "pos": "G"
                },
                "vegas": {
                    "active": true,
                    "jersey": 26,
                    "pos": "G-F"
                }
            },
            "nba": {
                "pro": 3,
                "start": 2015
            },
            "weight": {
                "kilograms": "95.3",
                "pounds": "210"
            }
        },
        {
            "affiliation": "California/USA",
            "birth": {
                "country": "USA",
                "date": "1996-10-24"
            },
            "college": "California",
            "firstname": "Jaylen",
            "height": {
                "feets": "6",
                "inches": "6",
                "meters": "1.98"
            },
            "id": 75,
            "lastname": "Brown",
            "leagues": {
                "standard": {
                    "active": true,
                    "jersey": 7,
                    "pos": "G-F"
                }
            },
            "nba": {
                "pro": 5,
                "start": 2016
            },
            "weight": {
                "kilograms": "101.2",
                "pounds": "223"
            }
        },
        {
            "affiliation": "Louisville/USA",
            "birth": {
                "country": "USA",
                "date": "1996-11-01"
            },
            "college": "Louisville",
            "firstname": "Chinanu",
            "height": {
                "feets": "6",
                "inches": "10",
                "meters": "2.08"
            },
            "id": 406,
            "lastname": "Onuaku",
            "leagues": {
                "standard": {
                    "active": false,
                    "jersey": 21,
                    "pos": null
                },
                "vegas": {
                    "active": true,
                    "jersey": 63,
                    "pos": "C"
                }
            },
            "nba": {
                "pro": 2,
                "start": 2016
            },
            "weight": {
                "kilograms": "111.1",
                "pounds": "245"
            }
        },
        {
            "affiliation": "France/France",
            "birth": {
                "country": "France",
                "date": "1995-12-17"
            },
            "college": " ",
            "firstname": "Guerschon",
            "height": {
                "feets": "6",
                "inches": "8",
                "meters": "2.03"
            },
            "id": 904,
            "lastname": "Yabusele",
            "leagues": {
                "standard": {
                    "active": true,
                    "jersey": 30,
                    "pos": "F"
                },
                "vegas": {
                    "active": true,
                    "jersey": 30,
                    "pos": "F"
                }
            },
            "nba": {
                "pro": 2,
                "start": 2017
            },
            "weight": {
                "kilograms": "117.9",
                "pounds": "260"
            }
        },
        {
            "affiliation": "Duke/USA",
            "birth": {
                "country": "USA",
                "date": "1998-03-03"
            },
            "college": "Duke",
            "firstname": "Jayson",
            "height": {
                "feets": "6",
                "inches": "8",
                "meters": "2.03"
            },
            "id": 882,
            "lastname": "Tatum",
            "leagues": {
                "standard": {
                    "active": true,
                    "jersey": null,
                    "pos": "F-G"
                }
            },
            "nba": {
                "pro": 4,
                "start": 2017
            },
            "weight": {
                "kilograms": "95.3",
                "pounds": "210"
            }
        },
        {
            "affiliation": "Southern Methodist/USA",
            "birth": {
                "country": "USA",
                "date": "1994-12-05"
            },
            "college": "Southern Methodist",
            "firstname": "Semi",
            "height": {
                "feets": null,
                "inches": null,
                "meters": null
            },
            "id": 852,
            "lastname": "Ojeleye",
            "leagues": {
                "standard": {
                    "active": false,
                    "jersey": 37,
                    "pos": null
                },
                "vegas": {
                    "active": true,
                    "jersey": 37,
                    "pos": "F"
                }
            },
            "nba": {
                "pro": 0,
                "start": 2017
            },
            "weight": {
                "kilograms": null,
                "pounds": null
            }
        },
        {
            "affiliation": "Brose Bamberg/Germany",
            "birth": {
                "country": "Germany",
                "date": "1992-04-04"
            },
            "college": "Brose Bamberg",
            "firstname": "Daniel",
            "height": {
                "feets": "6",
                "inches": "9",
                "meters": "2.06"
            },
            "id": 886,
            "lastname": "Theis",
            "leagues": {
                "standard": {
                    "active": true,
                    "jersey": 27,
                    "pos": "F-C"
                }
            },
            "nba": {
                "pro": 4,
                "start": 2017
            },
            "weight": {
                "kilograms": "111.1",
                "pounds": "245"
            }
        },
        {
            "affiliation": "Georgia/USA",
            "birth": {
                "country": "USA",
                "date": "1996-08-14"
            },
            "college": "Georgia",
            "firstname": "Yante",
            "height": {
                "feets": "6",
                "inches": "8",
                "meters": "2.03"
            },
            "id": 995,
            "lastname": "Maten",
            "leagues": {
                "sacramento": {
                    "active": true,
                    "jersey": null,
                    "pos": "F"
                },
                "standard": {
                    "active": true,
                    "jersey": 26,
                    "pos": "F"
                },
                "vegas": {
                    "active": true,
                    "jersey": 61,
                    "pos": "F"
                }
            },
            "nba": {
                "pro": 1,
                "start": 2018
            },
            "weight": {
                "kilograms": "108.9",
                "pounds": "240"
            }
        },
        {
            "affiliation": "Purdue/USA",
            "birth": {
                "country": "USA",
                "date": "1998-03-12"
            },
            "college": "Purdue",
            "firstname": "Carsen",
            "height": {
                "feets": "5",
                "inches": "11",
                "meters": "1.8"
            },
            "id": 1857,
            "lastname": "Edwards",
            "leagues": {
                "standard": {
                    "active": true,
                    "jersey": 4,
                    "pos": "G"
                },
                "vegas": {
                    "active": true,
                    "jersey": 4,
                    "pos": "G"
                }
            },
            "nba": {
                "pro": 2,
                "start": 2019
            },
            "weight": {
                "kilograms": "90.7",
                "pounds": "200"
            }
        },
        {
            "affiliation": "Texas A&M/USA",
            "birth": {
                "country": "USA",
                "date": "1997-10-17"
            },
            "college": "Texas A&M",
            "firstname": "Robert",
            "height": {
                "feets": "6",
                "inches": "9",
                "meters": "2.06"
            },
            "id": 1045,
            "lastname": "Williams III",
            "leagues": {
                "standard": {
                    "active": true,
                    "jersey": 44,
                    "pos": "C-F"
                },
                "vegas": {
                    "active": true,
                    "jersey": 44,
                    "pos": "C"
                }
            },
            "nba": {
                "pro": 3,
                "start": 2018
            },
            "weight": {
                "kilograms": "107.5",
                "pounds": "237"
            }
        },
        {
            "affiliation": "Xavier/USA",
            "birth": {
                "country": "USA",
                "date": "1996-11-08"
            },
            "college": "Xavier",
            "firstname": "Kaiser",
            "height": {
                "feets": "6",
                "inches": "7",
                "meters": "2.01"
            },
            "id": 1071,
            "lastname": "Gates",
            "leagues": {
                "standard": {
                    "active": true,
                    "jersey": 30,
                    "pos": "F"
                },
                "vegas": {
                    "active": true,
                    "jersey": 22,
                    "pos": "F"
                }
            },
            "nba": {
                "pro": 0,
                "start": 0
            },
            "weight": {
                "kilograms": "102.1",
                "pounds": "225"
            }
        },
        {
            "affiliation": null,
            "birth": {
                "country": null,
                "date": null
            },
            "college": null,
            "firstname": "Tacko",
            "height": {
                "feets": null,
                "inches": null,
                "meters": null
            },
            "id": 2042,
            "lastname": "Fall",
            "leagues": {
                "standard": {
                    "active": false,
                    "jersey": 99,
                    "pos": null
                },
                "utah": {
                    "active": true,
                    "jersey": 99,
                    "pos": "C"
                },
                "vegas": {
                    "active": true,
                    "jersey": 99,
                    "pos": "C"
                }
            },
            "nba": {
                "pro": 0,
                "start": 0
            },
            "weight": {
                "kilograms": null,
                "pounds": null
            }
        },
        {
            "affiliation": "DePaul/USA",
            "birth": {
                "country": "USA",
                "date": "1996-03-28"
            },
            "college": "DePaul",
            "firstname": "Max",
            "height": {
                "feets": "6",
                "inches": "5",
                "meters": "1.96"
            },
            "id": 2051,
            "lastname": "Strus",
            "leagues": {
                "sacramento": {
                    "active": true,
                    "jersey": 31,
                    "pos": "G-F"
                },
                "standard": {
                    "active": true,
                    "jersey": 31,
                    "pos": "G-F"
                },
                "vegas": {
                    "active": true,
                    "jersey": 31,
                    "pos": "G-F"
                }
            },
            "nba": {
                "pro": 2,
                "start": 2019
            },
            "weight": {
                "kilograms": "99.8",
                "pounds": "220"
            }
        },
        {
            "affiliation": "Indiana/USA",
            "birth": {
                "country": "USA",
                "date": "1999-10-25"
            },
            "college": "Indiana",
            "firstname": "Romeo",
            "height": {
                "feets": "6",
                "inches": "5",
                "meters": "1.96"
            },
            "id": 1874,
            "lastname": "Langford",
            "leagues": {
                "standard": {
                    "active": true,
                    "jersey": 35,
                    "pos": "G-F"
                },
                "vegas": {
                    "active": true,
                    "jersey": 9,
                    "pos": "G"
                }
            },
            "nba": {
                "pro": 2,
                "start": 2019
            },
            "weight": {
                "kilograms": "98.0",
                "pounds": "216"
            }
        },
        {
            "affiliation": "Louisiana State/USA",
            "birth": {
                "country": "USA",
                "date": "1998-01-10"
            },
            "college": "Louisiana State",
            "firstname": "Tremont",
            "height": {
                "feets": "5",
                "inches": "10",
                "meters": "1.78"
            },
            "id": 1898,
            "lastname": "Waters",
            "leagues": {
                "standard": {
                    "active": true,
                    "jersey": 51,
                    "pos": "G"
                },
                "utah": {
                    "active": true,
                    "jersey": 51,
                    "pos": "G"
                },
                "vegas": {
                    "active": true,
                    "jersey": 51,
                    "pos": "G"
                }
            },
            "nba": {
                "pro": 2,
                "start": 2019
            },
            "weight": {
                "kilograms": "79.4",
                "pounds": "175"
            }
        },
        {
            "affiliation": "Tennessee/USA",
            "birth": {
                "country": "USA",
                "date": "1998-11-30"
            },
            "college": "Tennessee",
            "firstname": "Grant",
            "height": {
                "feets": "6",
                "inches": "6",
                "meters": "1.98"
            },
            "id": 1901,
            "lastname": "Williams",
            "leagues": {
                "standard": {
                    "active": true,
                    "jersey": 12,
                    "pos": "F"
                },
                "vegas": {
                    "active": true,
                    "jersey": 40,
                    "pos": "F"
                }
            },
            "nba": {
                "pro": 2,
                "start": 2019
            },
            "weight": {
                "kilograms": "107.0",
                "pounds": "236"
            }
        },
        {
            "affiliation": "Baskonia/France",
            "birth": {
                "country": "France",
                "date": "1993-10-17"
            },
            "college": null,
            "firstname": "Vincent",
            "height": {
                "feets": null,
                "inches": null,
                "meters": null
            },
            "id": 2396,
            "lastname": "Poirier",
            "leagues": {
                "standard": {
                    "active": false,
                    "jersey": 17,
                    "pos": null
                }
            },
            "nba": {
                "pro": 0,
                "start": 2019
            },
            "weight": {
                "kilograms": null,
                "pounds": null
            }
        },
        {
            "affiliation": "Radford/USA",
            "birth": {
                "country": "USA",
                "date": "1993-07-23"
            },
            "college": "Radford",
            "firstname": "Javonte",
            "height": {
                "feets": "6",
                "inches": "5",
                "meters": "1.96"
            },
            "id": 2404,
            "lastname": "Green",
            "leagues": {
                "standard": {
                    "active": true,
                    "jersey": 24,
                    "pos": "G-F"
                }
            },
            "nba": {
                "pro": 2,
                "start": 2019
            },
            "weight": {
                "kilograms": "93.0",
                "pounds": "205"
            }
        },
        {
            "affiliation": null,
            "birth": {
                "country": null,
                "date": null
            },
            "college": null,
            "firstname": "Stan",
            "height": {
                "feets": null,
                "inches": null,
                "meters": null
            },
            "id": 2370,
            "lastname": "Okoye",
            "leagues": {
                "vegas": {
                    "active": false,
                    "jersey": 39,
                    "pos": null
                }
            },
            "nba": {
                "pro": 0,
                "start": 0
            },
            "weight": {
                "kilograms": null,
                "pounds": null
            }
        },
        {
            "affiliation": "Butler/USA",
            "birth": {
                "country": "USA",
                "date": "1990-03-23"
            },
            "college": "Butler",
            "firstname": "Gordon",
            "height": {
                "feets": "6",
                "inches": "7",
                "meters": "2.01"
            },
            "id": 227,
            "lastname": "Hayward",
            "leagues": {
                "standard": {
                    "active": true,
                    "jersey": 20,
                    "pos": "F"
                }
            },
            "nba": {
                "pro": 11,
                "start": 2010
            },
            "weight": {
                "kilograms": "102.1",
                "pounds": "225"
            }
        },
        {
            "affiliation": "Fenerbahce/Turkey",
            "birth": {
                "country": "Turkey",
                "date": "1992-05-20"
            },
            "college": "                                   ",
            "firstname": "Enes",
            "height": {
                "feets": null,
                "inches": null,
                "meters": null
            },
            "id": 291,
            "lastname": "Freedom",
            "leagues": {
                "standard": {
                    "active": false,
                    "jersey": 13,
                    "pos": null
                }
            },
            "nba": {
                "pro": 0,
                "start": 2011
            },
            "weight": {
                "kilograms": null,
                "pounds": null
            }
        },
        {
            "affiliation": "Connecticut/USA",
            "birth": {
                "country": "USA",
                "date": "1990-05-08"
            },
            "college": "Connecticut",
            "firstname": "Kemba",
            "height": {
                "feets": "6",
                "inches": "0",
                "meters": "1.83"
            },
            "id": 538,
            "lastname": "Walker",
            "leagues": {
                "standard": {
                    "active": true,
                    "jersey": 8,
                    "pos": "G"
                }
            },
            "nba": {
                "pro": 10,
                "start": 2011
            },
            "weight": {
                "kilograms": "83.5",
                "pounds": "184"
            }
        },
        {
            "affiliation": "Pittsburgh/USA",
            "birth": {
                "country": "USA",
                "date": "1989-07-25"
            },
            "college": "Pittsburgh",
            "firstname": "Brad",
            "height": {
                "feets": null,
                "inches": null,
                "meters": null
            },
            "id": 1039,
            "lastname": "Wanamaker",
            "leagues": {
                "standard": {
                    "active": false,
                    "jersey": 22,
                    "pos": null
                }
            },
            "nba": {
                "pro": 0,
                "start": 2018
            },
            "weight": {
                "kilograms": null,
                "pounds": null
            }
        },
        {
            "affiliation": "Oklahoma State/USA",
            "birth": {
                "country": "USA",
                "date": "1994-03-06"
            },
            "college": "Oklahoma State",
            "firstname": "Marcus",
            "height": {
                "feets": "6",
                "inches": "4",
                "meters": "1.93"
            },
            "id": 486,
            "lastname": "Smart",
            "leagues": {
                "standard": {
                    "active": true,
                    "jersey": 36,
                    "pos": "G"
                }
            },
            "nba": {
                "pro": 7,
                "start": 2014
            },
            "weight": {
                "kilograms": "99.8",
                "pounds": "220"
            }
        },
        {
            "affiliation": null,
            "birth": {
                "country": null,
                "date": null
            },
            "college": null,
            "firstname": "Stan",
            "height": {
                "feets": null,
                "inches": null,
                "meters": null
            },
            "id": 1564,
            "lastname": "Okoye",
            "leagues": {
                "vegas": {
                    "active": false,
                    "jersey": 39,
                    "pos": null
                }
            },
            "nba": {
                "pro": 0,
                "start": 0
            },
            "weight": {
                "kilograms": null,
                "pounds": null
            }
        },
        {
            "affiliation": null,
            "birth": {
                "country": null,
                "date": null
            },
            "college": null,
            "firstname": "Javonte",
            "height": {
                "feets": null,
                "inches": null,
                "meters": null
            },
            "id": 1401,
            "lastname": "Green",
            "leagues": {
                "vegas": {
                    "active": true,
                    "jersey": 43,
                    "pos": "G"
                }
            },
            "nba": {
                "pro": 0,
                "start": 0
            },
            "weight": {
                "kilograms": null,
                "pounds": null
            }
        },
        {
            "affiliation": null,
            "birth": {
                "country": null,
                "date": null
            },
            "college": null,
            "firstname": "Jon",
            "height": {
                "feets": null,
                "inches": null,
                "meters": null
            },
            "id": 2335,
            "lastname": "Elmore",
            "leagues": {
                "vegas": {
                    "active": true,
                    "jersey": 38,
                    "pos": "G"
                }
            },
            "nba": {
                "pro": 0,
                "start": 0
            },
            "weight": {
                "kilograms": null,
                "pounds": null
            }
        },
        {
            "affiliation": null,
            "birth": {
                "country": null,
                "date": null
            },
            "college": null,
            "firstname": "Stan",
            "height": {
                "feets": null,
                "inches": null,
                "meters": null
            },
            "id": 2375,
            "lastname": "Okoye",
            "leagues": {
                "vegas": {
                    "active": true,
                    "jersey": 39,
                    "pos": "G-F"
                }
            },
            "nba": {
                "pro": 0,
                "start": 0
            },
            "weight": {
                "kilograms": null,
                "pounds": null
            }
        },
        {
            "affiliation": null,
            "birth": {
                "country": null,
                "date": null
            },
            "college": null,
            "firstname": "Kendrick",
            "height": {
                "feets": null,
                "inches": null,
                "meters": null
            },
            "id": 1592,
            "lastname": "Ray",
            "leagues": {
                "utah": {
                    "active": true,
                    "jersey": 17,
                    "pos": "G"
                },
                "vegas": {
                    "active": true,
                    "jersey": 48,
                    "pos": "G"
                }
            },
            "nba": {
                "pro": 0,
                "start": 0
            },
            "weight": {
                "kilograms": null,
                "pounds": null
            }
        }
    ],
    "results": 29
}