{
    "errors": [],
    "get": "players/",
    "parameters": {
        "season": "2015",
        "team": "2"
    },
    "response": [
        {
            "affiliation": null,
            "birth": {
                "country": null,
                "date": null
            },
            "college": null,
            "firstname": "David",
            "height": {
                "feets": null,
                "inches": null,
                "meters": null
            },
            "id": 312,
            "lastname": "Lee",
            "leagues": {
                "standard": {
                    "active": true,
                    "jersey": 10,
                    "pos": "F"
                }
            },
            "nba": {
                "pro": 0,
                "start": 0
            },
            "weight": {
                "kilograms": null,
                "pounds": null
            }
        },
        {
            "affiliation": "Westchester HS (Los Angeles, CA)/USA",
            "birth": {
                "country": "USA",
                "date": "1987-05-01"
            },
            "college": "No College",
            "firstname": "Amir",
            "height": {
                "feets": "6",
                "inches": "9",
                "meters": "2.06"
            },
            "id": 271,
            "lastname": "Johnson",
            "leagues": {
                "standard": {
                    "active": true,
                    "jersey": 5,
                    "pos": "C-F"
                }
            },
            "nba": {
                "pro": 14,
                "start": 2005
            },
            "weight": {
                "kilograms": "108.9",
                "pounds": "240"
            }
        },
        {
            "affiliation": "Georgia State/USA",
            "birth": {
                "country": "USA",
                "date": "1993-10-24"
            },
            "college": "Georgia State",
            "firstname": "RJ",
            "height": {
                "feets": "6",
                "inches": "5",
                "meters": "1.96"
            },
            "id": 254,
            "lastname": "Hunter",
            "leagues": {
                "standard": {
                    "active": true,
                    "jersey": 28,
                    "pos": "G"
                },
                "vegas": {
                    "active": true,
                    "jersey": 2,
                    "pos": "G"
                }
            },
            "nba": {
                "pro": 4,
                "start": 2015
            },
            "weight": {
                "kilograms": "83.9",
                "pounds": "185"
            }
        },
        {
            "affiliation": null,
            "birth": {
                "country": null,
                "date": null
            },
            "college": null,
            "firstname": "Jordan",
            "height": {
                "feets": null,
                "inches": null,
                "meters": null
            },
            "id": 360,
            "lastname": "Mickey",
            "leagues": {
                "standard": {
                    "active": true,
                    "jersey": 25,
                    "pos": "F"
                }
            },
            "nba": {
                "pro": 0,
                "start": 0
            },
            "weight": {
                "kilograms": null,
                "pounds": null
            }
        },
        {
            "affiliation": "Louisville/USA",
            "birth": {
                "country": "USA",
                "date": "1994-03-17"
            },
            "college": "Louisville",
            "firstname": "Terry",
            "height": {
                "feets": "6",
                "inches": "1",
                "meters": "1.85"
            },
            "id": 458,
            "lastname": "Rozier",
            "leagues": {
                "standard": {
                    "active": true,
                    "jersey": 3,
                    "pos": "G"
                }
            },
            "nba": {
                "pro": 6,
                "start": 2015
            },
            "weight": {
                "kilograms": "86.2",
                "pounds": "190"
            }
        },
        {
            "affiliation": null,
            "birth": {
                "country": null,
                "date": null
            },
            "college": null,
            "firstname": "Corey",
            "height": {
                "feets": null,
                "inches": null,
                "meters": null
            },
            "id": 2031,
            "lastname": "Walden",
            "leagues": {
                "vegas": {
                    "active": true,
                    "jersey": 12,
                    "pos": "G"
                }
            },
            "nba": {
                "pro": 0,
                "start": 0
            },
            "weight": {
                "kilograms": null,
                "pounds": null
            }
        },
        {
            "affiliation": "Holy Cross/USA",
            "birth": {
                "country": "USA",
                "date": "1993-03-06"
            },
            "college": "Holy Cross",
            "firstname": "Malcolm",
            "height": {
                "feets": "6",
                "inches": "7",
                "meters": "2.01"
            },
            "id": 837,
            "lastname": "Miller",
            "leagues": {
                "standard": {
                    "active": true,
                    "jersey": 13,
                    "pos": "G-F"
                },
                "vegas": {
                    "active": true,
                    "jersey": 33,
                    "pos": "F"
                }
            },
            "nba": {
                "pro": 3,
                "start": 2017
            },
            "weight": {
                "kilograms": "95.3",
                "pounds": "210"
            }
        },
        {
            "affiliation": null,
            "birth": {
                "country": null,
                "date": null
            },
            "college": null,
            "firstname": "Levi",
            "height": {
                "feets": null,
                "inches": null,
                "meters": null
            },
            "id": 1016,
            "lastname": "Randolph",
            "leagues": {
                "standard": {
                    "active": false,
                    "jersey": 15,
                    "pos": null
                },
                "vegas": {
                    "active": true,
                    "jersey": 8,
                    "pos": "G"
                }
            },
            "nba": {
                "pro": 0,
                "start": 0
            },
            "weight": {
                "kilograms": null,
                "pounds": null
            }
        },
        {
            "affiliation": null,
            "birth": {
                "country": null,
                "date": null
            },
            "college": null,
            "firstname": "Jonas",
            "height": {
                "feets": null,
                "inches": null,
                "meters": null
            },
            "id": 270,
            "lastname": "Jerebko",
            "leagues": {
                "standard": {
                    "active": true,
                    "jersey": 21,
                    "pos": "F"
                }
            },
            "nba": {
                "pro": 0,
                "start": 0
            },
            "weight": {
                "kilograms": null,
                "pounds": null
            }
        },
        {
            "affiliation": "Ohio State/USA",
            "birth": {
                "country": "USA",
                "date": "1988-10-27"
            },
            "college": "Ohio State",
            "firstname": "Evan",
            "height": {
                "feets": "6",
                "inches": "6",
                "meters": "1.98"
            },
            "id": 521,
            "lastname": "Turner",
            "leagues": {
                "standard": {
                    "active": true,
                    "jersey": 1,
                    "pos": "G-F"
                }
            },
            "nba": {
                "pro": 10,
                "start": 2010
            },
            "weight": {
                "kilograms": "99.8",
                "pounds": "220"
            }
        },
        {
            "affiliation": "Texas-Austin/USA",
            "birth": {
                "country": "USA",
                "date": "1990-11-26"
            },
            "college": "Texas-Austin",
            "firstname": "Avery",
            "height": {
                "feets": "6",
                "inches": "3",
                "meters": "1.9"
            },
            "id": 68,
            "lastname": "Bradley",
            "leagues": {
                "standard": {
                    "active": true,
                    "jersey": 20,
                    "pos": "G"
                }
            },
            "nba": {
                "pro": 11,
                "start": 2010
            },
            "weight": {
                "kilograms": "81.6",
                "pounds": "180"
            }
        },
        {
            "affiliation": "Washington/USA",
            "birth": {
                "country": "USA",
                "date": "1989-02-07"
            },
            "college": "Washington",
            "firstname": "Isaiah",
            "height": {
                "feets": "5",
                "inches": "9",
                "meters": "1.75"
            },
            "id": 510,
            "lastname": "Thomas",
            "leagues": {
                "standard": {
                    "active": true,
                    "jersey": 4,
                    "pos": "G"
                }
            },
            "nba": {
                "pro": 10,
                "start": 2011
            },
            "weight": {
                "kilograms": "83.9",
                "pounds": "185"
            }
        },
        {
            "affiliation": null,
            "birth": {
                "country": null,
                "date": null
            },
            "college": null,
            "firstname": "Tyler",
            "height": {
                "feets": null,
                "inches": null,
                "meters": null
            },
            "id": 572,
            "lastname": "Zeller",
            "leagues": {
                "standard": {
                    "active": false,
                    "jersey": 40,
                    "pos": null
                }
            },
            "nba": {
                "pro": 0,
                "start": 0
            },
            "weight": {
                "kilograms": null,
                "pounds": null
            }
        },
        {
            "affiliation": null,
            "birth": {
                "country": "United States",
                "date": "1992-03-04"
            },
            "college": "Ohio State",
            "firstname": "Jared",
            "height": {
                "feets": "6",
                "inches": "9",
                "meters": "2.06"
            },
            "id": 503,
            "lastname": "Sullinger",
            "leagues": {
                "standard": {
                    "active": false,
                    "jersey": 7,
                    "pos": "C-F"
                }
            },
            "nba": {
                "pro": 3,
                "start": 2012
            },
            "weight": {
                "kilograms": "117.9",
                "pounds": "260"
            }
        },
        {
            "affiliation": "Baylor/USA",
            "birth": {
                "country": "USA",
                "date": "1991-09-24"
            },
            "college": "Baylor",
            "firstname": "Perry",
            "height": {
                "feets": "6",
                "inches": "11",
                "meters": "2.11"
            },
            "id": 1469,
            "lastname": "Jones III",
            "leagues": {
                "vegas": {
                    "active": true,
                    "jersey": 3,
                    "pos": "F"
                }
            },
            "nba": {
                "pro": 3,
                "start": 2012
            },
            "weight": {
                "kilograms": "106.6",
                "pounds": "235"
            }
        },
        {
            "affiliation": "Marquette/USA",
            "birth": {
                "country": "USA",
                "date": "1990-07-06"
            },
            "college": "Marquette",
            "firstname": "Jae",
            "height": {
                "feets": "6",
                "inches": "6",
                "meters": "1.98"
            },
            "id": 121,
            "lastname": "Crowder",
            "leagues": {
                "standard": {
                    "active": true,
                    "jersey": 99,
                    "pos": "F"
                }
            },
            "nba": {
                "pro": 9,
                "start": 2012
            },
            "weight": {
                "kilograms": "106.6",
                "pounds": "235"
            }
        },
        {
            "affiliation": "Gonzaga/Canada",
            "birth": {
                "country": "Canada",
                "date": "1991-04-19"
            },
            "college": "Gonzaga",
            "firstname": "Kelly",
            "height": {
                "feets": "6",
                "inches": "11",
                "meters": "2.11"
            },
            "id": 404,
            "lastname": "Olynyk",
            "leagues": {
                "standard": {
                    "active": true,
                    "jersey": 41,
                    "pos": "F-C"
                }
            },
            "nba": {
                "pro": 8,
                "start": 2013
            },
            "weight": {
                "kilograms": "108.9",
                "pounds": "240"
            }
        },
        {
            "affiliation": "Kentucky/USA",
            "birth": {
                "country": "USA",
                "date": "1995-08-16"
            },
            "college": "Kentucky",
            "firstname": "James",
            "height": {
                "feets": "6",
                "inches": "7",
                "meters": "2.01"
            },
            "id": 567,
            "lastname": "Young",
            "leagues": {
                "standard": {
                    "active": true,
                    "jersey": 8,
                    "pos": "G-F"
                }
            },
            "nba": {
                "pro": 4,
                "start": 2014
            },
            "weight": {
                "kilograms": "108.4",
                "pounds": "239"
            }
        },
        {
            "affiliation": "Oklahoma State/USA",
            "birth": {
                "country": "USA",
                "date": "1994-03-06"
            },
            "college": "Oklahoma State",
            "firstname": "Marcus",
            "height": {
                "feets": "6",
                "inches": "4",
                "meters": "1.93"
            },
            "id": 486,
            "lastname": "Smart",
            "leagues": {
                "standard": {
                    "active": true,
                    "jersey": 36,
                    "pos": "G"
                }
            },
            "nba": {
                "pro": 7,
                "start": 2014
            },
            "weight": {
                "kilograms": "99.8",
                "pounds": "220"
            }
        },
        {
            "affiliation": "Boston U./USA",
            "birth": {
                "country": "USA",
                "date": "1988-11-06"
            },
            "college": "Boston U.",
            "firstname": "John",
            "height": {
                "feets": "6",
                "inches": "5",
                "meters": "1.96"
            },
            "id": 244,
            "lastname": "Holland",
            "leagues": {
                "standard": {
                    "active": true,
                    "jersey": 10,
                    "pos": "G"
                },
                "vegas": {
                    "active": true,
                    "jersey": 10,
                    "pos": "G"
                }
            },
            "nba": {
                "pro": 1,
                "start": 2017
            },
            "weight": {
                "kilograms": "93.0",
                "pounds": "205"
            }
        }
    ],
    "results": 20
}