{
    "errors": [],
    "get": "players/",
    "parameters": {
        "season": "2021",
        "team": "11"
    },
    "response": [
        {
            "affiliation": "UCLA/USA",
            "birth": {
                "country": "USA",
                "date": "1996-02-06"
            },
            "college": "UCLA",
            "firstname": "Kevon",
            "height": {
                "feets": "6",
                "inches": "9",
                "meters": "2.06"
            },
            "id": 322,
            "lastname": "Looney",
            "leagues": {
                "standard": {
                    "active": true,
                    "jersey": 5,
                    "pos": "F"
                }
            },
            "nba": {
                "pro": 6,
                "start": 2015
            },
            "weight": {
                "kilograms": "100.7",
                "pounds": "222"
            }
        },
        {
            "affiliation": "Oregon State/USA",
            "birth": {
                "country": "USA",
                "date": "1992-12-01"
            },
            "college": "Oregon State",
            "firstname": "Gary",
            "height": {
                "feets": "6",
                "inches": "3",
                "meters": "1.9"
            },
            "id": 593,
            "lastname": "Payton II",
            "leagues": {
                "sacramento": {
                    "active": true,
                    "jersey": null,
                    "pos": "G"
                },
                "standard": {
                    "active": true,
                    "jersey": null,
                    "pos": "G"
                },
                "vegas": {
                    "active": true,
                    "jersey": null,
                    "pos": "G"
                }
            },
            "nba": {
                "pro": 5,
                "start": 2016
            },
            "weight": {
                "kilograms": "88.5",
                "pounds": "195"
            }
        },
        {
            "affiliation": "Drexel/USA",
            "birth": {
                "country": "USA",
                "date": "1992-10-21"
            },
            "college": "Drexel",
            "firstname": "Damion",
            "height": {
                "feets": "6",
                "inches": "5",
                "meters": "1.96"
            },
            "id": 599,
            "lastname": "Lee",
            "leagues": {
                "standard": {
                    "active": true,
                    "jersey": 10,
                    "pos": "G-F"
                }
            },
            "nba": {
                "pro": 4,
                "start": 2017
            },
            "weight": {
                "kilograms": "95.3",
                "pounds": "210"
            }
        },
        {
            "affiliation": "Oregon/USA",
            "birth": {
                "country": "USA",
                "date": "1995-01-07"
            },
            "college": "Oregon",
            "firstname": "Jordan",
            "height": {
                "feets": "6",
                "inches": "7",
                "meters": "2.01"
            },
            "id": 738,
            "lastname": "Bell",
            "leagues": {
                "sacramento": {
                    "active": true,
                    "jersey": 2,
                    "pos": "F"
                },
                "standard": {
                    "active": true,
                    "jersey": 20,
                    "pos": "F"
                },
                "vegas": {
                    "active": true,
                    "jersey": 24,
                    "pos": "F"
                }
            },
            "nba": {
                "pro": 4,
                "start": 2017
            },
            "weight": {
                "kilograms": "98.0",
                "pounds": "216"
            }
        },
        {
            "affiliation": "Nevada/USA",
            "birth": {
                "country": "USA",
                "date": "1996-07-11"
            },
            "college": "Nevada",
            "firstname": "Cameron",
            "height": {
                "feets": "6",
                "inches": "8",
                "meters": "2.03"
            },
            "id": 1011,
            "lastname": "Oliver",
            "leagues": {
                "sacramento": {
                    "active": true,
                    "jersey": 27,
                    "pos": "F"
                },
                "standard": {
                    "active": true,
                    "jersey": 21,
                    "pos": "F"
                },
                "vegas": {
                    "active": true,
                    "jersey": 27,
                    "pos": "F"
                }
            },
            "nba": {
                "pro": 1,
                "start": 2020
            },
            "weight": {
                "kilograms": "108.4",
                "pounds": "239"
            }
        },
        {
            "affiliation": null,
            "birth": {
                "country": null,
                "date": null
            },
            "college": null,
            "firstname": "Mychal",
            "height": {
                "feets": null,
                "inches": null,
                "meters": null
            },
            "id": 2201,
            "lastname": "Mulder",
            "leagues": {
                "sacramento": {
                    "active": true,
                    "jersey": 12,
                    "pos": "G"
                },
                "standard": {
                    "active": true,
                    "jersey": 15,
                    "pos": "G"
                },
                "vegas": {
                    "active": true,
                    "jersey": 12,
                    "pos": "G"
                }
            },
            "nba": {
                "pro": 0,
                "start": 0
            },
            "weight": {
                "kilograms": null,
                "pounds": null
            }
        },
        {
            "affiliation": "Florida/USA",
            "birth": {
                "country": "USA",
                "date": "1995-11-21"
            },
            "college": "Florida",
            "firstname": "Chris",
            "height": {
                "feets": "5",
                "inches": "11",
                "meters": "1.8"
            },
            "id": 1069,
            "lastname": "Chiozza",
            "leagues": {
                "standard": {
                    "active": true,
                    "jersey": 2,
                    "pos": "G"
                },
                "vegas": {
                    "active": true,
                    "jersey": 2,
                    "pos": "G"
                }
            },
            "nba": {
                "pro": 3,
                "start": 2018
            },
            "weight": {
                "kilograms": "79.4",
                "pounds": "175"
            }
        },
        {
            "affiliation": null,
            "birth": {
                "country": null,
                "date": null
            },
            "college": null,
            "firstname": "Juan",
            "height": {
                "feets": null,
                "inches": null,
                "meters": null
            },
            "id": 1934,
            "lastname": "Toscano-Anderson",
            "leagues": {
                "sacramento": {
                    "active": true,
                    "jersey": 8,
                    "pos": "F"
                },
                "standard": {
                    "active": true,
                    "jersey": 95,
                    "pos": "F"
                },
                "vegas": {
                    "active": true,
                    "jersey": 8,
                    "pos": "F"
                }
            },
            "nba": {
                "pro": 0,
                "start": 0
            },
            "weight": {
                "kilograms": null,
                "pounds": null
            }
        },
        {
            "affiliation": "Virginia/USA",
            "birth": {
                "country": "USA",
                "date": "1997-08-11"
            },
            "college": "Virginia",
            "firstname": "Kyle",
            "height": {
                "feets": "6",
                "inches": "1",
                "meters": "1.85"
            },
            "id": 1861,
            "lastname": "Guy",
            "leagues": {
                "sacramento": {
                    "active": true,
                    "jersey": 50,
                    "pos": "G"
                },
                "standard": {
                    "active": true,
                    "jersey": 5,
                    "pos": "G"
                },
                "vegas": {
                    "active": true,
                    "jersey": 50,
                    "pos": "G"
                }
            },
            "nba": {
                "pro": 2,
                "start": 2019
            },
            "weight": {
                "kilograms": "75.8",
                "pounds": "167"
            }
        },
        {
            "affiliation": "Michigan/USA",
            "birth": {
                "country": "USA",
                "date": "1999-06-19"
            },
            "college": "Michigan",
            "firstname": "Jordan",
            "height": {
                "feets": "6",
                "inches": "4",
                "meters": "1.93"
            },
            "id": 1887,
            "lastname": "Poole",
            "leagues": {
                "sacramento": {
                    "active": true,
                    "jersey": 3,
                    "pos": "G"
                },
                "standard": {
                    "active": true,
                    "jersey": 3,
                    "pos": "G"
                },
                "vegas": {
                    "active": true,
                    "jersey": 3,
                    "pos": "G"
                }
            },
            "nba": {
                "pro": 2,
                "start": 2019
            },
            "weight": {
                "kilograms": "88.0",
                "pounds": "194"
            }
        },
        {
            "affiliation": "Mississippi State/USA",
            "birth": {
                "country": "USA",
                "date": "1996-09-10"
            },
            "college": "Mississippi State",
            "firstname": "Quinndary",
            "height": {
                "feets": "6",
                "inches": "3",
                "meters": "1.9"
            },
            "id": 1899,
            "lastname": "Weatherspoon",
            "leagues": {
                "sacramento": {
                    "active": true,
                    "jersey": 12,
                    "pos": "G"
                },
                "standard": {
                    "active": true,
                    "jersey": 12,
                    "pos": "G"
                },
                "utah": {
                    "active": true,
                    "jersey": 15,
                    "pos": "G"
                },
                "vegas": {
                    "active": true,
                    "jersey": 12,
                    "pos": "G"
                }
            },
            "nba": {
                "pro": 2,
                "start": 2019
            },
            "weight": {
                "kilograms": "93.0",
                "pounds": "205"
            }
        },
        {
            "affiliation": "Northwestern/USA",
            "birth": {
                "country": "USA",
                "date": "1995-02-01"
            },
            "college": "Northwestern",
            "firstname": "Ryan",
            "height": {
                "feets": "6",
                "inches": "6",
                "meters": "1.98"
            },
            "id": 2924,
            "lastname": "Taylor",
            "leagues": {
                "sacramento": {
                    "active": true,
                    "jersey": 41,
                    "pos": "G"
                },
                "vegas": {
                    "active": true,
                    "jersey": 41,
                    "pos": "G"
                }
            },
            "nba": {
                "pro": 0,
                "start": 0
            },
            "weight": {
                "kilograms": "86.2",
                "pounds": "190"
            }
        },
        {
            "affiliation": "Oklahoma State/USA",
            "birth": {
                "country": "USA",
                "date": "1995-09-18"
            },
            "college": "Oklahoma State",
            "firstname": "Kendall",
            "height": {
                "feets": "6",
                "inches": "3",
                "meters": "1.9"
            },
            "id": 2920,
            "lastname": "Smith",
            "leagues": {
                "sacramento": {
                    "active": true,
                    "jersey": null,
                    "pos": "G"
                },
                "vegas": {
                    "active": true,
                    "jersey": 12,
                    "pos": "G"
                }
            },
            "nba": {
                "pro": 0,
                "start": 0
            },
            "weight": {
                "kilograms": "86.2",
                "pounds": "190"
            }
        },
        {
            "affiliation": "Memphis/USA",
            "birth": {
                "country": "USA",
                "date": "2001-03-31"
            },
            "college": "Memphis",
            "firstname": "James",
            "height": {
                "feets": "7",
                "inches": "0",
                "meters": "2.13"
            },
            "id": 2666,
            "lastname": "Wiseman",
            "leagues": {
                "sacramento": {
                    "active": true,
                    "jersey": 33,
                    "pos": "C"
                },
                "standard": {
                    "active": true,
                    "jersey": 33,
                    "pos": "C"
                },
                "vegas": {
                    "active": true,
                    "jersey": 33,
                    "pos": "C"
                }
            },
            "nba": {
                "pro": 1,
                "start": 2020
            },
            "weight": {
                "kilograms": "108.9",
                "pounds": "240"
            }
        },
        {
            "affiliation": "NBA G League Ignite/DRC",
            "birth": {
                "country": "DRC",
                "date": "2002-10-06"
            },
            "college": "NBA G League Ignite",
            "firstname": "Jonathan",
            "height": {
                "feets": "6",
                "inches": "7",
                "meters": "2.01"
            },
            "id": 2827,
            "lastname": "Kuminga",
            "leagues": {
                "sacramento": {
                    "active": true,
                    "jersey": null,
                    "pos": "F"
                },
                "standard": {
                    "active": true,
                    "jersey": null,
                    "pos": "F"
                },
                "vegas": {
                    "active": true,
                    "jersey": null,
                    "pos": "F"
                }
            },
            "nba": {
                "pro": 0,
                "start": 2021
            },
            "weight": {
                "kilograms": "102.1",
                "pounds": "225"
            }
        },
        {
            "affiliation": null,
            "birth": {
                "country": null,
                "date": null
            },
            "college": null,
            "firstname": "Kahlil",
            "height": {
                "feets": null,
                "inches": null,
                "meters": null
            },
            "id": 2674,
            "lastname": "Whitney",
            "leagues": {
                "sacramento": {
                    "active": true,
                    "jersey": 6,
                    "pos": "F"
                },
                "standard": {
                    "active": false,
                    "jersey": 5,
                    "pos": null
                },
                "vegas": {
                    "active": true,
                    "jersey": 23,
                    "pos": "F"
                }
            },
            "nba": {
                "pro": 0,
                "start": 0
            },
            "weight": {
                "kilograms": null,
                "pounds": null
            }
        },
        {
            "affiliation": "Boise State/USA",
            "birth": {
                "country": "USA",
                "date": "1997-09-17"
            },
            "college": "Boise State",
            "firstname": "Derrick",
            "height": {
                "feets": "6",
                "inches": "9",
                "meters": "2.06"
            },
            "id": 2940,
            "lastname": "Alston Jr.",
            "leagues": {
                "standard": {
                    "active": true,
                    "jersey": 10,
                    "pos": "F"
                },
                "vegas": {
                    "active": true,
                    "jersey": 27,
                    "pos": "F-G"
                }
            },
            "nba": {
                "pro": 0,
                "start": 0
            },
            "weight": {
                "kilograms": "86.2",
                "pounds": "190"
            }
        },
        {
            "affiliation": null,
            "birth": {
                "country": null,
                "date": null
            },
            "college": null,
            "firstname": "Justinian",
            "height": {
                "feets": null,
                "inches": null,
                "meters": null
            },
            "id": 2603,
            "lastname": "Jessup",
            "leagues": {
                "sacramento": {
                    "active": true,
                    "jersey": 10,
                    "pos": "G"
                },
                "standard": {
                    "active": true,
                    "jersey": null,
                    "pos": "G"
                },
                "vegas": {
                    "active": true,
                    "jersey": 10,
                    "pos": "G"
                }
            },
            "nba": {
                "pro": 0,
                "start": 0
            },
            "weight": {
                "kilograms": null,
                "pounds": null
            }
        },
        {
            "affiliation": "Rhode Island/USA",
            "birth": {
                "country": "USA",
                "date": "1997-05-10"
            },
            "college": "Rhode Island",
            "firstname": "Jeff",
            "height": {
                "feets": "6",
                "inches": "3",
                "meters": "1.9"
            },
            "id": 2878,
            "lastname": "Dowtin",
            "leagues": {
                "sacramento": {
                    "active": true,
                    "jersey": 25,
                    "pos": "G"
                },
                "standard": {
                    "active": true,
                    "jersey": 15,
                    "pos": "G"
                },
                "vegas": {
                    "active": true,
                    "jersey": 20,
                    "pos": "G"
                }
            },
            "nba": {
                "pro": 0,
                "start": 2021
            },
            "weight": {
                "kilograms": "81.6",
                "pounds": "180"
            }
        },
        {
            "affiliation": "Hofstra/USA",
            "birth": {
                "country": "USA",
                "date": "1997-05-31"
            },
            "college": "Hofstra",
            "firstname": "Elijah",
            "height": {
                "feets": "6",
                "inches": "5",
                "meters": "1.96"
            },
            "id": 2906,
            "lastname": "Pemberton",
            "leagues": {
                "sacramento": {
                    "active": true,
                    "jersey": 31,
                    "pos": "G"
                },
                "vegas": {
                    "active": true,
                    "jersey": 31,
                    "pos": "G"
                }
            },
            "nba": {
                "pro": 0,
                "start": 0
            },
            "weight": {
                "kilograms": "88.5",
                "pounds": "195"
            }
        },
        {
            "affiliation": "Azusa Pacific/USA",
            "birth": {
                "country": "USA",
                "date": "1998-07-20"
            },
            "college": "Azusa Pacific",
            "firstname": "Selom",
            "height": {
                "feets": "6",
                "inches": "10",
                "meters": "2.08"
            },
            "id": 2892,
            "lastname": "Mawugbe",
            "leagues": {
                "sacramento": {
                    "active": true,
                    "jersey": 21,
                    "pos": "C"
                },
                "vegas": {
                    "active": true,
                    "jersey": 21,
                    "pos": "C"
                }
            },
            "nba": {
                "pro": 0,
                "start": 0
            },
            "weight": {
                "kilograms": "104.3",
                "pounds": "230"
            }
        },
        {
            "affiliation": "Arkansas/USA",
            "birth": {
                "country": "USA",
                "date": "2002-05-31"
            },
            "college": "Arkansas",
            "firstname": "Moses",
            "height": {
                "feets": "6",
                "inches": "5",
                "meters": "1.96"
            },
            "id": 2836,
            "lastname": "Moody",
            "leagues": {
                "sacramento": {
                    "active": true,
                    "jersey": 4,
                    "pos": "G"
                },
                "standard": {
                    "active": true,
                    "jersey": 4,
                    "pos": "G"
                },
                "vegas": {
                    "active": true,
                    "jersey": 4,
                    "pos": "G"
                }
            },
            "nba": {
                "pro": 0,
                "start": 2021
            },
            "weight": {
                "kilograms": "95.7",
                "pounds": "211"
            }
        },
        {
            "affiliation": "California-Santa Barbara/USA",
            "birth": {
                "country": "USA",
                "date": "1998-01-29"
            },
            "college": "Cal-Santa Barbara",
            "firstname": "JaQuori",
            "height": {
                "feets": "6",
                "inches": "4",
                "meters": "1.93"
            },
            "id": 2895,
            "lastname": "McLaughlin",
            "leagues": {
                "sacramento": {
                    "active": true,
                    "jersey": 40,
                    "pos": "G"
                },
                "standard": {
                    "active": true,
                    "jersey": null,
                    "pos": "G"
                },
                "vegas": {
                    "active": true,
                    "jersey": 40,
                    "pos": "G"
                }
            },
            "nba": {
                "pro": 0,
                "start": 2021
            },
            "weight": {
                "kilograms": "86.2",
                "pounds": "190"
            }
        },
        {
            "affiliation": "San Diego State/USA",
            "birth": {
                "country": "USA",
                "date": "1998-06-13"
            },
            "college": "San Diego State",
            "firstname": "Jordan",
            "height": {
                "feets": "6",
                "inches": "6",
                "meters": "1.98"
            },
            "id": 2914,
            "lastname": "Schakel",
            "leagues": {
                "sacramento": {
                    "active": true,
                    "jersey": 43,
                    "pos": "G"
                },
                "standard": {
                    "active": true,
                    "jersey": 20,
                    "pos": "G"
                },
                "vegas": {
                    "active": true,
                    "jersey": 20,
                    "pos": "G-F"
                }
            },
            "nba": {
                "pro": 0,
                "start": 2021
            },
            "weight": {
                "kilograms": "90.7",
                "pounds": "200"
            }
        },
        {
            "affiliation": "Pepperdine/USA",
            "birth": {
                "country": "USA",
                "date": "1998-10-22"
            },
            "college": "Pepperdine",
            "firstname": "Colbey",
            "height": {
                "feets": "6",
                "inches": "1",
                "meters": "1.85"
            },
            "id": 2913,
            "lastname": "Ross",
            "leagues": {
                "sacramento": {
                    "active": true,
                    "jersey": 18,
                    "pos": "G"
                },
                "vegas": {
                    "active": true,
                    "jersey": 46,
                    "pos": "G"
                }
            },
            "nba": {
                "pro": 0,
                "start": 0
            },
            "weight": {
                "kilograms": "81.6",
                "pounds": "180"
            }
        },
        {
            "affiliation": null,
            "birth": {
                "country": null,
                "date": null
            },
            "college": null,
            "firstname": "LJ",
            "height": {
                "feets": null,
                "inches": null,
                "meters": null
            },
            "id": 3388,
            "lastname": "Figueroa",
            "leagues": {
                "standard": {
                    "active": true,
                    "jersey": null,
                    "pos": "G"
                },
                "vegas": {
                    "active": true,
                    "jersey": 30,
                    "pos": "G"
                }
            },
            "nba": {
                "pro": 0,
                "start": 0
            },
            "weight": {
                "kilograms": null,
                "pounds": null
            }
        },
        {
            "affiliation": "Davidson/USA",
            "birth": {
                "country": "USA",
                "date": "1988-03-14"
            },
            "college": "Davidson",
            "firstname": "Stephen",
            "height": {
                "feets": "6",
                "inches": "2",
                "meters": "1.88"
            },
            "id": 124,
            "lastname": "Curry",
            "leagues": {
                "standard": {
                    "active": true,
                    "jersey": 30,
                    "pos": "G"
                }
            },
            "nba": {
                "pro": 12,
                "start": 2009
            },
            "weight": {
                "kilograms": "83.9",
                "pounds": "185"
            }
        },
        {
            "affiliation": "Texas-Austin/USA",
            "birth": {
                "country": "USA",
                "date": "1990-11-26"
            },
            "college": "Texas-Austin",
            "firstname": "Avery",
            "height": {
                "feets": "6",
                "inches": "3",
                "meters": "1.9"
            },
            "id": 68,
            "lastname": "Bradley",
            "leagues": {
                "standard": {
                    "active": true,
                    "jersey": 20,
                    "pos": "G"
                }
            },
            "nba": {
                "pro": 11,
                "start": 2010
            },
            "weight": {
                "kilograms": "81.6",
                "pounds": "180"
            }
        },
        {
            "affiliation": "Fenerbahce/Serbia",
            "birth": {
                "country": "Serbia",
                "date": "1988-05-09"
            },
            "college": "Fenerbahce",
            "firstname": "Nemanja",
            "height": {
                "feets": "6",
                "inches": "9",
                "meters": "2.06"
            },
            "id": 55,
            "lastname": "Bjelica",
            "leagues": {
                "standard": {
                    "active": true,
                    "jersey": 8,
                    "pos": "F"
                }
            },
            "nba": {
                "pro": 6,
                "start": 2015
            },
            "weight": {
                "kilograms": "106.1",
                "pounds": "234"
            }
        },
        {
            "affiliation": "Washington State/USA",
            "birth": {
                "country": "USA",
                "date": "1990-02-08"
            },
            "college": "Washington State",
            "firstname": "Klay",
            "height": {
                "feets": "6",
                "inches": "6",
                "meters": "1.98"
            },
            "id": 514,
            "lastname": "Thompson",
            "leagues": {
                "standard": {
                    "active": true,
                    "jersey": 11,
                    "pos": "G"
                }
            },
            "nba": {
                "pro": 8,
                "start": 2011
            },
            "weight": {
                "kilograms": "99.8",
                "pounds": "220"
            }
        },
        {
            "affiliation": "Michigan State/USA",
            "birth": {
                "country": "USA",
                "date": "1990-03-04"
            },
            "college": "Michigan State",
            "firstname": "Draymond",
            "height": {
                "feets": "6",
                "inches": "6",
                "meters": "1.98"
            },
            "id": 204,
            "lastname": "Green",
            "leagues": {
                "standard": {
                    "active": true,
                    "jersey": 23,
                    "pos": "F"
                }
            },
            "nba": {
                "pro": 9,
                "start": 2012
            },
            "weight": {
                "kilograms": "104.3",
                "pounds": "230"
            }
        },
        {
            "affiliation": "Georgetown/USA",
            "birth": {
                "country": "USA",
                "date": "1993-06-03"
            },
            "college": "Georgetown",
            "firstname": "Otto",
            "height": {
                "feets": "6",
                "inches": "8",
                "meters": "2.03"
            },
            "id": 430,
            "lastname": "Porter Jr.",
            "leagues": {
                "standard": {
                    "active": true,
                    "jersey": 32,
                    "pos": "F"
                }
            },
            "nba": {
                "pro": 8,
                "start": 2013
            },
            "weight": {
                "kilograms": "89.8",
                "pounds": "198"
            }
        },
        {
            "affiliation": "Kansas/Canada",
            "birth": {
                "country": "Canada",
                "date": "1995-02-23"
            },
            "college": "Kansas",
            "firstname": "Andrew",
            "height": {
                "feets": "6",
                "inches": "7",
                "meters": "2.01"
            },
            "id": 548,
            "lastname": "Wiggins",
            "leagues": {
                "standard": {
                    "active": true,
                    "jersey": 22,
                    "pos": "F"
                }
            },
            "nba": {
                "pro": 7,
                "start": 2014
            },
            "weight": {
                "kilograms": "89.4",
                "pounds": "197"
            }
        },
        {
            "affiliation": "St. Joseph's (PA)/USA",
            "birth": {
                "country": "USA",
                "date": "1991-12-09"
            },
            "college": "St. Joseph's (PA)",
            "firstname": "Langston",
            "height": {
                "feets": null,
                "inches": null,
                "meters": null
            },
            "id": 182,
            "lastname": "Galloway",
            "leagues": {
                "standard": {
                    "active": true,
                    "jersey": 11,
                    "pos": "G"
                }
            },
            "nba": {
                "pro": 0,
                "start": 2014
            },
            "weight": {
                "kilograms": null,
                "pounds": null
            }
        },
        {
            "affiliation": null,
            "birth": {
                "country": null,
                "date": "1994-09-14"
            },
            "college": "Louisiana-Monroe",
            "firstname": "Travis",
            "height": {
                "feets": "6",
                "inches": "6",
                "meters": "1.98"
            },
            "id": 2899,
            "lastname": "Munnings",
            "leagues": {
                "sacramento": {
                    "active": true,
                    "jersey": 45,
                    "pos": "F"
                },
                "vegas": {
                    "active": true,
                    "jersey": 45,
                    "pos": "F"
                }
            },
            "nba": {
                "pro": 0,
                "start": 0
            },
            "weight": {
                "kilograms": "90.7",
                "pounds": "200"
            }
        },
        {
            "affiliation": null,
            "birth": {
                "country": null,
                "date": "1993-11-06"
            },
            "college": "Kentucky",
            "firstname": "Tim",
            "height": {
                "feets": "6",
                "inches": "8",
                "meters": "2.03"
            },
            "id": 2930,
            "lastname": "Williams",
            "leagues": {
                "sacramento": {
                    "active": true,
                    "jersey": 36,
                    "pos": "F"
                },
                "vegas": {
                    "active": true,
                    "jersey": 36,
                    "pos": "F"
                }
            },
            "nba": {
                "pro": 0,
                "start": 0
            },
            "weight": {
                "kilograms": "99.8",
                "pounds": "220"
            }
        },
        {
            "affiliation": "Arizona/USA",
            "birth": {
                "country": "USA",
                "date": "1984-01-28"
            },
            "college": "Arizona",
            "firstname": "Andre",
            "height": {
                "feets": "6",
                "inches": "6",
                "meters": "1.98"
            },
            "id": 256,
            "lastname": "Iguodala",
            "leagues": {
                "standard": {
                    "active": true,
                    "jersey": 9,
                    "pos": "G-F"
                }
            },
            "nba": {
                "pro": 17,
                "start": 2004
            },
            "weight": {
                "kilograms": "97.5",
                "pounds": "215"
            }
        }
    ],
    "results": 37
}