{
    "errors": [],
    "get": "players/",
    "parameters": {
        "season": "2019",
        "team": "11"
    },
    "response": [
        {
            "affiliation": null,
            "birth": {
                "country": null,
                "date": null
            },
            "college": null,
            "firstname": "Andrew",
            "height": {
                "feets": null,
                "inches": null,
                "meters": null
            },
            "id": 224,
            "lastname": "Harrison",
            "leagues": {
                "standard": {
                    "active": false,
                    "jersey": 33,
                    "pos": null
                }
            },
            "nba": {
                "pro": 0,
                "start": 0
            },
            "weight": {
                "kilograms": null,
                "pounds": null
            }
        },
        {
            "affiliation": "Ohio State/USA",
            "birth": {
                "country": "USA",
                "date": "1996-02-23"
            },
            "college": "Ohio State",
            "firstname": "D'Angelo",
            "height": {
                "feets": "6",
                "inches": "4",
                "meters": "1.93"
            },
            "id": 462,
            "lastname": "Russell",
            "leagues": {
                "standard": {
                    "active": true,
                    "jersey": null,
                    "pos": "G"
                }
            },
            "nba": {
                "pro": 6,
                "start": 2015
            },
            "weight": {
                "kilograms": "87.5",
                "pounds": "193"
            }
        },
        {
            "affiliation": "Kentucky/USA",
            "birth": {
                "country": "USA",
                "date": "1993-08-18"
            },
            "college": "Kentucky",
            "firstname": "Willie",
            "height": {
                "feets": null,
                "inches": null,
                "meters": null
            },
            "id": 97,
            "lastname": "Cauley-Stein",
            "leagues": {
                "standard": {
                    "active": true,
                    "jersey": null,
                    "pos": "C"
                }
            },
            "nba": {
                "pro": 0,
                "start": 2015
            },
            "weight": {
                "kilograms": null,
                "pounds": null
            }
        },
        {
            "affiliation": "UCLA/USA",
            "birth": {
                "country": "USA",
                "date": "1996-02-06"
            },
            "college": "UCLA",
            "firstname": "Kevon",
            "height": {
                "feets": "6",
                "inches": "9",
                "meters": "2.06"
            },
            "id": 322,
            "lastname": "Looney",
            "leagues": {
                "standard": {
                    "active": true,
                    "jersey": 5,
                    "pos": "F"
                }
            },
            "nba": {
                "pro": 6,
                "start": 2015
            },
            "weight": {
                "kilograms": "100.7",
                "pounds": "222"
            }
        },
        {
            "affiliation": null,
            "birth": {
                "country": null,
                "date": null
            },
            "college": null,
            "firstname": "Chasson",
            "height": {
                "feets": null,
                "inches": null,
                "meters": null
            },
            "id": 580,
            "lastname": "Randle",
            "leagues": {
                "standard": {
                    "active": true,
                    "jersey": 4,
                    "pos": "G"
                },
                "vegas": {
                    "active": true,
                    "jersey": 5,
                    "pos": "G"
                }
            },
            "nba": {
                "pro": 0,
                "start": 0
            },
            "weight": {
                "kilograms": null,
                "pounds": null
            }
        },
        {
            "affiliation": "Texas-El Paso/USA",
            "birth": {
                "country": "USA",
                "date": "1991-12-18"
            },
            "college": "Texas-El Paso",
            "firstname": "Julian",
            "height": {
                "feets": "6",
                "inches": "8",
                "meters": "2.03"
            },
            "id": 1816,
            "lastname": "Washburn",
            "leagues": {
                "standard": {
                    "active": true,
                    "jersey": null,
                    "pos": "F-G"
                },
                "utah": {
                    "active": true,
                    "jersey": 4,
                    "pos": "F"
                },
                "vegas": {
                    "active": true,
                    "jersey": 4,
                    "pos": "F"
                }
            },
            "nba": {
                "pro": 1,
                "start": 2018
            },
            "weight": {
                "kilograms": "94.8",
                "pounds": "209"
            }
        },
        {
            "affiliation": null,
            "birth": {
                "country": null,
                "date": null
            },
            "college": null,
            "firstname": "Dragan",
            "height": {
                "feets": null,
                "inches": null,
                "meters": null
            },
            "id": 50,
            "lastname": "Bender",
            "leagues": {
                "standard": {
                    "active": false,
                    "jersey": 17,
                    "pos": null
                },
                "vegas": {
                    "active": true,
                    "jersey": 35,
                    "pos": "F"
                }
            },
            "nba": {
                "pro": 0,
                "start": 0
            },
            "weight": {
                "kilograms": null,
                "pounds": null
            }
        },
        {
            "affiliation": "Washington/USA",
            "birth": {
                "country": "USA",
                "date": "1997-07-02"
            },
            "college": "Washington",
            "firstname": "Marquese",
            "height": {
                "feets": "6",
                "inches": "9",
                "meters": "2.06"
            },
            "id": 104,
            "lastname": "Chriss",
            "leagues": {
                "standard": {
                    "active": true,
                    "jersey": 14,
                    "pos": "F"
                }
            },
            "nba": {
                "pro": 5,
                "start": 2016
            },
            "weight": {
                "kilograms": "108.9",
                "pounds": "240"
            }
        },
        {
            "affiliation": "Vanderbilt/USA",
            "birth": {
                "country": "USA",
                "date": "1995-06-30"
            },
            "college": "Vanderbilt",
            "firstname": "Damian",
            "height": {
                "feets": "6",
                "inches": "11",
                "meters": "2.11"
            },
            "id": 281,
            "lastname": "Jones",
            "leagues": {
                "sacramento": {
                    "active": true,
                    "jersey": 25,
                    "pos": "C"
                },
                "standard": {
                    "active": true,
                    "jersey": 30,
                    "pos": "C"
                },
                "vegas": {
                    "active": true,
                    "jersey": 15,
                    "pos": "C"
                }
            },
            "nba": {
                "pro": 5,
                "start": 2016
            },
            "weight": {
                "kilograms": "111.1",
                "pounds": "245"
            }
        },
        {
            "affiliation": "Syracuse/USA",
            "birth": {
                "country": "USA",
                "date": "1996-01-05"
            },
            "college": "Syracuse",
            "firstname": "Malachi",
            "height": {
                "feets": "6",
                "inches": "6",
                "meters": "1.98"
            },
            "id": 447,
            "lastname": "Richardson",
            "leagues": {
                "sacramento": {
                    "active": true,
                    "jersey": 22,
                    "pos": "F-G"
                },
                "standard": {
                    "active": true,
                    "jersey": 22,
                    "pos": "G"
                },
                "vegas": {
                    "active": true,
                    "jersey": 28,
                    "pos": "F"
                }
            },
            "nba": {
                "pro": 2,
                "start": 2016
            },
            "weight": {
                "kilograms": "93.0",
                "pounds": "205"
            }
        },
        {
            "affiliation": "Drexel/USA",
            "birth": {
                "country": "USA",
                "date": "1992-10-21"
            },
            "college": "Drexel",
            "firstname": "Damion",
            "height": {
                "feets": "6",
                "inches": "5",
                "meters": "1.96"
            },
            "id": 599,
            "lastname": "Lee",
            "leagues": {
                "standard": {
                    "active": true,
                    "jersey": 10,
                    "pos": "G-F"
                }
            },
            "nba": {
                "pro": 4,
                "start": 2017
            },
            "weight": {
                "kilograms": "95.3",
                "pounds": "210"
            }
        },
        {
            "affiliation": "Wisconsin-Green Bay/USA",
            "birth": {
                "country": "USA",
                "date": "1992-09-17"
            },
            "college": "Wisc.-Green Bay",
            "firstname": "Alfonzo",
            "height": {
                "feets": null,
                "inches": null,
                "meters": null
            },
            "id": 835,
            "lastname": "McKinnie",
            "leagues": {
                "standard": {
                    "active": false,
                    "jersey": 28,
                    "pos": null
                },
                "vegas": {
                    "active": true,
                    "jersey": 34,
                    "pos": "F"
                }
            },
            "nba": {
                "pro": 0,
                "start": 2017
            },
            "weight": {
                "kilograms": null,
                "pounds": null
            }
        },
        {
            "affiliation": "Miami/USA",
            "birth": {
                "country": "USA",
                "date": "1995-06-11"
            },
            "college": "Miami",
            "firstname": "Davon",
            "height": {
                "feets": "6",
                "inches": "5",
                "meters": "1.96"
            },
            "id": 865,
            "lastname": "Reed",
            "leagues": {
                "sacramento": {
                    "active": true,
                    "jersey": 31,
                    "pos": "F-G"
                },
                "standard": {
                    "active": true,
                    "jersey": 9,
                    "pos": "G"
                },
                "vegas": {
                    "active": true,
                    "jersey": 34,
                    "pos": "F"
                }
            },
            "nba": {
                "pro": 2,
                "start": 2017
            },
            "weight": {
                "kilograms": "93.4",
                "pounds": "206"
            }
        },
        {
            "affiliation": null,
            "birth": {
                "country": null,
                "date": null
            },
            "college": null,
            "firstname": "Mychal",
            "height": {
                "feets": null,
                "inches": null,
                "meters": null
            },
            "id": 2201,
            "lastname": "Mulder",
            "leagues": {
                "sacramento": {
                    "active": true,
                    "jersey": 12,
                    "pos": "G"
                },
                "standard": {
                    "active": true,
                    "jersey": 15,
                    "pos": "G"
                },
                "vegas": {
                    "active": true,
                    "jersey": 12,
                    "pos": "G"
                }
            },
            "nba": {
                "pro": 0,
                "start": 0
            },
            "weight": {
                "kilograms": null,
                "pounds": null
            }
        },
        {
            "affiliation": "Cincinnati/USA",
            "birth": {
                "country": "USA",
                "date": "1997-06-18"
            },
            "college": "Cincinnati",
            "firstname": "Jacob",
            "height": {
                "feets": "6",
                "inches": "4",
                "meters": "1.93"
            },
            "id": 967,
            "lastname": "Evans",
            "leagues": {
                "sacramento": {
                    "active": true,
                    "jersey": 10,
                    "pos": "G"
                },
                "standard": {
                    "active": true,
                    "jersey": 44,
                    "pos": "G-F"
                },
                "vegas": {
                    "active": true,
                    "jersey": 10,
                    "pos": "G"
                }
            },
            "nba": {
                "pro": 2,
                "start": 0
            },
            "weight": {
                "kilograms": "95.3",
                "pounds": "210"
            }
        },
        {
            "affiliation": null,
            "birth": {
                "country": null,
                "date": null
            },
            "college": null,
            "firstname": "Omari",
            "height": {
                "feets": null,
                "inches": null,
                "meters": null
            },
            "id": 1028,
            "lastname": "Spellman",
            "leagues": {
                "standard": {
                    "active": false,
                    "jersey": 2,
                    "pos": null
                },
                "utah": {
                    "active": true,
                    "jersey": 6,
                    "pos": "F"
                },
                "vegas": {
                    "active": true,
                    "jersey": 14,
                    "pos": "C-F"
                }
            },
            "nba": {
                "pro": 0,
                "start": 0
            },
            "weight": {
                "kilograms": null,
                "pounds": null
            }
        },
        {
            "affiliation": null,
            "birth": {
                "country": null,
                "date": null
            },
            "college": null,
            "firstname": "Ky",
            "height": {
                "feets": null,
                "inches": null,
                "meters": null
            },
            "id": 1908,
            "lastname": "Bowman",
            "leagues": {
                "sacramento": {
                    "active": true,
                    "jersey": null,
                    "pos": "G"
                },
                "standard": {
                    "active": false,
                    "jersey": null,
                    "pos": null
                },
                "vegas": {
                    "active": true,
                    "jersey": 18,
                    "pos": "G"
                }
            },
            "nba": {
                "pro": 0,
                "start": 0
            },
            "weight": {
                "kilograms": null,
                "pounds": null
            }
        },
        {
            "affiliation": null,
            "birth": {
                "country": null,
                "date": null
            },
            "college": null,
            "firstname": "Brandon",
            "height": {
                "feets": null,
                "inches": null,
                "meters": null
            },
            "id": 1608,
            "lastname": "Sampson",
            "leagues": {
                "sacramento": {
                    "active": true,
                    "jersey": 44,
                    "pos": "G"
                },
                "standard": {
                    "active": true,
                    "jersey": 44,
                    "pos": "G"
                },
                "utah": {
                    "active": true,
                    "jersey": 30,
                    "pos": "G"
                },
                "vegas": {
                    "active": true,
                    "jersey": 44,
                    "pos": "G"
                }
            },
            "nba": {
                "pro": 0,
                "start": 0
            },
            "weight": {
                "kilograms": null,
                "pounds": null
            }
        },
        {
            "affiliation": null,
            "birth": {
                "country": null,
                "date": null
            },
            "college": null,
            "firstname": "Juan",
            "height": {
                "feets": null,
                "inches": null,
                "meters": null
            },
            "id": 1934,
            "lastname": "Toscano-Anderson",
            "leagues": {
                "sacramento": {
                    "active": true,
                    "jersey": 8,
                    "pos": "F"
                },
                "standard": {
                    "active": true,
                    "jersey": 95,
                    "pos": "F"
                },
                "vegas": {
                    "active": true,
                    "jersey": 8,
                    "pos": "F"
                }
            },
            "nba": {
                "pro": 0,
                "start": 0
            },
            "weight": {
                "kilograms": null,
                "pounds": null
            }
        },
        {
            "affiliation": "Beko/Serbia",
            "birth": {
                "country": "Serbia",
                "date": "2000-08-18"
            },
            "college": "Beko",
            "firstname": "Alen",
            "height": {
                "feets": "6",
                "inches": "10",
                "meters": "2.08"
            },
            "id": 1895,
            "lastname": "Smailagic",
            "leagues": {
                "sacramento": {
                    "active": true,
                    "jersey": 6,
                    "pos": "C-F"
                },
                "standard": {
                    "active": true,
                    "jersey": 6,
                    "pos": "F"
                },
                "vegas": {
                    "active": true,
                    "jersey": 6,
                    "pos": "C-F"
                }
            },
            "nba": {
                "pro": 1,
                "start": 2019
            },
            "weight": {
                "kilograms": "97.5",
                "pounds": "215"
            }
        },
        {
            "affiliation": null,
            "birth": {
                "country": null,
                "date": null
            },
            "college": null,
            "firstname": "Dedric",
            "height": {
                "feets": null,
                "inches": null,
                "meters": null
            },
            "id": 1920,
            "lastname": "Lawson",
            "leagues": {
                "sacramento": {
                    "active": true,
                    "jersey": 18,
                    "pos": "C-F"
                },
                "standard": {
                    "active": false,
                    "jersey": 17,
                    "pos": null
                },
                "vegas": {
                    "active": true,
                    "jersey": 30,
                    "pos": "F"
                }
            },
            "nba": {
                "pro": 0,
                "start": 0
            },
            "weight": {
                "kilograms": null,
                "pounds": null
            }
        },
        {
            "affiliation": null,
            "birth": {
                "country": null,
                "date": null
            },
            "college": null,
            "firstname": "Zach",
            "height": {
                "feets": null,
                "inches": null,
                "meters": null
            },
            "id": 1923,
            "lastname": "Norvell Jr.",
            "leagues": {
                "sacramento": {
                    "active": true,
                    "jersey": 11,
                    "pos": "G"
                },
                "standard": {
                    "active": false,
                    "jersey": 25,
                    "pos": null
                },
                "utah": {
                    "active": true,
                    "jersey": 18,
                    "pos": "G"
                },
                "vegas": {
                    "active": true,
                    "jersey": 18,
                    "pos": "G"
                }
            },
            "nba": {
                "pro": 0,
                "start": 0
            },
            "weight": {
                "kilograms": null,
                "pounds": null
            }
        },
        {
            "affiliation": "Villanova/USA",
            "birth": {
                "country": "USA",
                "date": "1996-11-04"
            },
            "college": "Villanova",
            "firstname": "Eric",
            "height": {
                "feets": "6",
                "inches": "6",
                "meters": "1.98"
            },
            "id": 1886,
            "lastname": "Paschall",
            "leagues": {
                "sacramento": {
                    "active": true,
                    "jersey": 7,
                    "pos": "F"
                },
                "standard": {
                    "active": true,
                    "jersey": 9,
                    "pos": "F"
                },
                "vegas": {
                    "active": true,
                    "jersey": 7,
                    "pos": "F"
                }
            },
            "nba": {
                "pro": 2,
                "start": 2019
            },
            "weight": {
                "kilograms": "115.7",
                "pounds": "255"
            }
        },
        {
            "affiliation": "Michigan/USA",
            "birth": {
                "country": "USA",
                "date": "1999-06-19"
            },
            "college": "Michigan",
            "firstname": "Jordan",
            "height": {
                "feets": "6",
                "inches": "4",
                "meters": "1.93"
            },
            "id": 1887,
            "lastname": "Poole",
            "leagues": {
                "sacramento": {
                    "active": true,
                    "jersey": 3,
                    "pos": "G"
                },
                "standard": {
                    "active": true,
                    "jersey": 3,
                    "pos": "G"
                },
                "vegas": {
                    "active": true,
                    "jersey": 3,
                    "pos": "G"
                }
            },
            "nba": {
                "pro": 2,
                "start": 2019
            },
            "weight": {
                "kilograms": "88.0",
                "pounds": "194"
            }
        },
        {
            "affiliation": null,
            "birth": {
                "country": null,
                "date": null
            },
            "college": null,
            "firstname": "Kavion",
            "height": {
                "feets": null,
                "inches": null,
                "meters": null
            },
            "id": 2519,
            "lastname": "Pippen",
            "leagues": {
                "standard": {
                    "active": false,
                    "jersey": 31,
                    "pos": null
                }
            },
            "nba": {
                "pro": 0,
                "start": 0
            },
            "weight": {
                "kilograms": null,
                "pounds": null
            }
        },
        {
            "affiliation": "Davidson/USA",
            "birth": {
                "country": "USA",
                "date": "1988-03-14"
            },
            "college": "Davidson",
            "firstname": "Stephen",
            "height": {
                "feets": "6",
                "inches": "2",
                "meters": "1.88"
            },
            "id": 124,
            "lastname": "Curry",
            "leagues": {
                "standard": {
                    "active": true,
                    "jersey": 30,
                    "pos": "G"
                }
            },
            "nba": {
                "pro": 12,
                "start": 2009
            },
            "weight": {
                "kilograms": "83.9",
                "pounds": "185"
            }
        },
        {
            "affiliation": "Brigham Young/USA",
            "birth": {
                "country": "USA",
                "date": "1989-02-25"
            },
            "college": "Brigham Young",
            "firstname": "Jimmer",
            "height": {
                "feets": "6",
                "inches": "2",
                "meters": "1.88"
            },
            "id": 1780,
            "lastname": "Fredette",
            "leagues": {
                "sacramento": {
                    "active": true,
                    "jersey": 33,
                    "pos": "G"
                },
                "standard": {
                    "active": true,
                    "jersey": 32,
                    "pos": "F"
                },
                "vegas": {
                    "active": true,
                    "jersey": 33,
                    "pos": "G"
                }
            },
            "nba": {
                "pro": 6,
                "start": 2011
            },
            "weight": {
                "kilograms": "88.5",
                "pounds": "195"
            }
        },
        {
            "affiliation": "Washington State/USA",
            "birth": {
                "country": "USA",
                "date": "1990-02-08"
            },
            "college": "Washington State",
            "firstname": "Klay",
            "height": {
                "feets": "6",
                "inches": "6",
                "meters": "1.98"
            },
            "id": 514,
            "lastname": "Thompson",
            "leagues": {
                "standard": {
                    "active": true,
                    "jersey": 11,
                    "pos": "G"
                }
            },
            "nba": {
                "pro": 8,
                "start": 2011
            },
            "weight": {
                "kilograms": "99.8",
                "pounds": "220"
            }
        },
        {
            "affiliation": "Colorado/USA",
            "birth": {
                "country": "USA",
                "date": "1991-07-20"
            },
            "college": "Colorado",
            "firstname": "Alec",
            "height": {
                "feets": "6",
                "inches": "6",
                "meters": "1.98"
            },
            "id": 84,
            "lastname": "Burks",
            "leagues": {
                "standard": {
                    "active": true,
                    "jersey": 5,
                    "pos": "G"
                }
            },
            "nba": {
                "pro": 10,
                "start": 2011
            },
            "weight": {
                "kilograms": "97.1",
                "pounds": "214"
            }
        },
        {
            "affiliation": null,
            "birth": {
                "country": null,
                "date": null
            },
            "college": null,
            "firstname": "Jeremy",
            "height": {
                "feets": null,
                "inches": null,
                "meters": null
            },
            "id": 2554,
            "lastname": "Pargo",
            "leagues": {
                "standard": {
                    "active": false,
                    "jersey": 20,
                    "pos": null
                }
            },
            "nba": {
                "pro": 0,
                "start": 0
            },
            "weight": {
                "kilograms": null,
                "pounds": null
            }
        },
        {
            "affiliation": "Michigan State/USA",
            "birth": {
                "country": "USA",
                "date": "1990-03-04"
            },
            "college": "Michigan State",
            "firstname": "Draymond",
            "height": {
                "feets": "6",
                "inches": "6",
                "meters": "1.98"
            },
            "id": 204,
            "lastname": "Green",
            "leagues": {
                "standard": {
                    "active": true,
                    "jersey": 23,
                    "pos": "F"
                }
            },
            "nba": {
                "pro": 9,
                "start": 2012
            },
            "weight": {
                "kilograms": "104.3",
                "pounds": "230"
            }
        },
        {
            "affiliation": null,
            "birth": {
                "country": null,
                "date": null
            },
            "college": null,
            "firstname": "Devyn",
            "height": {
                "feets": null,
                "inches": null,
                "meters": null
            },
            "id": 336,
            "lastname": "Marble",
            "leagues": {
                "standard": {
                    "active": false,
                    "jersey": 15,
                    "pos": null
                },
                "vegas": {
                    "active": true,
                    "jersey": 17,
                    "pos": "G-F"
                }
            },
            "nba": {
                "pro": 0,
                "start": 0
            },
            "weight": {
                "kilograms": null,
                "pounds": null
            }
        },
        {
            "affiliation": "Michigan/USA",
            "birth": {
                "country": "USA",
                "date": "1994-01-08"
            },
            "college": "Michigan",
            "firstname": "Glenn",
            "height": {
                "feets": null,
                "inches": null,
                "meters": null
            },
            "id": 451,
            "lastname": "Robinson III",
            "leagues": {
                "standard": {
                    "active": false,
                    "jersey": 30,
                    "pos": null
                }
            },
            "nba": {
                "pro": 0,
                "start": 2014
            },
            "weight": {
                "kilograms": null,
                "pounds": null
            }
        },
        {
            "affiliation": "Kansas/Canada",
            "birth": {
                "country": "Canada",
                "date": "1995-02-23"
            },
            "college": "Kansas",
            "firstname": "Andrew",
            "height": {
                "feets": "6",
                "inches": "7",
                "meters": "2.01"
            },
            "id": 548,
            "lastname": "Wiggins",
            "leagues": {
                "standard": {
                    "active": true,
                    "jersey": 22,
                    "pos": "F"
                }
            },
            "nba": {
                "pro": 7,
                "start": 2014
            },
            "weight": {
                "kilograms": "89.4",
                "pounds": "197"
            }
        },
        {
            "affiliation": "UCLA/USA",
            "birth": {
                "country": "USA",
                "date": "1990-09-21"
            },
            "college": "UCLA",
            "firstname": "Travis",
            "height": {
                "feets": "6",
                "inches": "9",
                "meters": "2.06"
            },
            "id": 712,
            "lastname": "Wear",
            "leagues": {
                "sacramento": {
                    "active": true,
                    "jersey": 20,
                    "pos": "F"
                },
                "standard": {
                    "active": true,
                    "jersey": 21,
                    "pos": "F"
                },
                "vegas": {
                    "active": true,
                    "jersey": 20,
                    "pos": "F"
                }
            },
            "nba": {
                "pro": 2,
                "start": 2014
            },
            "weight": {
                "kilograms": "99.3",
                "pounds": "219"
            }
        },
        {
            "affiliation": null,
            "birth": {
                "country": null,
                "date": null
            },
            "college": null,
            "firstname": "Malik",
            "height": {
                "feets": null,
                "inches": null,
                "meters": null
            },
            "id": 2066,
            "lastname": "Dunbar",
            "leagues": {
                "sacramento": {
                    "active": true,
                    "jersey": 40,
                    "pos": "F"
                },
                "vegas": {
                    "active": true,
                    "jersey": 40,
                    "pos": "F"
                }
            },
            "nba": {
                "pro": 0,
                "start": 0
            },
            "weight": {
                "kilograms": null,
                "pounds": null
            }
        },
        {
            "affiliation": null,
            "birth": {
                "country": null,
                "date": null
            },
            "college": null,
            "firstname": "Ebuka",
            "height": {
                "feets": null,
                "inches": null,
                "meters": null
            },
            "id": 2067,
            "lastname": "Izundu",
            "leagues": {
                "sacramento": {
                    "active": true,
                    "jersey": 15,
                    "pos": "C"
                },
                "vegas": {
                    "active": true,
                    "jersey": 15,
                    "pos": "C"
                }
            },
            "nba": {
                "pro": 0,
                "start": 0
            },
            "weight": {
                "kilograms": null,
                "pounds": null
            }
        },
        {
            "affiliation": null,
            "birth": {
                "country": null,
                "date": null
            },
            "college": null,
            "firstname": "Kevin",
            "height": {
                "feets": null,
                "inches": null,
                "meters": null
            },
            "id": 2068,
            "lastname": "McClain",
            "leagues": {
                "sacramento": {
                    "active": true,
                    "jersey": 19,
                    "pos": "G"
                },
                "vegas": {
                    "active": true,
                    "jersey": 19,
                    "pos": "G"
                }
            },
            "nba": {
                "pro": 0,
                "start": 0
            },
            "weight": {
                "kilograms": null,
                "pounds": null
            }
        }
    ],
    "results": 38
}