{
    "errors": [],
    "get": "players/",
    "parameters": {
        "season": "2020",
        "team": "11"
    },
    "response": [
        {
            "affiliation": "Kansas/USA",
            "birth": {
                "country": "USA",
                "date": "1995-12-09"
            },
            "college": "Kansas",
            "firstname": "Kelly",
            "height": {
                "feets": "6",
                "inches": "6",
                "meters": "1.98"
            },
            "id": 407,
            "lastname": "Oubre Jr.",
            "leagues": {
                "standard": {
                    "active": true,
                    "jersey": 12,
                    "pos": "F-G"
                }
            },
            "nba": {
                "pro": 6,
                "start": 2015
            },
            "weight": {
                "kilograms": "92.1",
                "pounds": "203"
            }
        },
        {
            "affiliation": "UCLA/USA",
            "birth": {
                "country": "USA",
                "date": "1996-02-06"
            },
            "college": "UCLA",
            "firstname": "Kevon",
            "height": {
                "feets": "6",
                "inches": "9",
                "meters": "2.06"
            },
            "id": 322,
            "lastname": "Looney",
            "leagues": {
                "standard": {
                    "active": true,
                    "jersey": 5,
                    "pos": "F"
                }
            },
            "nba": {
                "pro": 6,
                "start": 2015
            },
            "weight": {
                "kilograms": "100.7",
                "pounds": "222"
            }
        },
        {
            "affiliation": "Strasbourg IG/France",
            "birth": {
                "country": "France",
                "date": "1992-07-23"
            },
            "college": "Strasbourg IG",
            "firstname": "Axel",
            "height": {
                "feets": "6",
                "inches": "7",
                "meters": "2.01"
            },
            "id": 518,
            "lastname": "Toupane",
            "leagues": {
                "standard": {
                    "active": true,
                    "jersey": 66,
                    "pos": "G-F"
                }
            },
            "nba": {
                "pro": 3,
                "start": 2015
            },
            "weight": {
                "kilograms": "95.3",
                "pounds": "210"
            }
        },
        {
            "affiliation": "Washington/USA",
            "birth": {
                "country": "USA",
                "date": "1997-07-02"
            },
            "college": "Washington",
            "firstname": "Marquese",
            "height": {
                "feets": "6",
                "inches": "9",
                "meters": "2.06"
            },
            "id": 104,
            "lastname": "Chriss",
            "leagues": {
                "standard": {
                    "active": true,
                    "jersey": 14,
                    "pos": "F"
                }
            },
            "nba": {
                "pro": 5,
                "start": 2016
            },
            "weight": {
                "kilograms": "108.9",
                "pounds": "240"
            }
        },
        {
            "affiliation": "Oregon State/USA",
            "birth": {
                "country": "USA",
                "date": "1992-12-01"
            },
            "college": "Oregon State",
            "firstname": "Gary",
            "height": {
                "feets": "6",
                "inches": "3",
                "meters": "1.9"
            },
            "id": 593,
            "lastname": "Payton II",
            "leagues": {
                "sacramento": {
                    "active": true,
                    "jersey": null,
                    "pos": "G"
                },
                "standard": {
                    "active": true,
                    "jersey": null,
                    "pos": "G"
                },
                "vegas": {
                    "active": true,
                    "jersey": null,
                    "pos": "G"
                }
            },
            "nba": {
                "pro": 5,
                "start": 2016
            },
            "weight": {
                "kilograms": "88.5",
                "pounds": "195"
            }
        },
        {
            "affiliation": "Drexel/USA",
            "birth": {
                "country": "USA",
                "date": "1992-10-21"
            },
            "college": "Drexel",
            "firstname": "Damion",
            "height": {
                "feets": "6",
                "inches": "5",
                "meters": "1.96"
            },
            "id": 599,
            "lastname": "Lee",
            "leagues": {
                "standard": {
                    "active": true,
                    "jersey": 10,
                    "pos": "G-F"
                }
            },
            "nba": {
                "pro": 4,
                "start": 2017
            },
            "weight": {
                "kilograms": "95.3",
                "pounds": "210"
            }
        },
        {
            "affiliation": "Oregon/USA",
            "birth": {
                "country": "USA",
                "date": "1995-01-07"
            },
            "college": "Oregon",
            "firstname": "Jordan",
            "height": {
                "feets": "6",
                "inches": "7",
                "meters": "2.01"
            },
            "id": 738,
            "lastname": "Bell",
            "leagues": {
                "sacramento": {
                    "active": true,
                    "jersey": 2,
                    "pos": "F"
                },
                "standard": {
                    "active": true,
                    "jersey": 20,
                    "pos": "F"
                },
                "vegas": {
                    "active": true,
                    "jersey": 24,
                    "pos": "F"
                }
            },
            "nba": {
                "pro": 4,
                "start": 2017
            },
            "weight": {
                "kilograms": "98.0",
                "pounds": "216"
            }
        },
        {
            "affiliation": null,
            "birth": {
                "country": null,
                "date": null
            },
            "college": null,
            "firstname": "Mychal",
            "height": {
                "feets": null,
                "inches": null,
                "meters": null
            },
            "id": 2201,
            "lastname": "Mulder",
            "leagues": {
                "sacramento": {
                    "active": true,
                    "jersey": 12,
                    "pos": "G"
                },
                "standard": {
                    "active": true,
                    "jersey": 15,
                    "pos": "G"
                },
                "vegas": {
                    "active": true,
                    "jersey": 12,
                    "pos": "G"
                }
            },
            "nba": {
                "pro": 0,
                "start": 0
            },
            "weight": {
                "kilograms": null,
                "pounds": null
            }
        },
        {
            "affiliation": null,
            "birth": {
                "country": null,
                "date": null
            },
            "college": null,
            "firstname": "Juan",
            "height": {
                "feets": null,
                "inches": null,
                "meters": null
            },
            "id": 1934,
            "lastname": "Toscano-Anderson",
            "leagues": {
                "sacramento": {
                    "active": true,
                    "jersey": 8,
                    "pos": "F"
                },
                "standard": {
                    "active": true,
                    "jersey": 95,
                    "pos": "F"
                },
                "vegas": {
                    "active": true,
                    "jersey": 8,
                    "pos": "F"
                }
            },
            "nba": {
                "pro": 0,
                "start": 0
            },
            "weight": {
                "kilograms": null,
                "pounds": null
            }
        },
        {
            "affiliation": "Beko/Serbia",
            "birth": {
                "country": "Serbia",
                "date": "2000-08-18"
            },
            "college": "Beko",
            "firstname": "Alen",
            "height": {
                "feets": "6",
                "inches": "10",
                "meters": "2.08"
            },
            "id": 1895,
            "lastname": "Smailagic",
            "leagues": {
                "sacramento": {
                    "active": true,
                    "jersey": 6,
                    "pos": "C-F"
                },
                "standard": {
                    "active": true,
                    "jersey": 6,
                    "pos": "F"
                },
                "vegas": {
                    "active": true,
                    "jersey": 6,
                    "pos": "C-F"
                }
            },
            "nba": {
                "pro": 1,
                "start": 2019
            },
            "weight": {
                "kilograms": "97.5",
                "pounds": "215"
            }
        },
        {
            "affiliation": "Villanova/USA",
            "birth": {
                "country": "USA",
                "date": "1996-11-04"
            },
            "college": "Villanova",
            "firstname": "Eric",
            "height": {
                "feets": "6",
                "inches": "6",
                "meters": "1.98"
            },
            "id": 1886,
            "lastname": "Paschall",
            "leagues": {
                "sacramento": {
                    "active": true,
                    "jersey": 7,
                    "pos": "F"
                },
                "standard": {
                    "active": true,
                    "jersey": 9,
                    "pos": "F"
                },
                "vegas": {
                    "active": true,
                    "jersey": 7,
                    "pos": "F"
                }
            },
            "nba": {
                "pro": 2,
                "start": 2019
            },
            "weight": {
                "kilograms": "115.7",
                "pounds": "255"
            }
        },
        {
            "affiliation": "Michigan/USA",
            "birth": {
                "country": "USA",
                "date": "1999-06-19"
            },
            "college": "Michigan",
            "firstname": "Jordan",
            "height": {
                "feets": "6",
                "inches": "4",
                "meters": "1.93"
            },
            "id": 1887,
            "lastname": "Poole",
            "leagues": {
                "sacramento": {
                    "active": true,
                    "jersey": 3,
                    "pos": "G"
                },
                "standard": {
                    "active": true,
                    "jersey": 3,
                    "pos": "G"
                },
                "vegas": {
                    "active": true,
                    "jersey": 3,
                    "pos": "G"
                }
            },
            "nba": {
                "pro": 2,
                "start": 2019
            },
            "weight": {
                "kilograms": "88.0",
                "pounds": "194"
            }
        },
        {
            "affiliation": null,
            "birth": {
                "country": null,
                "date": null
            },
            "college": null,
            "firstname": "Kaleb",
            "height": {
                "feets": null,
                "inches": null,
                "meters": null
            },
            "id": 2662,
            "lastname": "Wesson",
            "leagues": {
                "standard": {
                    "active": false,
                    "jersey": 43,
                    "pos": null
                },
                "vegas": {
                    "active": true,
                    "jersey": 36,
                    "pos": "F"
                }
            },
            "nba": {
                "pro": 0,
                "start": 0
            },
            "weight": {
                "kilograms": null,
                "pounds": null
            }
        },
        {
            "affiliation": "Memphis/USA",
            "birth": {
                "country": "USA",
                "date": "2001-03-31"
            },
            "college": "Memphis",
            "firstname": "James",
            "height": {
                "feets": "7",
                "inches": "0",
                "meters": "2.13"
            },
            "id": 2666,
            "lastname": "Wiseman",
            "leagues": {
                "sacramento": {
                    "active": true,
                    "jersey": 33,
                    "pos": "C"
                },
                "standard": {
                    "active": true,
                    "jersey": 33,
                    "pos": "C"
                },
                "vegas": {
                    "active": true,
                    "jersey": 33,
                    "pos": "C"
                }
            },
            "nba": {
                "pro": 1,
                "start": 2020
            },
            "weight": {
                "kilograms": "108.9",
                "pounds": "240"
            }
        },
        {
            "affiliation": "Arizona/Italy",
            "birth": {
                "country": "Italy",
                "date": "2001-03-14"
            },
            "college": "Arizona",
            "firstname": "Nico",
            "height": {
                "feets": "6",
                "inches": "2",
                "meters": "1.88"
            },
            "id": 2616,
            "lastname": "Mannion",
            "leagues": {
                "standard": {
                    "active": true,
                    "jersey": 2,
                    "pos": "G"
                }
            },
            "nba": {
                "pro": 1,
                "start": 2020
            },
            "weight": {
                "kilograms": "86.2",
                "pounds": "190"
            }
        },
        {
            "affiliation": null,
            "birth": {
                "country": null,
                "date": null
            },
            "college": null,
            "firstname": "Dwayne",
            "height": {
                "feets": null,
                "inches": null,
                "meters": null
            },
            "id": 2649,
            "lastname": "Sutton",
            "leagues": {
                "standard": {
                    "active": false,
                    "jersey": 4,
                    "pos": null
                }
            },
            "nba": {
                "pro": 0,
                "start": 0
            },
            "weight": {
                "kilograms": null,
                "pounds": null
            }
        },
        {
            "affiliation": "Davidson/USA",
            "birth": {
                "country": "USA",
                "date": "1988-03-14"
            },
            "college": "Davidson",
            "firstname": "Stephen",
            "height": {
                "feets": "6",
                "inches": "2",
                "meters": "1.88"
            },
            "id": 124,
            "lastname": "Curry",
            "leagues": {
                "standard": {
                    "active": true,
                    "jersey": 30,
                    "pos": "G"
                }
            },
            "nba": {
                "pro": 12,
                "start": 2009
            },
            "weight": {
                "kilograms": "83.9",
                "pounds": "185"
            }
        },
        {
            "affiliation": "Washington State/USA",
            "birth": {
                "country": "USA",
                "date": "1990-02-08"
            },
            "college": "Washington State",
            "firstname": "Klay",
            "height": {
                "feets": "6",
                "inches": "6",
                "meters": "1.98"
            },
            "id": 514,
            "lastname": "Thompson",
            "leagues": {
                "standard": {
                    "active": true,
                    "jersey": 11,
                    "pos": "G"
                }
            },
            "nba": {
                "pro": 8,
                "start": 2011
            },
            "weight": {
                "kilograms": "99.8",
                "pounds": "220"
            }
        },
        {
            "affiliation": "Pittsburgh/USA",
            "birth": {
                "country": "USA",
                "date": "1989-07-25"
            },
            "college": "Pittsburgh",
            "firstname": "Brad",
            "height": {
                "feets": null,
                "inches": null,
                "meters": null
            },
            "id": 1039,
            "lastname": "Wanamaker",
            "leagues": {
                "standard": {
                    "active": false,
                    "jersey": 22,
                    "pos": null
                }
            },
            "nba": {
                "pro": 0,
                "start": 2018
            },
            "weight": {
                "kilograms": null,
                "pounds": null
            }
        },
        {
            "affiliation": "Michigan State/USA",
            "birth": {
                "country": "USA",
                "date": "1990-03-04"
            },
            "college": "Michigan State",
            "firstname": "Draymond",
            "height": {
                "feets": "6",
                "inches": "6",
                "meters": "1.98"
            },
            "id": 204,
            "lastname": "Green",
            "leagues": {
                "standard": {
                    "active": true,
                    "jersey": 23,
                    "pos": "F"
                }
            },
            "nba": {
                "pro": 9,
                "start": 2012
            },
            "weight": {
                "kilograms": "104.3",
                "pounds": "230"
            }
        },
        {
            "affiliation": "Old Dominion/USA",
            "birth": {
                "country": "USA",
                "date": "1989-07-01"
            },
            "college": "Old Dominion",
            "firstname": "Kent",
            "height": {
                "feets": "6",
                "inches": "4",
                "meters": "1.93"
            },
            "id": 44,
            "lastname": "Bazemore",
            "leagues": {
                "standard": {
                    "active": true,
                    "jersey": 24,
                    "pos": "G-F"
                }
            },
            "nba": {
                "pro": 9,
                "start": 2012
            },
            "weight": {
                "kilograms": "88.5",
                "pounds": "195"
            }
        },
        {
            "affiliation": "Kansas/Canada",
            "birth": {
                "country": "Canada",
                "date": "1995-02-23"
            },
            "college": "Kansas",
            "firstname": "Andrew",
            "height": {
                "feets": "6",
                "inches": "7",
                "meters": "2.01"
            },
            "id": 548,
            "lastname": "Wiggins",
            "leagues": {
                "standard": {
                    "active": true,
                    "jersey": 22,
                    "pos": "F"
                }
            },
            "nba": {
                "pro": 7,
                "start": 2014
            },
            "weight": {
                "kilograms": "89.4",
                "pounds": "197"
            }
        }
    ],
    "results": 22
}