{
    "errors": [],
    "get": "players/",
    "parameters": {
        "season": "2017",
        "team": "11"
    },
    "response": [
        {
            "affiliation": "UCLA/USA",
            "birth": {
                "country": "USA",
                "date": "1996-02-06"
            },
            "college": "UCLA",
            "firstname": "Kevon",
            "height": {
                "feets": "6",
                "inches": "9",
                "meters": "2.06"
            },
            "id": 322,
            "lastname": "Looney",
            "leagues": {
                "standard": {
                    "active": true,
                    "jersey": 5,
                    "pos": "F"
                }
            },
            "nba": {
                "pro": 6,
                "start": 2015
            },
            "weight": {
                "kilograms": "100.7",
                "pounds": "222"
            }
        },
        {
            "affiliation": null,
            "birth": {
                "country": null,
                "date": null
            },
            "college": null,
            "firstname": "Quinn",
            "height": {
                "feets": null,
                "inches": null,
                "meters": null
            },
            "id": 581,
            "lastname": "Cook",
            "leagues": {
                "standard": {
                    "active": true,
                    "jersey": 28,
                    "pos": "G"
                }
            },
            "nba": {
                "pro": 0,
                "start": 0
            },
            "weight": {
                "kilograms": null,
                "pounds": null
            }
        },
        {
            "affiliation": "Vanderbilt/USA",
            "birth": {
                "country": "USA",
                "date": "1995-06-30"
            },
            "college": "Vanderbilt",
            "firstname": "Damian",
            "height": {
                "feets": "6",
                "inches": "11",
                "meters": "2.11"
            },
            "id": 281,
            "lastname": "Jones",
            "leagues": {
                "sacramento": {
                    "active": true,
                    "jersey": 25,
                    "pos": "C"
                },
                "standard": {
                    "active": true,
                    "jersey": 30,
                    "pos": "C"
                },
                "vegas": {
                    "active": true,
                    "jersey": 15,
                    "pos": "C"
                }
            },
            "nba": {
                "pro": 5,
                "start": 2016
            },
            "weight": {
                "kilograms": "111.1",
                "pounds": "245"
            }
        },
        {
            "affiliation": null,
            "birth": {
                "country": null,
                "date": null
            },
            "college": null,
            "firstname": "Elgin",
            "height": {
                "feets": null,
                "inches": null,
                "meters": null
            },
            "id": 589,
            "lastname": "Cook",
            "leagues": {
                "standard": {
                    "active": false,
                    "jersey": 2,
                    "pos": null
                }
            },
            "nba": {
                "pro": 0,
                "start": 0
            },
            "weight": {
                "kilograms": null,
                "pounds": null
            }
        },
        {
            "affiliation": "Syracuse/USA",
            "birth": {
                "country": "USA",
                "date": "1992-06-05"
            },
            "college": "Syracuse",
            "firstname": "Michael",
            "height": {
                "feets": "6",
                "inches": "7",
                "meters": "2.01"
            },
            "id": 187,
            "lastname": "Gbinije",
            "leagues": {
                "standard": {
                    "active": false,
                    "jersey": 9,
                    "pos": "G-F"
                },
                "vegas": {
                    "active": true,
                    "jersey": 36,
                    "pos": "G"
                }
            },
            "nba": {
                "pro": 0,
                "start": 2016
            },
            "weight": {
                "kilograms": "90.7",
                "pounds": "200"
            }
        },
        {
            "affiliation": null,
            "birth": {
                "country": null,
                "date": null
            },
            "college": null,
            "firstname": "Patrick",
            "height": {
                "feets": null,
                "inches": null,
                "meters": null
            },
            "id": 345,
            "lastname": "McCaw",
            "leagues": {
                "standard": {
                    "active": true,
                    "jersey": 22,
                    "pos": "G"
                }
            },
            "nba": {
                "pro": 0,
                "start": 0
            },
            "weight": {
                "kilograms": null,
                "pounds": null
            }
        },
        {
            "affiliation": "Iowa State/USA",
            "birth": {
                "country": "USA",
                "date": "1993-06-17"
            },
            "college": "Iowa State",
            "firstname": "Georges",
            "height": {
                "feets": "6",
                "inches": "7",
                "meters": "2.01"
            },
            "id": 391,
            "lastname": "Niang",
            "leagues": {
                "standard": {
                    "active": true,
                    "jersey": 20,
                    "pos": "F"
                },
                "utah": {
                    "active": true,
                    "jersey": 31,
                    "pos": "F"
                },
                "vegas": {
                    "active": true,
                    "jersey": 31,
                    "pos": "F"
                }
            },
            "nba": {
                "pro": 5,
                "start": 2016
            },
            "weight": {
                "kilograms": "104.3",
                "pounds": "230"
            }
        },
        {
            "affiliation": "Oregon/USA",
            "birth": {
                "country": "USA",
                "date": "1995-01-07"
            },
            "college": "Oregon",
            "firstname": "Jordan",
            "height": {
                "feets": "6",
                "inches": "7",
                "meters": "2.01"
            },
            "id": 738,
            "lastname": "Bell",
            "leagues": {
                "sacramento": {
                    "active": true,
                    "jersey": 2,
                    "pos": "F"
                },
                "standard": {
                    "active": true,
                    "jersey": 20,
                    "pos": "F"
                },
                "vegas": {
                    "active": true,
                    "jersey": 24,
                    "pos": "F"
                }
            },
            "nba": {
                "pro": 4,
                "start": 2017
            },
            "weight": {
                "kilograms": "98.0",
                "pounds": "216"
            }
        },
        {
            "affiliation": "Oregon/Saint Lucia",
            "birth": {
                "country": "Saint Lucia",
                "date": "1993-01-11"
            },
            "college": "Oregon",
            "firstname": "Chris",
            "height": {
                "feets": "6",
                "inches": "9",
                "meters": "2.06"
            },
            "id": 745,
            "lastname": "Boucher",
            "leagues": {
                "standard": {
                    "active": true,
                    "jersey": 25,
                    "pos": "F-C"
                },
                "vegas": {
                    "active": true,
                    "jersey": 25,
                    "pos": "F"
                }
            },
            "nba": {
                "pro": 4,
                "start": 2017
            },
            "weight": {
                "kilograms": "90.7",
                "pounds": "200"
            }
        },
        {
            "affiliation": "Southeast Missouri/USA",
            "birth": {
                "country": "USA",
                "date": "1994-02-02"
            },
            "college": "S.E. Missouri",
            "firstname": "Antonius",
            "height": {
                "feets": "6",
                "inches": "5",
                "meters": "1.96"
            },
            "id": 760,
            "lastname": "Cleveland",
            "leagues": {
                "standard": {
                    "active": true,
                    "jersey": 3,
                    "pos": "G"
                },
                "utah": {
                    "active": true,
                    "jersey": null,
                    "pos": "G"
                },
                "vegas": {
                    "active": true,
                    "jersey": 40,
                    "pos": "G-F"
                }
            },
            "nba": {
                "pro": 2,
                "start": 2017
            },
            "weight": {
                "kilograms": "88.5",
                "pounds": "195"
            }
        },
        {
            "affiliation": "Texas/USA",
            "birth": {
                "country": "USA",
                "date": "1988-09-29"
            },
            "college": "Texas",
            "firstname": "Kevin",
            "height": {
                "feets": "6",
                "inches": "10",
                "meters": "2.08"
            },
            "id": 153,
            "lastname": "Durant",
            "leagues": {
                "standard": {
                    "active": true,
                    "jersey": 7,
                    "pos": "F"
                }
            },
            "nba": {
                "pro": 13,
                "start": 2007
            },
            "weight": {
                "kilograms": "108.9",
                "pounds": "240"
            }
        },
        {
            "affiliation": "USC/USA",
            "birth": {
                "country": "USA",
                "date": "1985-06-01"
            },
            "college": "Southern California",
            "firstname": "Nick",
            "height": {
                "feets": "6",
                "inches": "7",
                "meters": "2.01"
            },
            "id": 569,
            "lastname": "Young",
            "leagues": {
                "standard": {
                    "active": true,
                    "jersey": 34,
                    "pos": "G-F"
                }
            },
            "nba": {
                "pro": 11,
                "start": 2007
            },
            "weight": {
                "kilograms": "95.3",
                "pounds": "210"
            }
        },
        {
            "affiliation": "Nevada/USA",
            "birth": {
                "country": "USA",
                "date": "1988-01-19"
            },
            "college": "Nevada",
            "firstname": "JaVale",
            "height": {
                "feets": "7",
                "inches": "0",
                "meters": "2.13"
            },
            "id": 353,
            "lastname": "McGee",
            "leagues": {
                "africa": {
                    "active": true,
                    "jersey": 7,
                    "pos": "C"
                },
                "standard": {
                    "active": true,
                    "jersey": null,
                    "pos": "C-F"
                }
            },
            "nba": {
                "pro": 13,
                "start": 2008
            },
            "weight": {
                "kilograms": "122.5",
                "pounds": "270"
            }
        },
        {
            "affiliation": "Davidson/USA",
            "birth": {
                "country": "USA",
                "date": "1988-03-14"
            },
            "college": "Davidson",
            "firstname": "Stephen",
            "height": {
                "feets": "6",
                "inches": "2",
                "meters": "1.88"
            },
            "id": 124,
            "lastname": "Curry",
            "leagues": {
                "standard": {
                    "active": true,
                    "jersey": 30,
                    "pos": "G"
                }
            },
            "nba": {
                "pro": 12,
                "start": 2009
            },
            "weight": {
                "kilograms": "83.9",
                "pounds": "185"
            }
        },
        {
            "affiliation": "HapoelIsraelGalilIsraelElyon/Israel",
            "birth": {
                "country": "Israel",
                "date": "1988-06-22"
            },
            "college": null,
            "firstname": "Omri",
            "height": {
                "feets": null,
                "inches": null,
                "meters": null
            },
            "id": 96,
            "lastname": "Casspi",
            "leagues": {
                "standard": {
                    "active": false,
                    "jersey": 18,
                    "pos": null
                }
            },
            "nba": {
                "pro": 0,
                "start": 2009
            },
            "weight": {
                "kilograms": null,
                "pounds": null
            }
        },
        {
            "affiliation": "Washington State/USA",
            "birth": {
                "country": "USA",
                "date": "1990-02-08"
            },
            "college": "Washington State",
            "firstname": "Klay",
            "height": {
                "feets": "6",
                "inches": "6",
                "meters": "1.98"
            },
            "id": 514,
            "lastname": "Thompson",
            "leagues": {
                "standard": {
                    "active": true,
                    "jersey": 11,
                    "pos": "G"
                }
            },
            "nba": {
                "pro": 8,
                "start": 2011
            },
            "weight": {
                "kilograms": "99.8",
                "pounds": "220"
            }
        },
        {
            "affiliation": "Richmond/USA",
            "birth": {
                "country": "USA",
                "date": "1989-08-30"
            },
            "college": "Richmond",
            "firstname": "Justin",
            "height": {
                "feets": null,
                "inches": null,
                "meters": null
            },
            "id": 1700,
            "lastname": "Harper",
            "leagues": {
                "vegas": {
                    "active": false,
                    "jersey": 40,
                    "pos": null
                }
            },
            "nba": {
                "pro": 0,
                "start": 2011
            },
            "weight": {
                "kilograms": null,
                "pounds": null
            }
        },
        {
            "affiliation": "Michigan State/USA",
            "birth": {
                "country": "USA",
                "date": "1990-03-04"
            },
            "college": "Michigan State",
            "firstname": "Draymond",
            "height": {
                "feets": "6",
                "inches": "6",
                "meters": "1.98"
            },
            "id": 204,
            "lastname": "Green",
            "leagues": {
                "standard": {
                    "active": true,
                    "jersey": 23,
                    "pos": "F"
                }
            },
            "nba": {
                "pro": 9,
                "start": 2012
            },
            "weight": {
                "kilograms": "104.3",
                "pounds": "230"
            }
        },
        {
            "affiliation": null,
            "birth": {
                "country": null,
                "date": null
            },
            "college": null,
            "firstname": "Jabari",
            "height": {
                "feets": null,
                "inches": null,
                "meters": null
            },
            "id": 708,
            "lastname": "Brown",
            "leagues": {
                "standard": {
                    "active": false,
                    "jersey": 23,
                    "pos": null
                }
            },
            "nba": {
                "pro": 0,
                "start": 0
            },
            "weight": {
                "kilograms": null,
                "pounds": null
            }
        },
        {
            "affiliation": "Rhode Island/USA",
            "birth": {
                "country": "USA",
                "date": "1992-06-01"
            },
            "college": "Rhode Island",
            "firstname": "Xavier",
            "height": {
                "feets": "6",
                "inches": "4",
                "meters": "1.93"
            },
            "id": 381,
            "lastname": "Munford",
            "leagues": {
                "standard": {
                    "active": true,
                    "jersey": null,
                    "pos": "G"
                },
                "vegas": {
                    "active": true,
                    "jersey": null,
                    "pos": "G"
                }
            },
            "nba": {
                "pro": 2,
                "start": 2015
            },
            "weight": {
                "kilograms": "78.5",
                "pounds": "173"
            }
        },
        {
            "affiliation": null,
            "birth": {
                "country": null,
                "date": null
            },
            "college": null,
            "firstname": "David",
            "height": {
                "feets": null,
                "inches": null,
                "meters": null
            },
            "id": 543,
            "lastname": "West",
            "leagues": {
                "standard": {
                    "active": true,
                    "jersey": 3,
                    "pos": "F"
                }
            },
            "nba": {
                "pro": 0,
                "start": 0
            },
            "weight": {
                "kilograms": null,
                "pounds": null
            }
        },
        {
            "affiliation": null,
            "birth": {
                "country": null,
                "date": null
            },
            "college": null,
            "firstname": "Zaza",
            "height": {
                "feets": null,
                "inches": null,
                "meters": null
            },
            "id": 408,
            "lastname": "Pachulia",
            "leagues": {
                "standard": {
                    "active": true,
                    "jersey": 27,
                    "pos": "C"
                }
            },
            "nba": {
                "pro": 0,
                "start": 0
            },
            "weight": {
                "kilograms": null,
                "pounds": null
            }
        },
        {
            "affiliation": "Peoria Central HS (IL)USA/USA",
            "birth": {
                "country": "USA",
                "date": "1985-09-11"
            },
            "college": "No College",
            "firstname": "Shaun",
            "height": {
                "feets": "6",
                "inches": "7",
                "meters": "2.01"
            },
            "id": 321,
            "lastname": "Livingston",
            "leagues": {
                "standard": {
                    "active": true,
                    "jersey": 34,
                    "pos": "G"
                }
            },
            "nba": {
                "pro": 15,
                "start": 2004
            },
            "weight": {
                "kilograms": "87.1",
                "pounds": "192"
            }
        },
        {
            "affiliation": "Arizona/USA",
            "birth": {
                "country": "USA",
                "date": "1984-01-28"
            },
            "college": "Arizona",
            "firstname": "Andre",
            "height": {
                "feets": "6",
                "inches": "6",
                "meters": "1.98"
            },
            "id": 256,
            "lastname": "Iguodala",
            "leagues": {
                "standard": {
                    "active": true,
                    "jersey": 9,
                    "pos": "G-F"
                }
            },
            "nba": {
                "pro": 17,
                "start": 2004
            },
            "weight": {
                "kilograms": "97.5",
                "pounds": "215"
            }
        }
    ],
    "results": 24
}