{
    "errors": [],
    "get": "players/",
    "parameters": {
        "season": "2016",
        "team": "11"
    },
    "response": [
        {
            "affiliation": null,
            "birth": {
                "country": null,
                "date": null
            },
            "college": null,
            "firstname": "Jose",
            "height": {
                "feets": null,
                "inches": null,
                "meters": null
            },
            "id": 88,
            "lastname": "Calderon",
            "leagues": {
                "standard": {
                    "active": true,
                    "jersey": 81,
                    "pos": "G"
                }
            },
            "nba": {
                "pro": 0,
                "start": 0
            },
            "weight": {
                "kilograms": null,
                "pounds": null
            }
        },
        {
            "affiliation": "UCLA/USA",
            "birth": {
                "country": "USA",
                "date": "1996-02-06"
            },
            "college": "UCLA",
            "firstname": "Kevon",
            "height": {
                "feets": "6",
                "inches": "9",
                "meters": "2.06"
            },
            "id": 322,
            "lastname": "Looney",
            "leagues": {
                "standard": {
                    "active": true,
                    "jersey": 5,
                    "pos": "F"
                }
            },
            "nba": {
                "pro": 6,
                "start": 2015
            },
            "weight": {
                "kilograms": "100.7",
                "pounds": "222"
            }
        },
        {
            "affiliation": null,
            "birth": {
                "country": null,
                "date": null
            },
            "college": null,
            "firstname": "Briante",
            "height": {
                "feets": null,
                "inches": null,
                "meters": null
            },
            "id": 542,
            "lastname": "Weber",
            "leagues": {
                "standard": {
                    "active": false,
                    "jersey": 11,
                    "pos": null
                }
            },
            "nba": {
                "pro": 0,
                "start": 0
            },
            "weight": {
                "kilograms": null,
                "pounds": null
            }
        },
        {
            "affiliation": "Vanderbilt/USA",
            "birth": {
                "country": "USA",
                "date": "1995-06-30"
            },
            "college": "Vanderbilt",
            "firstname": "Damian",
            "height": {
                "feets": "6",
                "inches": "11",
                "meters": "2.11"
            },
            "id": 281,
            "lastname": "Jones",
            "leagues": {
                "sacramento": {
                    "active": true,
                    "jersey": 25,
                    "pos": "C"
                },
                "standard": {
                    "active": true,
                    "jersey": 30,
                    "pos": "C"
                },
                "vegas": {
                    "active": true,
                    "jersey": 15,
                    "pos": "C"
                }
            },
            "nba": {
                "pro": 5,
                "start": 2016
            },
            "weight": {
                "kilograms": "111.1",
                "pounds": "245"
            }
        },
        {
            "affiliation": null,
            "birth": {
                "country": null,
                "date": null
            },
            "college": null,
            "firstname": "Elgin",
            "height": {
                "feets": null,
                "inches": null,
                "meters": null
            },
            "id": 589,
            "lastname": "Cook",
            "leagues": {
                "standard": {
                    "active": false,
                    "jersey": 2,
                    "pos": null
                }
            },
            "nba": {
                "pro": 0,
                "start": 0
            },
            "weight": {
                "kilograms": null,
                "pounds": null
            }
        },
        {
            "affiliation": null,
            "birth": {
                "country": null,
                "date": null
            },
            "college": null,
            "firstname": "Patrick",
            "height": {
                "feets": null,
                "inches": null,
                "meters": null
            },
            "id": 345,
            "lastname": "McCaw",
            "leagues": {
                "standard": {
                    "active": true,
                    "jersey": 22,
                    "pos": "G"
                }
            },
            "nba": {
                "pro": 0,
                "start": 0
            },
            "weight": {
                "kilograms": null,
                "pounds": null
            }
        },
        {
            "affiliation": null,
            "birth": {
                "country": null,
                "date": null
            },
            "college": null,
            "firstname": "Scott",
            "height": {
                "feets": null,
                "inches": null,
                "meters": null
            },
            "id": 633,
            "lastname": "Wood",
            "leagues": {
                "standard": {
                    "active": false,
                    "jersey": 10,
                    "pos": null
                }
            },
            "nba": {
                "pro": 0,
                "start": 0
            },
            "weight": {
                "kilograms": null,
                "pounds": null
            }
        },
        {
            "affiliation": "Texas/USA",
            "birth": {
                "country": "USA",
                "date": "1988-09-29"
            },
            "college": "Texas",
            "firstname": "Kevin",
            "height": {
                "feets": "6",
                "inches": "10",
                "meters": "2.08"
            },
            "id": 153,
            "lastname": "Durant",
            "leagues": {
                "standard": {
                    "active": true,
                    "jersey": 7,
                    "pos": "F"
                }
            },
            "nba": {
                "pro": 13,
                "start": 2007
            },
            "weight": {
                "kilograms": "108.9",
                "pounds": "240"
            }
        },
        {
            "affiliation": "Nevada/USA",
            "birth": {
                "country": "USA",
                "date": "1988-01-19"
            },
            "college": "Nevada",
            "firstname": "JaVale",
            "height": {
                "feets": "7",
                "inches": "0",
                "meters": "2.13"
            },
            "id": 353,
            "lastname": "McGee",
            "leagues": {
                "africa": {
                    "active": true,
                    "jersey": 7,
                    "pos": "C"
                },
                "standard": {
                    "active": true,
                    "jersey": null,
                    "pos": "C-F"
                }
            },
            "nba": {
                "pro": 13,
                "start": 2008
            },
            "weight": {
                "kilograms": "122.5",
                "pounds": "270"
            }
        },
        {
            "affiliation": "Davidson/USA",
            "birth": {
                "country": "USA",
                "date": "1988-03-14"
            },
            "college": "Davidson",
            "firstname": "Stephen",
            "height": {
                "feets": "6",
                "inches": "2",
                "meters": "1.88"
            },
            "id": 124,
            "lastname": "Curry",
            "leagues": {
                "standard": {
                    "active": true,
                    "jersey": 30,
                    "pos": "G"
                }
            },
            "nba": {
                "pro": 12,
                "start": 2009
            },
            "weight": {
                "kilograms": "83.9",
                "pounds": "185"
            }
        },
        {
            "affiliation": null,
            "birth": {
                "country": "USA",
                "date": "1989-06-20"
            },
            "college": "Memphis",
            "firstname": "Elliot",
            "height": {
                "feets": null,
                "inches": null,
                "meters": null
            },
            "id": 686,
            "lastname": "Williams",
            "leagues": {
                "standard": {
                    "active": false,
                    "jersey": 25,
                    "pos": null
                }
            },
            "nba": {
                "pro": 0,
                "start": 2011
            },
            "weight": {
                "kilograms": null,
                "pounds": null
            }
        },
        {
            "affiliation": "Washington State/USA",
            "birth": {
                "country": "USA",
                "date": "1990-02-08"
            },
            "college": "Washington State",
            "firstname": "Klay",
            "height": {
                "feets": "6",
                "inches": "6",
                "meters": "1.98"
            },
            "id": 514,
            "lastname": "Thompson",
            "leagues": {
                "standard": {
                    "active": true,
                    "jersey": 11,
                    "pos": "G"
                }
            },
            "nba": {
                "pro": 8,
                "start": 2011
            },
            "weight": {
                "kilograms": "99.8",
                "pounds": "220"
            }
        },
        {
            "affiliation": null,
            "birth": {
                "country": null,
                "date": null
            },
            "college": null,
            "firstname": "Cameron",
            "height": {
                "feets": null,
                "inches": null,
                "meters": null
            },
            "id": 689,
            "lastname": "Jones",
            "leagues": {
                "standard": {
                    "active": false,
                    "jersey": 6,
                    "pos": null
                }
            },
            "nba": {
                "pro": 0,
                "start": 0
            },
            "weight": {
                "kilograms": null,
                "pounds": null
            }
        },
        {
            "affiliation": "Michigan State/USA",
            "birth": {
                "country": "USA",
                "date": "1990-03-04"
            },
            "college": "Michigan State",
            "firstname": "Draymond",
            "height": {
                "feets": "6",
                "inches": "6",
                "meters": "1.98"
            },
            "id": 204,
            "lastname": "Green",
            "leagues": {
                "standard": {
                    "active": true,
                    "jersey": 23,
                    "pos": "F"
                }
            },
            "nba": {
                "pro": 9,
                "start": 2012
            },
            "weight": {
                "kilograms": "104.3",
                "pounds": "230"
            }
        },
        {
            "affiliation": null,
            "birth": {
                "country": "United States",
                "date": "1991-02-17"
            },
            "college": "Missouri",
            "firstname": "Phil",
            "height": {
                "feets": null,
                "inches": null,
                "meters": null
            },
            "id": 701,
            "lastname": "Pressey",
            "leagues": {
                "standard": {
                    "active": false,
                    "jersey": 26,
                    "pos": null
                },
                "vegas": {
                    "active": true,
                    "jersey": 6,
                    "pos": "G"
                }
            },
            "nba": {
                "pro": 0,
                "start": 2013
            },
            "weight": {
                "kilograms": null,
                "pounds": null
            }
        },
        {
            "affiliation": "Belmont University/USA",
            "birth": {
                "country": "USA",
                "date": "1991-03-07"
            },
            "college": "Belmont",
            "firstname": "Ian",
            "height": {
                "feets": "6",
                "inches": "3",
                "meters": "1.9"
            },
            "id": 108,
            "lastname": "Clark",
            "leagues": {
                "standard": {
                    "active": true,
                    "jersey": 2,
                    "pos": "G"
                }
            },
            "nba": {
                "pro": 6,
                "start": 2013
            },
            "weight": {
                "kilograms": "79.4",
                "pounds": "175"
            }
        },
        {
            "affiliation": "North Carolina/USA",
            "birth": {
                "country": "USA",
                "date": "1993-01-04"
            },
            "college": "North Carolina",
            "firstname": "James Michael",
            "height": {
                "feets": "6",
                "inches": "9",
                "meters": "2.06"
            },
            "id": 344,
            "lastname": "McAdoo",
            "leagues": {
                "standard": {
                    "active": false,
                    "jersey": 20,
                    "pos": "F"
                }
            },
            "nba": {
                "pro": 2,
                "start": 2014
            },
            "weight": {
                "kilograms": "108.9",
                "pounds": "240"
            }
        },
        {
            "affiliation": null,
            "birth": {
                "country": null,
                "date": null
            },
            "college": null,
            "firstname": "Matt",
            "height": {
                "feets": null,
                "inches": null,
                "meters": null
            },
            "id": 37,
            "lastname": "Barnes",
            "leagues": {
                "standard": {
                    "active": true,
                    "jersey": 22,
                    "pos": "F"
                }
            },
            "nba": {
                "pro": 0,
                "start": 0
            },
            "weight": {
                "kilograms": null,
                "pounds": null
            }
        },
        {
            "affiliation": null,
            "birth": {
                "country": null,
                "date": null
            },
            "college": null,
            "firstname": "David",
            "height": {
                "feets": null,
                "inches": null,
                "meters": null
            },
            "id": 543,
            "lastname": "West",
            "leagues": {
                "standard": {
                    "active": true,
                    "jersey": 3,
                    "pos": "F"
                }
            },
            "nba": {
                "pro": 0,
                "start": 0
            },
            "weight": {
                "kilograms": null,
                "pounds": null
            }
        },
        {
            "affiliation": null,
            "birth": {
                "country": null,
                "date": null
            },
            "college": null,
            "firstname": "Zaza",
            "height": {
                "feets": null,
                "inches": null,
                "meters": null
            },
            "id": 408,
            "lastname": "Pachulia",
            "leagues": {
                "standard": {
                    "active": true,
                    "jersey": 27,
                    "pos": "C"
                }
            },
            "nba": {
                "pro": 0,
                "start": 0
            },
            "weight": {
                "kilograms": null,
                "pounds": null
            }
        },
        {
            "affiliation": "Peoria Central HS (IL)USA/USA",
            "birth": {
                "country": "USA",
                "date": "1985-09-11"
            },
            "college": "No College",
            "firstname": "Shaun",
            "height": {
                "feets": "6",
                "inches": "7",
                "meters": "2.01"
            },
            "id": 321,
            "lastname": "Livingston",
            "leagues": {
                "standard": {
                    "active": true,
                    "jersey": 34,
                    "pos": "G"
                }
            },
            "nba": {
                "pro": 15,
                "start": 2004
            },
            "weight": {
                "kilograms": "87.1",
                "pounds": "192"
            }
        },
        {
            "affiliation": "Arizona/USA",
            "birth": {
                "country": "USA",
                "date": "1984-01-28"
            },
            "college": "Arizona",
            "firstname": "Andre",
            "height": {
                "feets": "6",
                "inches": "6",
                "meters": "1.98"
            },
            "id": 256,
            "lastname": "Iguodala",
            "leagues": {
                "standard": {
                    "active": true,
                    "jersey": 9,
                    "pos": "G-F"
                }
            },
            "nba": {
                "pro": 17,
                "start": 2004
            },
            "weight": {
                "kilograms": "97.5",
                "pounds": "215"
            }
        },
        {
            "affiliation": "Santa Teresa, Brazil/Brazil",
            "birth": {
                "country": "Brazil",
                "date": "1982-09-28"
            },
            "college": "                                   ",
            "firstname": "Anderson",
            "height": {
                "feets": null,
                "inches": null,
                "meters": null
            },
            "id": 528,
            "lastname": "Varejao",
            "leagues": {
                "standard": {
                    "active": false,
                    "jersey": 17,
                    "pos": null
                }
            },
            "nba": {
                "pro": 0,
                "start": 2004
            },
            "weight": {
                "kilograms": null,
                "pounds": null
            }
        }
    ],
    "results": 23
}