{
    "errors": [],
    "get": "players/",
    "parameters": {
        "season": "2018",
        "team": "11"
    },
    "response": [
        {
            "affiliation": null,
            "birth": {
                "country": null,
                "date": null
            },
            "college": null,
            "firstname": "Andrew",
            "height": {
                "feets": null,
                "inches": null,
                "meters": null
            },
            "id": 61,
            "lastname": "Bogut",
            "leagues": {
                "standard": {
                    "active": true,
                    "jersey": 12,
                    "pos": "C"
                }
            },
            "nba": {
                "pro": 0,
                "start": 0
            },
            "weight": {
                "kilograms": null,
                "pounds": null
            }
        },
        {
            "affiliation": null,
            "birth": {
                "country": null,
                "date": null
            },
            "college": null,
            "firstname": "JP",
            "height": {
                "feets": null,
                "inches": null,
                "meters": null
            },
            "id": 578,
            "lastname": "Tokoto",
            "leagues": {
                "sacramento": {
                    "active": true,
                    "jersey": 31,
                    "pos": "F"
                },
                "standard": {
                    "active": false,
                    "jersey": 1,
                    "pos": null
                },
                "vegas": {
                    "active": true,
                    "jersey": 31,
                    "pos": "F"
                }
            },
            "nba": {
                "pro": 0,
                "start": 0
            },
            "weight": {
                "kilograms": null,
                "pounds": null
            }
        },
        {
            "affiliation": "UCLA/USA",
            "birth": {
                "country": "USA",
                "date": "1996-02-06"
            },
            "college": "UCLA",
            "firstname": "Kevon",
            "height": {
                "feets": "6",
                "inches": "9",
                "meters": "2.06"
            },
            "id": 322,
            "lastname": "Looney",
            "leagues": {
                "standard": {
                    "active": true,
                    "jersey": 5,
                    "pos": "F"
                }
            },
            "nba": {
                "pro": 6,
                "start": 2015
            },
            "weight": {
                "kilograms": "100.7",
                "pounds": "222"
            }
        },
        {
            "affiliation": null,
            "birth": {
                "country": null,
                "date": null
            },
            "college": null,
            "firstname": "Quinn",
            "height": {
                "feets": null,
                "inches": null,
                "meters": null
            },
            "id": 581,
            "lastname": "Cook",
            "leagues": {
                "standard": {
                    "active": true,
                    "jersey": 28,
                    "pos": "G"
                }
            },
            "nba": {
                "pro": 0,
                "start": 0
            },
            "weight": {
                "kilograms": null,
                "pounds": null
            }
        },
        {
            "affiliation": "Vanderbilt/USA",
            "birth": {
                "country": "USA",
                "date": "1995-06-30"
            },
            "college": "Vanderbilt",
            "firstname": "Damian",
            "height": {
                "feets": "6",
                "inches": "11",
                "meters": "2.11"
            },
            "id": 281,
            "lastname": "Jones",
            "leagues": {
                "sacramento": {
                    "active": true,
                    "jersey": 25,
                    "pos": "C"
                },
                "standard": {
                    "active": true,
                    "jersey": 30,
                    "pos": "C"
                },
                "vegas": {
                    "active": true,
                    "jersey": 15,
                    "pos": "C"
                }
            },
            "nba": {
                "pro": 5,
                "start": 2016
            },
            "weight": {
                "kilograms": "111.1",
                "pounds": "245"
            }
        },
        {
            "affiliation": null,
            "birth": {
                "country": null,
                "date": null
            },
            "college": null,
            "firstname": "Tyler",
            "height": {
                "feets": null,
                "inches": null,
                "meters": null
            },
            "id": 524,
            "lastname": "Ulis",
            "leagues": {
                "standard": {
                    "active": false,
                    "jersey": 15,
                    "pos": null
                }
            },
            "nba": {
                "pro": 0,
                "start": 0
            },
            "weight": {
                "kilograms": null,
                "pounds": null
            }
        },
        {
            "affiliation": "Drexel/USA",
            "birth": {
                "country": "USA",
                "date": "1992-10-21"
            },
            "college": "Drexel",
            "firstname": "Damion",
            "height": {
                "feets": "6",
                "inches": "5",
                "meters": "1.96"
            },
            "id": 599,
            "lastname": "Lee",
            "leagues": {
                "standard": {
                    "active": true,
                    "jersey": 10,
                    "pos": "G-F"
                }
            },
            "nba": {
                "pro": 4,
                "start": 2017
            },
            "weight": {
                "kilograms": "95.3",
                "pounds": "210"
            }
        },
        {
            "affiliation": "Texas A&M/USA",
            "birth": {
                "country": "USA",
                "date": "1993-06-07"
            },
            "college": "Texas A&M",
            "firstname": "Danuel",
            "height": {
                "feets": "6",
                "inches": "6",
                "meters": "1.98"
            },
            "id": 249,
            "lastname": "House Jr.",
            "leagues": {
                "standard": {
                    "active": true,
                    "jersey": 25,
                    "pos": "F-G"
                },
                "vegas": {
                    "active": true,
                    "jersey": 65,
                    "pos": "F"
                }
            },
            "nba": {
                "pro": 5,
                "start": 2016
            },
            "weight": {
                "kilograms": "99.8",
                "pounds": "220"
            }
        },
        {
            "affiliation": "Wisconsin-Green Bay/USA",
            "birth": {
                "country": "USA",
                "date": "1992-09-17"
            },
            "college": "Wisc.-Green Bay",
            "firstname": "Alfonzo",
            "height": {
                "feets": null,
                "inches": null,
                "meters": null
            },
            "id": 835,
            "lastname": "McKinnie",
            "leagues": {
                "standard": {
                    "active": false,
                    "jersey": 28,
                    "pos": null
                },
                "vegas": {
                    "active": true,
                    "jersey": 34,
                    "pos": "F"
                }
            },
            "nba": {
                "pro": 0,
                "start": 2017
            },
            "weight": {
                "kilograms": null,
                "pounds": null
            }
        },
        {
            "affiliation": null,
            "birth": {
                "country": null,
                "date": null
            },
            "college": null,
            "firstname": "Rion",
            "height": {
                "feets": null,
                "inches": null,
                "meters": null
            },
            "id": 1187,
            "lastname": "Brown",
            "leagues": {
                "sacramento": {
                    "active": true,
                    "jersey": 33,
                    "pos": "G"
                },
                "vegas": {
                    "active": true,
                    "jersey": 13,
                    "pos": "G"
                }
            },
            "nba": {
                "pro": 0,
                "start": 0
            },
            "weight": {
                "kilograms": null,
                "pounds": null
            }
        },
        {
            "affiliation": "Oregon/USA",
            "birth": {
                "country": "USA",
                "date": "1995-01-07"
            },
            "college": "Oregon",
            "firstname": "Jordan",
            "height": {
                "feets": "6",
                "inches": "7",
                "meters": "2.01"
            },
            "id": 738,
            "lastname": "Bell",
            "leagues": {
                "sacramento": {
                    "active": true,
                    "jersey": 2,
                    "pos": "F"
                },
                "standard": {
                    "active": true,
                    "jersey": 20,
                    "pos": "F"
                },
                "vegas": {
                    "active": true,
                    "jersey": 24,
                    "pos": "F"
                }
            },
            "nba": {
                "pro": 4,
                "start": 2017
            },
            "weight": {
                "kilograms": "98.0",
                "pounds": "216"
            }
        },
        {
            "affiliation": "Colorado State/Puerto Rico",
            "birth": {
                "country": "Puerto Rico",
                "date": "1993-11-26"
            },
            "college": "Colorado State",
            "firstname": "Gian",
            "height": {
                "feets": "6",
                "inches": "4",
                "meters": "1.93"
            },
            "id": 1190,
            "lastname": "Clavell",
            "leagues": {
                "sacramento": {
                    "active": true,
                    "jersey": 7,
                    "pos": "G"
                },
                "vegas": {
                    "active": true,
                    "jersey": 46,
                    "pos": "G"
                }
            },
            "nba": {
                "pro": 1,
                "start": 2017
            },
            "weight": {
                "kilograms": "83.9",
                "pounds": "185"
            }
        },
        {
            "affiliation": "Cincinnati/USA",
            "birth": {
                "country": "USA",
                "date": "1997-06-18"
            },
            "college": "Cincinnati",
            "firstname": "Jacob",
            "height": {
                "feets": "6",
                "inches": "4",
                "meters": "1.93"
            },
            "id": 967,
            "lastname": "Evans",
            "leagues": {
                "sacramento": {
                    "active": true,
                    "jersey": 10,
                    "pos": "G"
                },
                "standard": {
                    "active": true,
                    "jersey": 44,
                    "pos": "G-F"
                },
                "vegas": {
                    "active": true,
                    "jersey": 10,
                    "pos": "G"
                }
            },
            "nba": {
                "pro": 2,
                "start": 0
            },
            "weight": {
                "kilograms": "95.3",
                "pounds": "210"
            }
        },
        {
            "affiliation": "Texas Tech/USA",
            "birth": {
                "country": "USA",
                "date": "1996-08-23"
            },
            "college": null,
            "firstname": "Keenan",
            "height": {
                "feets": "6",
                "inches": "3",
                "meters": "1.9"
            },
            "id": 968,
            "lastname": "Evans",
            "leagues": {
                "sacramento": {
                    "active": true,
                    "jersey": 12,
                    "pos": "G"
                },
                "standard": {
                    "active": true,
                    "jersey": 12,
                    "pos": "G"
                },
                "utah": {
                    "active": true,
                    "jersey": 36,
                    "pos": "G"
                },
                "vegas": {
                    "active": true,
                    "jersey": 36,
                    "pos": "G"
                }
            },
            "nba": {
                "pro": 0,
                "start": 0
            },
            "weight": {
                "kilograms": "86.2",
                "pounds": "190"
            }
        },
        {
            "affiliation": "Georgetown University/USA",
            "birth": {
                "country": "USA",
                "date": "1996-02-01"
            },
            "college": "Georgetown",
            "firstname": "Marcus",
            "height": {
                "feets": "6",
                "inches": "7",
                "meters": "2.01"
            },
            "id": 959,
            "lastname": "Derrickson",
            "leagues": {
                "sacramento": {
                    "active": true,
                    "jersey": 34,
                    "pos": "F"
                },
                "standard": {
                    "active": true,
                    "jersey": 32,
                    "pos": "F"
                },
                "vegas": {
                    "active": true,
                    "jersey": 16,
                    "pos": "F"
                }
            },
            "nba": {
                "pro": 1,
                "start": 2018
            },
            "weight": {
                "kilograms": "113.4",
                "pounds": "250"
            }
        },
        {
            "affiliation": null,
            "birth": {
                "country": null,
                "date": null
            },
            "college": null,
            "firstname": "Abudushalamu",
            "height": {
                "feets": null,
                "inches": null,
                "meters": null
            },
            "id": 1177,
            "lastname": "Abudurexiti",
            "leagues": {
                "sacramento": {
                    "active": true,
                    "jersey": 18,
                    "pos": "F"
                },
                "vegas": {
                    "active": true,
                    "jersey": 23,
                    "pos": "F"
                }
            },
            "nba": {
                "pro": 0,
                "start": 0
            },
            "weight": {
                "kilograms": null,
                "pounds": null
            }
        },
        {
            "affiliation": "Oakland/USA",
            "birth": {
                "country": "USA",
                "date": "1995-08-03"
            },
            "college": "Oakland",
            "firstname": "Kendrick",
            "height": {
                "feets": "6",
                "inches": "2",
                "meters": "1.88"
            },
            "id": 1007,
            "lastname": "Nunn",
            "leagues": {
                "sacramento": {
                    "active": true,
                    "jersey": 25,
                    "pos": "G"
                },
                "standard": {
                    "active": true,
                    "jersey": 12,
                    "pos": "G"
                },
                "vegas": {
                    "active": true,
                    "jersey": 25,
                    "pos": "G"
                }
            },
            "nba": {
                "pro": 2,
                "start": 2019
            },
            "weight": {
                "kilograms": "86.2",
                "pounds": "190"
            }
        },
        {
            "affiliation": "Texas/USA",
            "birth": {
                "country": "USA",
                "date": "1988-09-29"
            },
            "college": "Texas",
            "firstname": "Kevin",
            "height": {
                "feets": "6",
                "inches": "10",
                "meters": "2.08"
            },
            "id": 153,
            "lastname": "Durant",
            "leagues": {
                "standard": {
                    "active": true,
                    "jersey": 7,
                    "pos": "F"
                }
            },
            "nba": {
                "pro": 13,
                "start": 2007
            },
            "weight": {
                "kilograms": "108.9",
                "pounds": "240"
            }
        },
        {
            "affiliation": "Davidson/USA",
            "birth": {
                "country": "USA",
                "date": "1988-03-14"
            },
            "college": "Davidson",
            "firstname": "Stephen",
            "height": {
                "feets": "6",
                "inches": "2",
                "meters": "1.88"
            },
            "id": 124,
            "lastname": "Curry",
            "leagues": {
                "standard": {
                    "active": true,
                    "jersey": 30,
                    "pos": "G"
                }
            },
            "nba": {
                "pro": 12,
                "start": 2009
            },
            "weight": {
                "kilograms": "83.9",
                "pounds": "185"
            }
        },
        {
            "affiliation": null,
            "birth": {
                "country": null,
                "date": null
            },
            "college": null,
            "firstname": "Jonas",
            "height": {
                "feets": null,
                "inches": null,
                "meters": null
            },
            "id": 270,
            "lastname": "Jerebko",
            "leagues": {
                "standard": {
                    "active": true,
                    "jersey": 21,
                    "pos": "F"
                }
            },
            "nba": {
                "pro": 0,
                "start": 0
            },
            "weight": {
                "kilograms": null,
                "pounds": null
            }
        },
        {
            "affiliation": "Kentucky/USA",
            "birth": {
                "country": "USA",
                "date": "1990-08-13"
            },
            "college": "Kentucky",
            "firstname": "DeMarcus",
            "height": {
                "feets": "6",
                "inches": "10",
                "meters": "2.08"
            },
            "id": 117,
            "lastname": "Cousins",
            "leagues": {
                "standard": {
                    "active": true,
                    "jersey": 4,
                    "pos": "C"
                }
            },
            "nba": {
                "pro": 10,
                "start": 2010
            },
            "weight": {
                "kilograms": "122.5",
                "pounds": "270"
            }
        },
        {
            "affiliation": "Washington State/USA",
            "birth": {
                "country": "USA",
                "date": "1990-02-08"
            },
            "college": "Washington State",
            "firstname": "Klay",
            "height": {
                "feets": "6",
                "inches": "6",
                "meters": "1.98"
            },
            "id": 514,
            "lastname": "Thompson",
            "leagues": {
                "standard": {
                    "active": true,
                    "jersey": 11,
                    "pos": "G"
                }
            },
            "nba": {
                "pro": 8,
                "start": 2011
            },
            "weight": {
                "kilograms": "99.8",
                "pounds": "220"
            }
        },
        {
            "affiliation": "Michigan State/USA",
            "birth": {
                "country": "USA",
                "date": "1990-03-04"
            },
            "college": "Michigan State",
            "firstname": "Draymond",
            "height": {
                "feets": "6",
                "inches": "6",
                "meters": "1.98"
            },
            "id": 204,
            "lastname": "Green",
            "leagues": {
                "standard": {
                    "active": true,
                    "jersey": 23,
                    "pos": "F"
                }
            },
            "nba": {
                "pro": 9,
                "start": 2012
            },
            "weight": {
                "kilograms": "104.3",
                "pounds": "230"
            }
        },
        {
            "affiliation": null,
            "birth": {
                "country": null,
                "date": null
            },
            "college": null,
            "firstname": "Josh",
            "height": {
                "feets": null,
                "inches": null,
                "meters": null
            },
            "id": 704,
            "lastname": "Magette",
            "leagues": {
                "sacramento": {
                    "active": true,
                    "jersey": 19,
                    "pos": "G"
                },
                "standard": {
                    "active": false,
                    "jersey": 4,
                    "pos": null
                },
                "utah": {
                    "active": true,
                    "jersey": 17,
                    "pos": "G"
                },
                "vegas": {
                    "active": true,
                    "jersey": 17,
                    "pos": "G"
                }
            },
            "nba": {
                "pro": 0,
                "start": 0
            },
            "weight": {
                "kilograms": null,
                "pounds": null
            }
        },
        {
            "affiliation": null,
            "birth": {
                "country": null,
                "date": null
            },
            "college": null,
            "firstname": "Will",
            "height": {
                "feets": null,
                "inches": null,
                "meters": null
            },
            "id": 1770,
            "lastname": "Cherry",
            "leagues": {
                "standard": {
                    "active": false,
                    "jersey": 6,
                    "pos": null
                },
                "vegas": {
                    "active": true,
                    "jersey": 29,
                    "pos": "G"
                }
            },
            "nba": {
                "pro": 0,
                "start": 0
            },
            "weight": {
                "kilograms": null,
                "pounds": null
            }
        },
        {
            "affiliation": "Oregon State/Jamaica",
            "birth": {
                "country": "Jamaica",
                "date": "1989-05-26"
            },
            "college": "Oregon State",
            "firstname": "Omari",
            "height": {
                "feets": "6",
                "inches": "9",
                "meters": "2.06"
            },
            "id": 811,
            "lastname": "Johnson",
            "leagues": {
                "sacramento": {
                    "active": true,
                    "jersey": 44,
                    "pos": "F"
                },
                "standard": {
                    "active": false,
                    "jersey": 14,
                    "pos": null
                },
                "vegas": {
                    "active": true,
                    "jersey": 44,
                    "pos": "F"
                }
            },
            "nba": {
                "pro": 1,
                "start": 2017
            },
            "weight": {
                "kilograms": "99.8",
                "pounds": "220"
            }
        },
        {
            "affiliation": "Peoria Central HS (IL)USA/USA",
            "birth": {
                "country": "USA",
                "date": "1985-09-11"
            },
            "college": "No College",
            "firstname": "Shaun",
            "height": {
                "feets": "6",
                "inches": "7",
                "meters": "2.01"
            },
            "id": 321,
            "lastname": "Livingston",
            "leagues": {
                "standard": {
                    "active": true,
                    "jersey": 34,
                    "pos": "G"
                }
            },
            "nba": {
                "pro": 15,
                "start": 2004
            },
            "weight": {
                "kilograms": "87.1",
                "pounds": "192"
            }
        },
        {
            "affiliation": "Arizona/USA",
            "birth": {
                "country": "USA",
                "date": "1984-01-28"
            },
            "college": "Arizona",
            "firstname": "Andre",
            "height": {
                "feets": "6",
                "inches": "6",
                "meters": "1.98"
            },
            "id": 256,
            "lastname": "Iguodala",
            "leagues": {
                "standard": {
                    "active": true,
                    "jersey": 9,
                    "pos": "G-F"
                }
            },
            "nba": {
                "pro": 17,
                "start": 2004
            },
            "weight": {
                "kilograms": "97.5",
                "pounds": "215"
            }
        },
        {
            "affiliation": null,
            "birth": {
                "country": null,
                "date": null
            },
            "college": null,
            "firstname": "Elijah",
            "height": {
                "feets": null,
                "inches": null,
                "meters": null
            },
            "id": 1186,
            "lastname": "Brown",
            "leagues": {
                "sacramento": {
                    "active": true,
                    "jersey": 20,
                    "pos": "G"
                },
                "vegas": {
                    "active": true,
                    "jersey": 20,
                    "pos": "G"
                }
            },
            "nba": {
                "pro": 0,
                "start": 0
            },
            "weight": {
                "kilograms": null,
                "pounds": null
            }
        },
        {
            "affiliation": null,
            "birth": {
                "country": null,
                "date": null
            },
            "college": null,
            "firstname": "Xavier",
            "height": {
                "feets": null,
                "inches": null,
                "meters": null
            },
            "id": 1191,
            "lastname": "Cooks",
            "leagues": {
                "standard": {
                    "active": true,
                    "jersey": 40,
                    "pos": "G-F"
                },
                "vegas": {
                    "active": true,
                    "jersey": 18,
                    "pos": "F"
                }
            },
            "nba": {
                "pro": 0,
                "start": 0
            },
            "weight": {
                "kilograms": null,
                "pounds": null
            }
        },
        {
            "affiliation": null,
            "birth": {
                "country": null,
                "date": null
            },
            "college": null,
            "firstname": "Jordan",
            "height": {
                "feets": null,
                "inches": null,
                "meters": null
            },
            "id": 1205,
            "lastname": "Howard",
            "leagues": {
                "sacramento": {
                    "active": true,
                    "jersey": 8,
                    "pos": "G"
                },
                "vegas": {
                    "active": true,
                    "jersey": 8,
                    "pos": "G"
                }
            },
            "nba": {
                "pro": 0,
                "start": 0
            },
            "weight": {
                "kilograms": null,
                "pounds": null
            }
        },
        {
            "affiliation": null,
            "birth": {
                "country": null,
                "date": null
            },
            "college": null,
            "firstname": "Kendrick",
            "height": {
                "feets": null,
                "inches": null,
                "meters": null
            },
            "id": 1220,
            "lastname": "Nunn",
            "leagues": {
                "sacramento": {
                    "active": true,
                    "jersey": 25,
                    "pos": "G"
                },
                "vegas": {
                    "active": true,
                    "jersey": 25,
                    "pos": "G"
                }
            },
            "nba": {
                "pro": 0,
                "start": 0
            },
            "weight": {
                "kilograms": null,
                "pounds": null
            }
        },
        {
            "affiliation": null,
            "birth": {
                "country": null,
                "date": null
            },
            "college": null,
            "firstname": "Nuni",
            "height": {
                "feets": null,
                "inches": null,
                "meters": null
            },
            "id": 1222,
            "lastname": "Omot",
            "leagues": {
                "sacramento": {
                    "active": true,
                    "jersey": 21,
                    "pos": "F"
                },
                "vegas": {
                    "active": true,
                    "jersey": 21,
                    "pos": "F"
                }
            },
            "nba": {
                "pro": 0,
                "start": 0
            },
            "weight": {
                "kilograms": null,
                "pounds": null
            }
        },
        {
            "affiliation": null,
            "birth": {
                "country": null,
                "date": null
            },
            "college": null,
            "firstname": "Jeff",
            "height": {
                "feets": null,
                "inches": null,
                "meters": null
            },
            "id": 1226,
            "lastname": "Roberson",
            "leagues": {
                "sacramento": {
                    "active": true,
                    "jersey": 22,
                    "pos": "F"
                },
                "vegas": {
                    "active": true,
                    "jersey": 22,
                    "pos": "F"
                }
            },
            "nba": {
                "pro": 0,
                "start": 0
            },
            "weight": {
                "kilograms": null,
                "pounds": null
            }
        }
    ],
    "results": 34
}