{
    "errors": [],
    "get": "players/",
    "parameters": {
        "season": "2015",
        "team": "11"
    },
    "response": [
        {
            "affiliation": null,
            "birth": {
                "country": null,
                "date": null
            },
            "college": null,
            "firstname": "Andrew",
            "height": {
                "feets": null,
                "inches": null,
                "meters": null
            },
            "id": 61,
            "lastname": "Bogut",
            "leagues": {
                "standard": {
                    "active": true,
                    "jersey": 12,
                    "pos": "C"
                }
            },
            "nba": {
                "pro": 0,
                "start": 0
            },
            "weight": {
                "kilograms": null,
                "pounds": null
            }
        },
        {
            "affiliation": "UCLA/USA",
            "birth": {
                "country": "USA",
                "date": "1996-02-06"
            },
            "college": "UCLA",
            "firstname": "Kevon",
            "height": {
                "feets": "6",
                "inches": "9",
                "meters": "2.06"
            },
            "id": 322,
            "lastname": "Looney",
            "leagues": {
                "standard": {
                    "active": true,
                    "jersey": 5,
                    "pos": "F"
                }
            },
            "nba": {
                "pro": 6,
                "start": 2015
            },
            "weight": {
                "kilograms": "100.7",
                "pounds": "222"
            }
        },
        {
            "affiliation": null,
            "birth": {
                "country": null,
                "date": null
            },
            "college": null,
            "firstname": "Jason",
            "height": {
                "feets": null,
                "inches": null,
                "meters": null
            },
            "id": 513,
            "lastname": "Thompson",
            "leagues": {
                "standard": {
                    "active": true,
                    "jersey": 1,
                    "pos": "F"
                }
            },
            "nba": {
                "pro": 0,
                "start": 0
            },
            "weight": {
                "kilograms": null,
                "pounds": null
            }
        },
        {
            "affiliation": null,
            "birth": {
                "country": null,
                "date": null
            },
            "college": null,
            "firstname": "Brandon",
            "height": {
                "feets": null,
                "inches": null,
                "meters": null
            },
            "id": 461,
            "lastname": "Rush",
            "leagues": {
                "standard": {
                    "active": false,
                    "jersey": 25,
                    "pos": null
                }
            },
            "nba": {
                "pro": 0,
                "start": 0
            },
            "weight": {
                "kilograms": null,
                "pounds": null
            }
        },
        {
            "affiliation": null,
            "birth": {
                "country": null,
                "date": null
            },
            "college": null,
            "firstname": "Marreese",
            "height": {
                "feets": null,
                "inches": null,
                "meters": null
            },
            "id": 493,
            "lastname": "Speights",
            "leagues": {
                "standard": {
                    "active": true,
                    "jersey": 5,
                    "pos": "F"
                }
            },
            "nba": {
                "pro": 0,
                "start": 0
            },
            "weight": {
                "kilograms": null,
                "pounds": null
            }
        },
        {
            "affiliation": "Davidson/USA",
            "birth": {
                "country": "USA",
                "date": "1988-03-14"
            },
            "college": "Davidson",
            "firstname": "Stephen",
            "height": {
                "feets": "6",
                "inches": "2",
                "meters": "1.88"
            },
            "id": 124,
            "lastname": "Curry",
            "leagues": {
                "standard": {
                    "active": true,
                    "jersey": 30,
                    "pos": "G"
                }
            },
            "nba": {
                "pro": 12,
                "start": 2009
            },
            "weight": {
                "kilograms": "83.9",
                "pounds": "185"
            }
        },
        {
            "affiliation": "Washington State/USA",
            "birth": {
                "country": "USA",
                "date": "1990-02-08"
            },
            "college": "Washington State",
            "firstname": "Klay",
            "height": {
                "feets": "6",
                "inches": "6",
                "meters": "1.98"
            },
            "id": 514,
            "lastname": "Thompson",
            "leagues": {
                "standard": {
                    "active": true,
                    "jersey": 11,
                    "pos": "G"
                }
            },
            "nba": {
                "pro": 8,
                "start": 2011
            },
            "weight": {
                "kilograms": "99.8",
                "pounds": "220"
            }
        },
        {
            "affiliation": "North Carolina/USA",
            "birth": {
                "country": "USA",
                "date": "1992-05-30"
            },
            "college": "North Carolina",
            "firstname": "Harrison",
            "height": {
                "feets": "6",
                "inches": "8",
                "meters": "2.03"
            },
            "id": 36,
            "lastname": "Barnes",
            "leagues": {
                "africa": {
                    "active": true,
                    "jersey": 40,
                    "pos": "F"
                },
                "standard": {
                    "active": true,
                    "jersey": 40,
                    "pos": "F"
                }
            },
            "nba": {
                "pro": 9,
                "start": 2012
            },
            "weight": {
                "kilograms": "102.1",
                "pounds": "225"
            }
        },
        {
            "affiliation": "Vanderbilt/Nigeria",
            "birth": {
                "country": "Nigeria",
                "date": "1989-10-21"
            },
            "college": "Vanderbilt",
            "firstname": "Festus",
            "height": {
                "feets": "6",
                "inches": "11",
                "meters": "2.11"
            },
            "id": 165,
            "lastname": "Ezeli",
            "leagues": {
                "standard": {
                    "active": false,
                    "jersey": 31,
                    "pos": "C"
                }
            },
            "nba": {
                "pro": 3,
                "start": 2012
            },
            "weight": {
                "kilograms": "120.2",
                "pounds": "265"
            }
        },
        {
            "affiliation": "Michigan State/USA",
            "birth": {
                "country": "USA",
                "date": "1990-03-04"
            },
            "college": "Michigan State",
            "firstname": "Draymond",
            "height": {
                "feets": "6",
                "inches": "6",
                "meters": "1.98"
            },
            "id": 204,
            "lastname": "Green",
            "leagues": {
                "standard": {
                    "active": true,
                    "jersey": 23,
                    "pos": "F"
                }
            },
            "nba": {
                "pro": 9,
                "start": 2012
            },
            "weight": {
                "kilograms": "104.3",
                "pounds": "230"
            }
        },
        {
            "affiliation": "Belmont University/USA",
            "birth": {
                "country": "USA",
                "date": "1991-03-07"
            },
            "college": "Belmont",
            "firstname": "Ian",
            "height": {
                "feets": "6",
                "inches": "3",
                "meters": "1.9"
            },
            "id": 108,
            "lastname": "Clark",
            "leagues": {
                "standard": {
                    "active": true,
                    "jersey": 2,
                    "pos": "G"
                }
            },
            "nba": {
                "pro": 6,
                "start": 2013
            },
            "weight": {
                "kilograms": "79.4",
                "pounds": "175"
            }
        },
        {
            "affiliation": "North Carolina/USA",
            "birth": {
                "country": "USA",
                "date": "1993-01-04"
            },
            "college": "North Carolina",
            "firstname": "James Michael",
            "height": {
                "feets": "6",
                "inches": "9",
                "meters": "2.06"
            },
            "id": 344,
            "lastname": "McAdoo",
            "leagues": {
                "standard": {
                    "active": false,
                    "jersey": 20,
                    "pos": "F"
                }
            },
            "nba": {
                "pro": 2,
                "start": 2014
            },
            "weight": {
                "kilograms": "108.9",
                "pounds": "240"
            }
        },
        {
            "affiliation": "Virginia Tech/USA",
            "birth": {
                "country": "USA",
                "date": "1991-10-30"
            },
            "college": "Virginia Tech",
            "firstname": "Jarell",
            "height": {
                "feets": "6",
                "inches": "7",
                "meters": "2.01"
            },
            "id": 155,
            "lastname": "Eddie",
            "leagues": {
                "standard": {
                    "active": true,
                    "jersey": 31,
                    "pos": "G-F"
                },
                "vegas": {
                    "active": true,
                    "jersey": 39,
                    "pos": "F"
                }
            },
            "nba": {
                "pro": 4,
                "start": 2015
            },
            "weight": {
                "kilograms": "98.9",
                "pounds": "218"
            }
        },
        {
            "affiliation": "Palmeiras/Brazil",
            "birth": {
                "country": "Brazil",
                "date": "1982-11-28"
            },
            "college": "Sau Paulo, Brazil",
            "firstname": "Leandro",
            "height": {
                "feets": "6",
                "inches": "3",
                "meters": "1.9"
            },
            "id": 34,
            "lastname": "Barbosa",
            "leagues": {
                "standard": {
                    "active": false,
                    "jersey": 19,
                    "pos": "G"
                }
            },
            "nba": {
                "pro": 13,
                "start": 2003
            },
            "weight": {
                "kilograms": "88.0",
                "pounds": "194"
            }
        },
        {
            "affiliation": "Peoria Central HS (IL)USA/USA",
            "birth": {
                "country": "USA",
                "date": "1985-09-11"
            },
            "college": "No College",
            "firstname": "Shaun",
            "height": {
                "feets": "6",
                "inches": "7",
                "meters": "2.01"
            },
            "id": 321,
            "lastname": "Livingston",
            "leagues": {
                "standard": {
                    "active": true,
                    "jersey": 34,
                    "pos": "G"
                }
            },
            "nba": {
                "pro": 15,
                "start": 2004
            },
            "weight": {
                "kilograms": "87.1",
                "pounds": "192"
            }
        },
        {
            "affiliation": "Arizona/USA",
            "birth": {
                "country": "USA",
                "date": "1984-01-28"
            },
            "college": "Arizona",
            "firstname": "Andre",
            "height": {
                "feets": "6",
                "inches": "6",
                "meters": "1.98"
            },
            "id": 256,
            "lastname": "Iguodala",
            "leagues": {
                "standard": {
                    "active": true,
                    "jersey": 9,
                    "pos": "G-F"
                }
            },
            "nba": {
                "pro": 17,
                "start": 2004
            },
            "weight": {
                "kilograms": "97.5",
                "pounds": "215"
            }
        },
        {
            "affiliation": "Santa Teresa, Brazil/Brazil",
            "birth": {
                "country": "Brazil",
                "date": "1982-09-28"
            },
            "college": "                                   ",
            "firstname": "Anderson",
            "height": {
                "feets": null,
                "inches": null,
                "meters": null
            },
            "id": 528,
            "lastname": "Varejao",
            "leagues": {
                "standard": {
                    "active": false,
                    "jersey": 17,
                    "pos": null
                }
            },
            "nba": {
                "pro": 0,
                "start": 2004
            },
            "weight": {
                "kilograms": null,
                "pounds": null
            }
        }
    ],
    "results": 17
}