{
    "errors": [],
    "get": "players/",
    "parameters": {
        "season": "2022",
        "team": "11"
    },
    "response": [
        {
            "affiliation": "UCLA/USA",
            "birth": {
                "country": "USA",
                "date": "1996-02-06"
            },
            "college": "UCLA",
            "firstname": "Kevon",
            "height": {
                "feets": "6",
                "inches": "9",
                "meters": "2.06"
            },
            "id": 322,
            "lastname": "Looney",
            "leagues": {
                "standard": {
                    "active": true,
                    "jersey": 5,
                    "pos": "F"
                }
            },
            "nba": {
                "pro": 6,
                "start": 2015
            },
            "weight": {
                "kilograms": "100.7",
                "pounds": "222"
            }
        },
        {
            "affiliation": "Oregon State/USA",
            "birth": {
                "country": "USA",
                "date": "1992-12-01"
            },
            "college": "Oregon State",
            "firstname": "Gary",
            "height": {
                "feets": "6",
                "inches": "3",
                "meters": "1.9"
            },
            "id": 593,
            "lastname": "Payton II",
            "leagues": {
                "sacramento": {
                    "active": true,
                    "jersey": null,
                    "pos": "G"
                },
                "standard": {
                    "active": true,
                    "jersey": null,
                    "pos": "G"
                },
                "vegas": {
                    "active": true,
                    "jersey": null,
                    "pos": "G"
                }
            },
            "nba": {
                "pro": 5,
                "start": 2016
            },
            "weight": {
                "kilograms": "88.5",
                "pounds": "195"
            }
        },
        {
            "affiliation": "Villanova/USA",
            "birth": {
                "country": "USA",
                "date": "1997-01-31"
            },
            "college": "Villanova",
            "firstname": "Donte",
            "height": {
                "feets": "6",
                "inches": "4",
                "meters": "1.93"
            },
            "id": 962,
            "lastname": "DiVincenzo",
            "leagues": {
                "standard": {
                    "active": true,
                    "jersey": null,
                    "pos": "G"
                },
                "vegas": {
                    "active": true,
                    "jersey": 9,
                    "pos": "G"
                }
            },
            "nba": {
                "pro": 3,
                "start": 2018
            },
            "weight": {
                "kilograms": "92.1",
                "pounds": "203"
            }
        },
        {
            "affiliation": null,
            "birth": {
                "country": null,
                "date": null
            },
            "college": null,
            "firstname": "Jerome",
            "height": {
                "feets": null,
                "inches": null,
                "meters": null
            },
            "id": 1019,
            "lastname": "Robinson",
            "leagues": {
                "standard": {
                    "active": true,
                    "jersey": 8,
                    "pos": "G"
                },
                "vegas": {
                    "active": true,
                    "jersey": 13,
                    "pos": "G"
                }
            },
            "nba": {
                "pro": 0,
                "start": 0
            },
            "weight": {
                "kilograms": null,
                "pounds": null
            }
        },
        {
            "affiliation": "Virginia/USA",
            "birth": {
                "country": "USA",
                "date": "1997-07-08"
            },
            "college": "Virginia",
            "firstname": "Ty",
            "height": {
                "feets": "6",
                "inches": "5",
                "meters": "1.96"
            },
            "id": 1870,
            "lastname": "Jerome",
            "leagues": {
                "standard": {
                    "active": true,
                    "jersey": 16,
                    "pos": "G-F"
                }
            },
            "nba": {
                "pro": 2,
                "start": 2019
            },
            "weight": {
                "kilograms": "88.5",
                "pounds": "195"
            }
        },
        {
            "affiliation": "Michigan/USA",
            "birth": {
                "country": "USA",
                "date": "1999-06-19"
            },
            "college": "Michigan",
            "firstname": "Jordan",
            "height": {
                "feets": "6",
                "inches": "4",
                "meters": "1.93"
            },
            "id": 1887,
            "lastname": "Poole",
            "leagues": {
                "sacramento": {
                    "active": true,
                    "jersey": 3,
                    "pos": "G"
                },
                "standard": {
                    "active": true,
                    "jersey": 3,
                    "pos": "G"
                },
                "vegas": {
                    "active": true,
                    "jersey": 3,
                    "pos": "G"
                }
            },
            "nba": {
                "pro": 2,
                "start": 2019
            },
            "weight": {
                "kilograms": "88.0",
                "pounds": "194"
            }
        },
        {
            "affiliation": "Mississippi State/USA",
            "birth": {
                "country": "USA",
                "date": "1996-09-10"
            },
            "college": "Mississippi State",
            "firstname": "Quinndary",
            "height": {
                "feets": "6",
                "inches": "3",
                "meters": "1.9"
            },
            "id": 1899,
            "lastname": "Weatherspoon",
            "leagues": {
                "sacramento": {
                    "active": true,
                    "jersey": 12,
                    "pos": "G"
                },
                "standard": {
                    "active": true,
                    "jersey": 12,
                    "pos": "G"
                },
                "utah": {
                    "active": true,
                    "jersey": 15,
                    "pos": "G"
                },
                "vegas": {
                    "active": true,
                    "jersey": 12,
                    "pos": "G"
                }
            },
            "nba": {
                "pro": 2,
                "start": 2019
            },
            "weight": {
                "kilograms": "93.0",
                "pounds": "205"
            }
        },
        {
            "affiliation": "Memphis/USA",
            "birth": {
                "country": "USA",
                "date": "2001-03-31"
            },
            "college": "Memphis",
            "firstname": "James",
            "height": {
                "feets": "7",
                "inches": "0",
                "meters": "2.13"
            },
            "id": 2666,
            "lastname": "Wiseman",
            "leagues": {
                "sacramento": {
                    "active": true,
                    "jersey": 33,
                    "pos": "C"
                },
                "standard": {
                    "active": true,
                    "jersey": 33,
                    "pos": "C"
                },
                "vegas": {
                    "active": true,
                    "jersey": 33,
                    "pos": "C"
                }
            },
            "nba": {
                "pro": 1,
                "start": 2020
            },
            "weight": {
                "kilograms": "108.9",
                "pounds": "240"
            }
        },
        {
            "affiliation": "NBA G League Ignite/DRC",
            "birth": {
                "country": "DRC",
                "date": "2002-10-06"
            },
            "college": "NBA G League Ignite",
            "firstname": "Jonathan",
            "height": {
                "feets": "6",
                "inches": "7",
                "meters": "2.01"
            },
            "id": 2827,
            "lastname": "Kuminga",
            "leagues": {
                "sacramento": {
                    "active": true,
                    "jersey": null,
                    "pos": "F"
                },
                "standard": {
                    "active": true,
                    "jersey": null,
                    "pos": "F"
                },
                "vegas": {
                    "active": true,
                    "jersey": null,
                    "pos": "F"
                }
            },
            "nba": {
                "pro": 0,
                "start": 2021
            },
            "weight": {
                "kilograms": "102.1",
                "pounds": "225"
            }
        },
        {
            "affiliation": "Vermont/USA",
            "birth": {
                "country": "USA",
                "date": "1998-01-20"
            },
            "college": "Vermont",
            "firstname": "Anthony",
            "height": {
                "feets": "6",
                "inches": "6",
                "meters": "1.98"
            },
            "id": 2609,
            "lastname": "Lamb",
            "leagues": {
                "standard": {
                    "active": true,
                    "jersey": 33,
                    "pos": "F"
                },
                "vegas": {
                    "active": true,
                    "jersey": 33,
                    "pos": "F"
                }
            },
            "nba": {
                "pro": 1,
                "start": 2020
            },
            "weight": {
                "kilograms": "103.0",
                "pounds": "227"
            }
        },
        {
            "affiliation": null,
            "birth": {
                "country": null,
                "date": null
            },
            "college": null,
            "firstname": "Pat",
            "height": {
                "feets": null,
                "inches": null,
                "meters": null
            },
            "id": 3492,
            "lastname": "Spencer",
            "leagues": {
                "standard": {
                    "active": true,
                    "jersey": 61,
                    "pos": "G"
                },
                "vegas": {
                    "active": true,
                    "jersey": 61,
                    "pos": "G"
                }
            },
            "nba": {
                "pro": 0,
                "start": 0
            },
            "weight": {
                "kilograms": null,
                "pounds": null
            }
        },
        {
            "affiliation": "Arkansas/USA",
            "birth": {
                "country": "USA",
                "date": "2002-05-31"
            },
            "college": "Arkansas",
            "firstname": "Moses",
            "height": {
                "feets": "6",
                "inches": "5",
                "meters": "1.96"
            },
            "id": 2836,
            "lastname": "Moody",
            "leagues": {
                "sacramento": {
                    "active": true,
                    "jersey": 4,
                    "pos": "G"
                },
                "standard": {
                    "active": true,
                    "jersey": 4,
                    "pos": "G"
                },
                "vegas": {
                    "active": true,
                    "jersey": 4,
                    "pos": "G"
                }
            },
            "nba": {
                "pro": 0,
                "start": 2021
            },
            "weight": {
                "kilograms": "95.7",
                "pounds": "211"
            }
        },
        {
            "affiliation": null,
            "birth": {
                "country": null,
                "date": null
            },
            "college": null,
            "firstname": "Gui",
            "height": {
                "feets": null,
                "inches": null,
                "meters": null
            },
            "id": 3485,
            "lastname": "Santos",
            "leagues": {
                "sacramento": {
                    "active": true,
                    "jersey": 15,
                    "pos": "F"
                },
                "standard": {
                    "active": true,
                    "jersey": 15,
                    "pos": "G"
                },
                "vegas": {
                    "active": true,
                    "jersey": 15,
                    "pos": "F"
                }
            },
            "nba": {
                "pro": 0,
                "start": 0
            },
            "weight": {
                "kilograms": null,
                "pounds": null
            }
        },
        {
            "affiliation": "Texas Tech/USA",
            "birth": {
                "country": "USA",
                "date": "1999-01-06"
            },
            "college": "Texas Tech",
            "firstname": "Mac",
            "height": {
                "feets": "6",
                "inches": "2",
                "meters": "1.88"
            },
            "id": 2833,
            "lastname": "McClung",
            "leagues": {
                "sacramento": {
                    "active": true,
                    "jersey": 55,
                    "pos": "G"
                },
                "standard": {
                    "active": true,
                    "jersey": 37,
                    "pos": "G"
                },
                "vegas": {
                    "active": true,
                    "jersey": 55,
                    "pos": "G"
                }
            },
            "nba": {
                "pro": 0,
                "start": 2021
            },
            "weight": {
                "kilograms": "83.9",
                "pounds": "185"
            }
        },
        {
            "affiliation": null,
            "birth": {
                "country": null,
                "date": null
            },
            "college": null,
            "firstname": "Trevion",
            "height": {
                "feets": null,
                "inches": null,
                "meters": null
            },
            "id": 3507,
            "lastname": "Williams",
            "leagues": {
                "standard": {
                    "active": true,
                    "jersey": null,
                    "pos": "C"
                },
                "vegas": {
                    "active": true,
                    "jersey": 50,
                    "pos": "C"
                }
            },
            "nba": {
                "pro": 0,
                "start": 0
            },
            "weight": {
                "kilograms": null,
                "pounds": null
            }
        },
        {
            "affiliation": null,
            "birth": {
                "country": null,
                "date": null
            },
            "college": null,
            "firstname": "Patrick",
            "height": {
                "feets": null,
                "inches": null,
                "meters": null
            },
            "id": 3413,
            "lastname": "Baldwin Jr.",
            "leagues": {
                "sacramento": {
                    "active": true,
                    "jersey": 7,
                    "pos": "G-F"
                },
                "standard": {
                    "active": true,
                    "jersey": 7,
                    "pos": "F"
                },
                "vegas": {
                    "active": true,
                    "jersey": 7,
                    "pos": "G-F"
                }
            },
            "nba": {
                "pro": 0,
                "start": 0
            },
            "weight": {
                "kilograms": null,
                "pounds": null
            }
        },
        {
            "affiliation": null,
            "birth": {
                "country": null,
                "date": null
            },
            "college": null,
            "firstname": "Ryan",
            "height": {
                "feets": null,
                "inches": null,
                "meters": null
            },
            "id": 3484,
            "lastname": "Rollins",
            "leagues": {
                "sacramento": {
                    "active": true,
                    "jersey": 2,
                    "pos": "G"
                },
                "standard": {
                    "active": true,
                    "jersey": 2,
                    "pos": "G"
                },
                "vegas": {
                    "active": true,
                    "jersey": 2,
                    "pos": "G"
                }
            },
            "nba": {
                "pro": 0,
                "start": 0
            },
            "weight": {
                "kilograms": null,
                "pounds": null
            }
        },
        {
            "affiliation": null,
            "birth": {
                "country": null,
                "date": null
            },
            "college": null,
            "firstname": "Lester",
            "height": {
                "feets": null,
                "inches": null,
                "meters": null
            },
            "id": 3480,
            "lastname": "Quinones",
            "leagues": {
                "standard": {
                    "active": true,
                    "jersey": 25,
                    "pos": "G"
                },
                "vegas": {
                    "active": true,
                    "jersey": 25,
                    "pos": "G"
                }
            },
            "nba": {
                "pro": 0,
                "start": 0
            },
            "weight": {
                "kilograms": null,
                "pounds": null
            }
        },
        {
            "affiliation": "Davidson/USA",
            "birth": {
                "country": "USA",
                "date": "1988-03-14"
            },
            "college": "Davidson",
            "firstname": "Stephen",
            "height": {
                "feets": "6",
                "inches": "2",
                "meters": "1.88"
            },
            "id": 124,
            "lastname": "Curry",
            "leagues": {
                "standard": {
                    "active": true,
                    "jersey": 30,
                    "pos": "G"
                }
            },
            "nba": {
                "pro": 12,
                "start": 2009
            },
            "weight": {
                "kilograms": "83.9",
                "pounds": "185"
            }
        },
        {
            "affiliation": "Washington State/USA",
            "birth": {
                "country": "USA",
                "date": "1990-02-08"
            },
            "college": "Washington State",
            "firstname": "Klay",
            "height": {
                "feets": "6",
                "inches": "6",
                "meters": "1.98"
            },
            "id": 514,
            "lastname": "Thompson",
            "leagues": {
                "standard": {
                    "active": true,
                    "jersey": 11,
                    "pos": "G"
                }
            },
            "nba": {
                "pro": 8,
                "start": 2011
            },
            "weight": {
                "kilograms": "99.8",
                "pounds": "220"
            }
        },
        {
            "affiliation": "Michigan State/USA",
            "birth": {
                "country": "USA",
                "date": "1990-03-04"
            },
            "college": "Michigan State",
            "firstname": "Draymond",
            "height": {
                "feets": "6",
                "inches": "6",
                "meters": "1.98"
            },
            "id": 204,
            "lastname": "Green",
            "leagues": {
                "standard": {
                    "active": true,
                    "jersey": 23,
                    "pos": "F"
                }
            },
            "nba": {
                "pro": 9,
                "start": 2012
            },
            "weight": {
                "kilograms": "104.3",
                "pounds": "230"
            }
        },
        {
            "affiliation": "Alabama/USA",
            "birth": {
                "country": "USA",
                "date": "1990-06-21"
            },
            "college": "Alabama",
            "firstname": "JaMychal",
            "height": {
                "feets": "6",
                "inches": "8",
                "meters": "2.03"
            },
            "id": 206,
            "lastname": "Green",
            "leagues": {
                "standard": {
                    "active": true,
                    "jersey": 1,
                    "pos": "F-C"
                }
            },
            "nba": {
                "pro": 7,
                "start": 2014
            },
            "weight": {
                "kilograms": "103.0",
                "pounds": "227"
            }
        },
        {
            "affiliation": "Kansas/Canada",
            "birth": {
                "country": "Canada",
                "date": "1995-02-23"
            },
            "college": "Kansas",
            "firstname": "Andrew",
            "height": {
                "feets": "6",
                "inches": "7",
                "meters": "2.01"
            },
            "id": 548,
            "lastname": "Wiggins",
            "leagues": {
                "standard": {
                    "active": true,
                    "jersey": 22,
                    "pos": "F"
                }
            },
            "nba": {
                "pro": 7,
                "start": 2014
            },
            "weight": {
                "kilograms": "89.4",
                "pounds": "197"
            }
        },
        {
            "affiliation": "Arizona/USA",
            "birth": {
                "country": "USA",
                "date": "1984-01-28"
            },
            "college": "Arizona",
            "firstname": "Andre",
            "height": {
                "feets": "6",
                "inches": "6",
                "meters": "1.98"
            },
            "id": 256,
            "lastname": "Iguodala",
            "leagues": {
                "standard": {
                    "active": true,
                    "jersey": 9,
                    "pos": "G-F"
                }
            },
            "nba": {
                "pro": 17,
                "start": 2004
            },
            "weight": {
                "kilograms": "97.5",
                "pounds": "215"
            }
        }
    ],
    "results": 24
}