{
    "errors": [],
    "get": "players/",
    "parameters": {
        "season": "2016",
        "team": "16"
    },
    "response": [
        {
            "affiliation": "Wake Forest/USA",
            "birth": {
                "country": "USA",
                "date": "1985-05-06"
            },
            "college": "Wake Forest",
            "firstname": "Chris",
            "height": {
                "feets": "6",
                "inches": "0",
                "meters": "1.83"
            },
            "id": 415,
            "lastname": "Paul",
            "leagues": {
                "standard": {
                    "active": true,
                    "jersey": 3,
                    "pos": "G"
                }
            },
            "nba": {
                "pro": 16,
                "start": 2005
            },
            "weight": {
                "kilograms": "79.4",
                "pounds": "175"
            }
        },
        {
            "affiliation": null,
            "birth": {
                "country": null,
                "date": null
            },
            "college": null,
            "firstname": "Raymond",
            "height": {
                "feets": null,
                "inches": null,
                "meters": null
            },
            "id": 172,
            "lastname": "Felton",
            "leagues": {
                "standard": {
                    "active": true,
                    "jersey": 2,
                    "pos": "G"
                }
            },
            "nba": {
                "pro": 0,
                "start": 0
            },
            "weight": {
                "kilograms": null,
                "pounds": null
            }
        },
        {
            "affiliation": "Louisiana State/USA",
            "birth": {
                "country": "USA",
                "date": "1985-04-30"
            },
            "college": "Louisiana State",
            "firstname": "Brandon",
            "height": {
                "feets": "6",
                "inches": "8",
                "meters": "2.03"
            },
            "id": 39,
            "lastname": "Bass",
            "leagues": {
                "standard": {
                    "active": false,
                    "jersey": 30,
                    "pos": "F"
                }
            },
            "nba": {
                "pro": 11,
                "start": 2005
            },
            "weight": {
                "kilograms": "113.4",
                "pounds": "250"
            }
        },
        {
            "affiliation": "Michigan State/USA",
            "birth": {
                "country": "USA",
                "date": "1982-10-16"
            },
            "college": "Michigan State",
            "firstname": "Alan",
            "height": {
                "feets": "6",
                "inches": "6",
                "meters": "1.98"
            },
            "id": 15,
            "lastname": "Anderson",
            "leagues": {
                "standard": {
                    "active": false,
                    "jersey": 9,
                    "pos": "F-G"
                }
            },
            "nba": {
                "pro": 7,
                "start": 2005
            },
            "weight": {
                "kilograms": "99.8",
                "pounds": "220"
            }
        },
        {
            "affiliation": "North Carolina/USA",
            "birth": {
                "country": "USA",
                "date": "1994-06-27"
            },
            "college": "North Carolina",
            "firstname": "Brice",
            "height": {
                "feets": "6",
                "inches": "10",
                "meters": "2.08"
            },
            "id": 272,
            "lastname": "Johnson",
            "leagues": {
                "standard": {
                    "active": false,
                    "jersey": 10,
                    "pos": "F"
                },
                "vegas": {
                    "active": true,
                    "jersey": 11,
                    "pos": "F"
                }
            },
            "nba": {
                "pro": 0,
                "start": 2016
            },
            "weight": {
                "kilograms": "104.3",
                "pounds": "230"
            }
        },
        {
            "affiliation": "Maryland/USA",
            "birth": {
                "country": "USA",
                "date": "1997-02-10"
            },
            "college": "Maryland",
            "firstname": "Diamond",
            "height": {
                "feets": "6",
                "inches": "11",
                "meters": "2.11"
            },
            "id": 499,
            "lastname": "Stone",
            "leagues": {
                "standard": {
                    "active": false,
                    "jersey": null,
                    "pos": "C"
                },
                "utah": {
                    "active": true,
                    "jersey": 50,
                    "pos": "C"
                },
                "vegas": {
                    "active": true,
                    "jersey": 50,
                    "pos": "C"
                }
            },
            "nba": {
                "pro": 0,
                "start": 2016
            },
            "weight": {
                "kilograms": "115.7",
                "pounds": "255"
            }
        },
        {
            "affiliation": "Kansas/USA",
            "birth": {
                "country": "USA",
                "date": "1977-10-13"
            },
            "college": "Kansas",
            "firstname": "Paul",
            "height": {
                "feets": "6",
                "inches": "7",
                "meters": "2.01"
            },
            "id": 423,
            "lastname": "Pierce",
            "leagues": {
                "standard": {
                    "active": false,
                    "jersey": 34,
                    "pos": "F"
                }
            },
            "nba": {
                "pro": 18,
                "start": 1998
            },
            "weight": {
                "kilograms": "106.6",
                "pounds": "235"
            }
        },
        {
            "affiliation": "Duke/USA",
            "birth": {
                "country": "USA",
                "date": "1984-06-24"
            },
            "college": "Duke",
            "firstname": "JJ",
            "height": {
                "feets": "6",
                "inches": "3",
                "meters": "1.9"
            },
            "id": 444,
            "lastname": "Redick",
            "leagues": {
                "standard": {
                    "active": true,
                    "jersey": 17,
                    "pos": "G"
                }
            },
            "nba": {
                "pro": 15,
                "start": 2006
            },
            "weight": {
                "kilograms": "90.7",
                "pounds": "200"
            }
        },
        {
            "affiliation": null,
            "birth": {
                "country": null,
                "date": null
            },
            "college": null,
            "firstname": "Marreese",
            "height": {
                "feets": null,
                "inches": null,
                "meters": null
            },
            "id": 493,
            "lastname": "Speights",
            "leagues": {
                "standard": {
                    "active": true,
                    "jersey": 5,
                    "pos": "F"
                }
            },
            "nba": {
                "pro": 0,
                "start": 0
            },
            "weight": {
                "kilograms": null,
                "pounds": null
            }
        },
        {
            "affiliation": "Texas A&M/USA",
            "birth": {
                "country": "USA",
                "date": "1988-07-21"
            },
            "college": "Texas A&M",
            "firstname": "DeAndre",
            "height": {
                "feets": "6",
                "inches": "11",
                "meters": "2.11"
            },
            "id": 286,
            "lastname": "Jordan",
            "leagues": {
                "standard": {
                    "active": true,
                    "jersey": 6,
                    "pos": "C"
                }
            },
            "nba": {
                "pro": 13,
                "start": 2008
            },
            "weight": {
                "kilograms": "120.2",
                "pounds": "265"
            }
        },
        {
            "affiliation": null,
            "birth": {
                "country": null,
                "date": null
            },
            "college": null,
            "firstname": "Luc",
            "height": {
                "feets": null,
                "inches": null,
                "meters": null
            },
            "id": 343,
            "lastname": "Mbah a Moute",
            "leagues": {
                "standard": {
                    "active": true,
                    "jersey": 12,
                    "pos": "F"
                }
            },
            "nba": {
                "pro": 0,
                "start": 0
            },
            "weight": {
                "kilograms": null,
                "pounds": null
            }
        },
        {
            "affiliation": "Oklahoma/USA",
            "birth": {
                "country": "USA",
                "date": "1989-03-16"
            },
            "college": "Oklahoma",
            "firstname": "Blake",
            "height": {
                "feets": "6",
                "inches": "9",
                "meters": "2.06"
            },
            "id": 208,
            "lastname": "Griffin",
            "leagues": {
                "standard": {
                    "active": true,
                    "jersey": 91,
                    "pos": "F"
                }
            },
            "nba": {
                "pro": 11,
                "start": 2010
            },
            "weight": {
                "kilograms": "113.4",
                "pounds": "250"
            }
        },
        {
            "affiliation": "Syracuse/USA",
            "birth": {
                "country": "USA",
                "date": "1987-07-11"
            },
            "college": "Syracuse",
            "firstname": "Wesley",
            "height": {
                "feets": "6",
                "inches": "7",
                "meters": "2.01"
            },
            "id": 278,
            "lastname": "Johnson",
            "leagues": {
                "standard": {
                    "active": true,
                    "jersey": 4,
                    "pos": "F-G"
                }
            },
            "nba": {
                "pro": 9,
                "start": 2010
            },
            "weight": {
                "kilograms": "97.5",
                "pounds": "215"
            }
        },
        {
            "affiliation": "Duke/USA",
            "birth": {
                "country": "USA",
                "date": "1992-08-01"
            },
            "college": "Duke",
            "firstname": "Austin",
            "height": {
                "feets": "6",
                "inches": "4",
                "meters": "1.93"
            },
            "id": 448,
            "lastname": "Rivers",
            "leagues": {
                "standard": {
                    "active": true,
                    "jersey": 25,
                    "pos": "G"
                }
            },
            "nba": {
                "pro": 9,
                "start": 2012
            },
            "weight": {
                "kilograms": "90.7",
                "pounds": "200"
            }
        },
        {
            "affiliation": null,
            "birth": {
                "country": null,
                "date": null
            },
            "college": null,
            "firstname": "Jamal",
            "height": {
                "feets": null,
                "inches": null,
                "meters": null
            },
            "id": 120,
            "lastname": "Crawford",
            "leagues": {
                "standard": {
                    "active": true,
                    "jersey": 1,
                    "pos": "G"
                }
            },
            "nba": {
                "pro": 0,
                "start": 0
            },
            "weight": {
                "kilograms": null,
                "pounds": null
            }
        },
        {
            "affiliation": "Rhode Island/USA",
            "birth": {
                "country": "USA",
                "date": "1992-06-01"
            },
            "college": "Rhode Island",
            "firstname": "Xavier",
            "height": {
                "feets": "6",
                "inches": "4",
                "meters": "1.93"
            },
            "id": 381,
            "lastname": "Munford",
            "leagues": {
                "standard": {
                    "active": true,
                    "jersey": null,
                    "pos": "G"
                },
                "vegas": {
                    "active": true,
                    "jersey": null,
                    "pos": "G"
                }
            },
            "nba": {
                "pro": 2,
                "start": 2015
            },
            "weight": {
                "kilograms": "78.5",
                "pounds": "173"
            }
        },
        {
            "affiliation": null,
            "birth": {
                "country": "USA",
                "date": "1985-12-02"
            },
            "college": "South Kent Prep (CT)",
            "firstname": "Dorell",
            "height": {
                "feets": "6",
                "inches": "9",
                "meters": "2.06"
            },
            "id": 565,
            "lastname": "Wright",
            "leagues": {
                "standard": {
                    "active": false,
                    "jersey": 11,
                    "pos": "F-G"
                }
            },
            "nba": {
                "pro": 11,
                "start": 2004
            },
            "weight": {
                "kilograms": "93.0",
                "pounds": "205"
            }
        }
    ],
    "results": 17
}