{
    "errors": [],
    "get": "players/",
    "parameters": {
        "season": "2022",
        "team": "16"
    },
    "response": [
        {
            "affiliation": "UCLA/USA",
            "birth": {
                "country": "USA",
                "date": "1993-05-25"
            },
            "college": "UCLA",
            "firstname": "Norman",
            "height": {
                "feets": "6",
                "inches": "3",
                "meters": "1.9"
            },
            "id": 434,
            "lastname": "Powell",
            "leagues": {
                "standard": {
                    "active": true,
                    "jersey": 24,
                    "pos": "G"
                }
            },
            "nba": {
                "pro": 6,
                "start": 2015
            },
            "weight": {
                "kilograms": "97.5",
                "pounds": "215"
            }
        },
        {
            "affiliation": "Mega Basket/Croatia",
            "birth": {
                "country": "Croatia",
                "date": "1997-03-18"
            },
            "college": "Mega Basket",
            "firstname": "Ivica",
            "height": {
                "feets": "7",
                "inches": "0",
                "meters": "2.13"
            },
            "id": 575,
            "lastname": "Zubac",
            "leagues": {
                "standard": {
                    "active": true,
                    "jersey": 40,
                    "pos": "C"
                }
            },
            "nba": {
                "pro": 5,
                "start": 2016
            },
            "weight": {
                "kilograms": "108.9",
                "pounds": "240"
            }
        },
        {
            "affiliation": "Duke/USA",
            "birth": {
                "country": "USA",
                "date": "1996-06-24"
            },
            "college": "Duke",
            "firstname": "Luke",
            "height": {
                "feets": "6",
                "inches": "5",
                "meters": "1.96"
            },
            "id": 814,
            "lastname": "Kennard",
            "leagues": {
                "standard": {
                    "active": true,
                    "jersey": 5,
                    "pos": "G"
                },
                "vegas": {
                    "active": true,
                    "jersey": 5,
                    "pos": "G"
                }
            },
            "nba": {
                "pro": 4,
                "start": 2017
            },
            "weight": {
                "kilograms": "93.4",
                "pounds": "206"
            }
        },
        {
            "affiliation": "Minnesota/USA",
            "birth": {
                "country": "USA",
                "date": "1997-06-17"
            },
            "college": "Minnesota",
            "firstname": "Amir",
            "height": {
                "feets": "6",
                "inches": "7",
                "meters": "2.01"
            },
            "id": 2115,
            "lastname": "Coffey",
            "leagues": {
                "standard": {
                    "active": true,
                    "jersey": 7,
                    "pos": "G-F"
                },
                "vegas": {
                    "active": true,
                    "jersey": 7,
                    "pos": "G-F"
                }
            },
            "nba": {
                "pro": 2,
                "start": 2019
            },
            "weight": {
                "kilograms": "95.3",
                "pounds": "210"
            }
        },
        {
            "affiliation": "Florida State/USA",
            "birth": {
                "country": "USA",
                "date": "1996-10-18"
            },
            "college": "Florida State",
            "firstname": "Terance",
            "height": {
                "feets": "6",
                "inches": "5",
                "meters": "1.96"
            },
            "id": 1877,
            "lastname": "Mann",
            "leagues": {
                "standard": {
                    "active": true,
                    "jersey": 14,
                    "pos": "G-F"
                },
                "vegas": {
                    "active": true,
                    "jersey": 14,
                    "pos": "G"
                }
            },
            "nba": {
                "pro": 2,
                "start": 2019
            },
            "weight": {
                "kilograms": "97.5",
                "pounds": "215"
            }
        },
        {
            "affiliation": null,
            "birth": {
                "country": null,
                "date": null
            },
            "college": null,
            "firstname": "Moses",
            "height": {
                "feets": null,
                "inches": null,
                "meters": null
            },
            "id": 2160,
            "lastname": "Brown",
            "leagues": {
                "standard": {
                    "active": true,
                    "jersey": 6,
                    "pos": "C"
                },
                "vegas": {
                    "active": true,
                    "jersey": 56,
                    "pos": "C"
                }
            },
            "nba": {
                "pro": 0,
                "start": 0
            },
            "weight": {
                "kilograms": null,
                "pounds": null
            }
        },
        {
            "affiliation": "Indiana/USA",
            "birth": {
                "country": "USA",
                "date": "1997-04-17"
            },
            "college": "Indiana",
            "firstname": "Juwan",
            "height": {
                "feets": "6",
                "inches": "7",
                "meters": "2.01"
            },
            "id": 2438,
            "lastname": "Morgan",
            "leagues": {
                "standard": {
                    "active": false,
                    "jersey": 16,
                    "pos": null
                },
                "utah": {
                    "active": true,
                    "jersey": 16,
                    "pos": "F"
                },
                "vegas": {
                    "active": true,
                    "jersey": 16,
                    "pos": "F"
                }
            },
            "nba": {
                "pro": 2,
                "start": 2019
            },
            "weight": {
                "kilograms": "105.2",
                "pounds": "232"
            }
        },
        {
            "affiliation": "Morehead State/USA",
            "birth": {
                "country": "USA",
                "date": "1995-01-02"
            },
            "college": "Morehead State",
            "firstname": "Xavier",
            "height": {
                "feets": "6",
                "inches": "2",
                "meters": "1.88"
            },
            "id": 3396,
            "lastname": "Moon",
            "leagues": {
                "standard": {
                    "active": true,
                    "jersey": 15,
                    "pos": "G"
                },
                "vegas": {
                    "active": true,
                    "jersey": 15,
                    "pos": "G"
                }
            },
            "nba": {
                "pro": 0,
                "start": 2021
            },
            "weight": {
                "kilograms": "74.8",
                "pounds": "165"
            }
        },
        {
            "affiliation": "St. Mary's College/USA",
            "birth": {
                "country": "USA",
                "date": "1997-07-04"
            },
            "college": "St. Mary's College",
            "firstname": "Malik",
            "height": {
                "feets": "6",
                "inches": "5",
                "meters": "1.96"
            },
            "id": 2586,
            "lastname": "Fitts",
            "leagues": {
                "standard": {
                    "active": true,
                    "jersey": 8,
                    "pos": "F"
                },
                "vegas": {
                    "active": false,
                    "jersey": 18,
                    "pos": null
                }
            },
            "nba": {
                "pro": 1,
                "start": 2020
            },
            "weight": {
                "kilograms": "104.3",
                "pounds": "230"
            }
        },
        {
            "affiliation": null,
            "birth": {
                "country": null,
                "date": null
            },
            "college": null,
            "firstname": "Nate",
            "height": {
                "feets": null,
                "inches": null,
                "meters": null
            },
            "id": 2578,
            "lastname": "Darling",
            "leagues": {
                "standard": {
                    "active": true,
                    "jersey": 30,
                    "pos": "G"
                },
                "vegas": {
                    "active": false,
                    "jersey": 30,
                    "pos": null
                }
            },
            "nba": {
                "pro": 0,
                "start": 0
            },
            "weight": {
                "kilograms": null,
                "pounds": null
            }
        },
        {
            "affiliation": "Kentucky/USA",
            "birth": {
                "country": "USA",
                "date": "2001-11-28"
            },
            "college": "Kentucky",
            "firstname": "Brandon",
            "height": {
                "feets": "6",
                "inches": "6",
                "meters": "1.98"
            },
            "id": 2792,
            "lastname": "Boston Jr.",
            "leagues": {
                "standard": {
                    "active": true,
                    "jersey": 4,
                    "pos": "G"
                },
                "vegas": {
                    "active": true,
                    "jersey": 4,
                    "pos": "G-F"
                }
            },
            "nba": {
                "pro": 0,
                "start": 2021
            },
            "weight": {
                "kilograms": "85.3",
                "pounds": "188"
            }
        },
        {
            "affiliation": "Virginia Commonwealth/USA",
            "birth": {
                "country": "USA",
                "date": "2000-09-14"
            },
            "college": "Virginia Commonwealth",
            "firstname": "Bones",
            "height": {
                "feets": "6",
                "inches": "2",
                "meters": "1.88"
            },
            "id": 2816,
            "lastname": "Hyland",
            "leagues": {
                "standard": {
                    "active": true,
                    "jersey": 3,
                    "pos": "G"
                },
                "vegas": {
                    "active": true,
                    "jersey": 4,
                    "pos": "G"
                }
            },
            "nba": {
                "pro": 0,
                "start": 2021
            },
            "weight": {
                "kilograms": "76.7",
                "pounds": "169"
            }
        },
        {
            "affiliation": "Ohio/USA",
            "birth": {
                "country": "USA",
                "date": "1999-08-10"
            },
            "college": "Ohio",
            "firstname": "Jason",
            "height": {
                "feets": "6",
                "inches": "3",
                "meters": "1.9"
            },
            "id": 2842,
            "lastname": "Preston",
            "leagues": {
                "standard": {
                    "active": true,
                    "jersey": 17,
                    "pos": "G"
                },
                "vegas": {
                    "active": true,
                    "jersey": 17,
                    "pos": "G"
                }
            },
            "nba": {
                "pro": 0,
                "start": 0
            },
            "weight": {
                "kilograms": "82.1",
                "pounds": "181"
            }
        },
        {
            "affiliation": null,
            "birth": {
                "country": null,
                "date": null
            },
            "college": null,
            "firstname": "Moussa",
            "height": {
                "feets": null,
                "inches": null,
                "meters": null
            },
            "id": 3431,
            "lastname": "Diabate",
            "leagues": {
                "standard": {
                    "active": true,
                    "jersey": 25,
                    "pos": "F"
                },
                "vegas": {
                    "active": true,
                    "jersey": 25,
                    "pos": "F-C"
                }
            },
            "nba": {
                "pro": 0,
                "start": 0
            },
            "weight": {
                "kilograms": null,
                "pounds": null
            }
        },
        {
            "affiliation": null,
            "birth": {
                "country": null,
                "date": null
            },
            "college": null,
            "firstname": "Michael",
            "height": {
                "feets": null,
                "inches": null,
                "meters": null
            },
            "id": 3620,
            "lastname": "Devoe",
            "leagues": {
                "standard": {
                    "active": true,
                    "jersey": null,
                    "pos": "G"
                },
                "vegas": {
                    "active": true,
                    "jersey": 44,
                    "pos": "G"
                }
            },
            "nba": {
                "pro": 0,
                "start": 0
            },
            "weight": {
                "kilograms": null,
                "pounds": null
            }
        },
        {
            "affiliation": null,
            "birth": {
                "country": null,
                "date": null
            },
            "college": null,
            "firstname": "Lucas",
            "height": {
                "feets": null,
                "inches": null,
                "meters": null
            },
            "id": 3896,
            "lastname": "Williamson",
            "leagues": {
                "standard": {
                    "active": false,
                    "jersey": 12,
                    "pos": null
                }
            },
            "nba": {
                "pro": 0,
                "start": 0
            },
            "weight": {
                "kilograms": null,
                "pounds": null
            }
        },
        {
            "affiliation": "UCLA/USA",
            "birth": {
                "country": "USA",
                "date": "1988-11-12"
            },
            "college": "UCLA",
            "firstname": "Russell",
            "height": {
                "feets": "6",
                "inches": "3",
                "meters": "1.9"
            },
            "id": 544,
            "lastname": "Westbrook",
            "leagues": {
                "standard": {
                    "active": true,
                    "jersey": null,
                    "pos": "G"
                }
            },
            "nba": {
                "pro": 13,
                "start": 2008
            },
            "weight": {
                "kilograms": "90.7",
                "pounds": "200"
            }
        },
        {
            "affiliation": "Indiana/USA",
            "birth": {
                "country": "USA",
                "date": "1988-12-25"
            },
            "college": "Indiana",
            "firstname": "Eric",
            "height": {
                "feets": "6",
                "inches": "3",
                "meters": "1.9"
            },
            "id": 196,
            "lastname": "Gordon",
            "leagues": {
                "standard": {
                    "active": true,
                    "jersey": 10,
                    "pos": "G"
                }
            },
            "nba": {
                "pro": 13,
                "start": 2008
            },
            "weight": {
                "kilograms": "97.5",
                "pounds": "215"
            }
        },
        {
            "affiliation": "Le Mans/France",
            "birth": {
                "country": "France",
                "date": "1988-12-14"
            },
            "college": "Le Mans",
            "firstname": "Nicolas",
            "height": {
                "feets": "6",
                "inches": "8",
                "meters": "2.03"
            },
            "id": 40,
            "lastname": "Batum",
            "leagues": {
                "standard": {
                    "active": true,
                    "jersey": 33,
                    "pos": "G-F"
                }
            },
            "nba": {
                "pro": 13,
                "start": 2008
            },
            "weight": {
                "kilograms": "104.3",
                "pounds": "230"
            }
        },
        {
            "affiliation": "Kentucky/USA",
            "birth": {
                "country": "USA",
                "date": "1990-09-06"
            },
            "college": "Kentucky",
            "firstname": "John",
            "height": {
                "feets": "6",
                "inches": "3",
                "meters": "1.9"
            },
            "id": 539,
            "lastname": "Wall",
            "leagues": {
                "standard": {
                    "active": true,
                    "jersey": 11,
                    "pos": "G"
                }
            },
            "nba": {
                "pro": 10,
                "start": 2010
            },
            "weight": {
                "kilograms": "95.3",
                "pounds": "210"
            }
        },
        {
            "affiliation": "Fresno State/USA",
            "birth": {
                "country": "USA",
                "date": "1990-05-02"
            },
            "college": "Fresno State",
            "firstname": "Paul",
            "height": {
                "feets": "6",
                "inches": "8",
                "meters": "2.03"
            },
            "id": 189,
            "lastname": "George",
            "leagues": {
                "standard": {
                    "active": true,
                    "jersey": 13,
                    "pos": "F"
                }
            },
            "nba": {
                "pro": 11,
                "start": 2010
            },
            "weight": {
                "kilograms": "99.8",
                "pounds": "220"
            }
        },
        {
            "affiliation": "Kansas/USA",
            "birth": {
                "country": "USA",
                "date": "1989-09-02"
            },
            "college": "Kansas",
            "firstname": "Marcus",
            "height": {
                "feets": "6",
                "inches": "8",
                "meters": "2.03"
            },
            "id": 373,
            "lastname": "Morris Sr.",
            "leagues": {
                "standard": {
                    "active": true,
                    "jersey": 8,
                    "pos": "F"
                }
            },
            "nba": {
                "pro": 10,
                "start": 2011
            },
            "weight": {
                "kilograms": "98.9",
                "pounds": "218"
            }
        },
        {
            "affiliation": "San Diego State/USA",
            "birth": {
                "country": "USA",
                "date": "1991-06-29"
            },
            "college": "San Diego State",
            "firstname": "Kawhi",
            "height": {
                "feets": "6",
                "inches": "7",
                "meters": "2.01"
            },
            "id": 314,
            "lastname": "Leonard",
            "leagues": {
                "standard": {
                    "active": true,
                    "jersey": 2,
                    "pos": "F"
                }
            },
            "nba": {
                "pro": 10,
                "start": 2011
            },
            "weight": {
                "kilograms": "102.1",
                "pounds": "225"
            }
        },
        {
            "affiliation": "Boston College/USA",
            "birth": {
                "country": "USA",
                "date": "1990-04-16"
            },
            "college": "Boston College",
            "firstname": "Reggie",
            "height": {
                "feets": "6",
                "inches": "2",
                "meters": "1.88"
            },
            "id": 264,
            "lastname": "Jackson",
            "leagues": {
                "standard": {
                    "active": true,
                    "jersey": 1,
                    "pos": "G"
                }
            },
            "nba": {
                "pro": 10,
                "start": 2011
            },
            "weight": {
                "kilograms": "94.3",
                "pounds": "208"
            }
        },
        {
            "affiliation": "Duke/USA",
            "birth": {
                "country": "USA",
                "date": "1990-03-05"
            },
            "college": "Duke",
            "firstname": "Mason",
            "height": {
                "feets": "6",
                "inches": "11",
                "meters": "2.11"
            },
            "id": 426,
            "lastname": "Plumlee",
            "leagues": {
                "standard": {
                    "active": true,
                    "jersey": 24,
                    "pos": "F-C"
                }
            },
            "nba": {
                "pro": 8,
                "start": 2013
            },
            "weight": {
                "kilograms": "115.2",
                "pounds": "254"
            }
        },
        {
            "affiliation": "Tennessee State/USA",
            "birth": {
                "country": "USA",
                "date": "1990-12-14"
            },
            "college": "Tennessee State",
            "firstname": "Robert",
            "height": {
                "feets": "6",
                "inches": "7",
                "meters": "2.01"
            },
            "id": 118,
            "lastname": "Covington",
            "leagues": {
                "standard": {
                    "active": true,
                    "jersey": 23,
                    "pos": "F"
                }
            },
            "nba": {
                "pro": 8,
                "start": 2013
            },
            "weight": {
                "kilograms": "94.8",
                "pounds": "209"
            }
        },
        {
            "affiliation": null,
            "birth": {
                "country": null,
                "date": "1999-02-26"
            },
            "college": "Texas-San Antonio",
            "firstname": "Keaton",
            "height": {
                "feets": "6",
                "inches": "3",
                "meters": "1.9"
            },
            "id": 3259,
            "lastname": "Wallace",
            "leagues": {
                "Standard": {
                    "active": true,
                    "jersey": 21,
                    "pos": "G"
                },
                "utah": {
                    "active": true,
                    "jersey": 21,
                    "pos": "G"
                },
                "vegas": {
                    "active": true,
                    "jersey": 21,
                    "pos": "G"
                }
            },
            "nba": {
                "pro": 0,
                "start": 0
            },
            "weight": {
                "kilograms": "83.9",
                "pounds": "185"
            }
        }
    ],
    "results": 27
}