{
    "errors": [],
    "get": "players/",
    "parameters": {
        "season": "2015",
        "team": "16"
    },
    "response": [
        {
            "affiliation": "Wake Forest/USA",
            "birth": {
                "country": "USA",
                "date": "1985-05-06"
            },
            "college": "Wake Forest",
            "firstname": "Chris",
            "height": {
                "feets": "6",
                "inches": "0",
                "meters": "1.83"
            },
            "id": 415,
            "lastname": "Paul",
            "leagues": {
                "standard": {
                    "active": true,
                    "jersey": 3,
                    "pos": "G"
                }
            },
            "nba": {
                "pro": 16,
                "start": 2005
            },
            "weight": {
                "kilograms": "79.4",
                "pounds": "175"
            }
        },
        {
            "affiliation": null,
            "birth": {
                "country": "United States",
                "date": "1993-02-01"
            },
            "college": "Michigan State",
            "firstname": "Branden",
            "height": {
                "feets": "6",
                "inches": "6",
                "meters": "1.98"
            },
            "id": 129,
            "lastname": "Dawson",
            "leagues": {
                "standard": {
                    "active": false,
                    "jersey": 22,
                    "pos": "F"
                }
            },
            "nba": {
                "pro": 0,
                "start": 2015
            },
            "weight": {
                "kilograms": "102.1",
                "pounds": "225"
            }
        },
        {
            "affiliation": "Kansas/USA",
            "birth": {
                "country": "USA",
                "date": "1977-10-13"
            },
            "college": "Kansas",
            "firstname": "Paul",
            "height": {
                "feets": "6",
                "inches": "7",
                "meters": "2.01"
            },
            "id": 423,
            "lastname": "Pierce",
            "leagues": {
                "standard": {
                    "active": false,
                    "jersey": 34,
                    "pos": "F"
                }
            },
            "nba": {
                "pro": 18,
                "start": 1998
            },
            "weight": {
                "kilograms": "106.6",
                "pounds": "235"
            }
        },
        {
            "affiliation": "Duke/USA",
            "birth": {
                "country": "USA",
                "date": "1984-06-24"
            },
            "college": "Duke",
            "firstname": "JJ",
            "height": {
                "feets": "6",
                "inches": "3",
                "meters": "1.9"
            },
            "id": 444,
            "lastname": "Redick",
            "leagues": {
                "standard": {
                    "active": true,
                    "jersey": 17,
                    "pos": "G"
                }
            },
            "nba": {
                "pro": 15,
                "start": 2006
            },
            "weight": {
                "kilograms": "90.7",
                "pounds": "200"
            }
        },
        {
            "affiliation": "Georgetown/USA",
            "birth": {
                "country": "USA",
                "date": "1986-08-28"
            },
            "college": "Georgetown",
            "firstname": "Jeff",
            "height": {
                "feets": "6",
                "inches": "8",
                "meters": "2.03"
            },
            "id": 207,
            "lastname": "Green",
            "leagues": {
                "standard": {
                    "active": true,
                    "jersey": 32,
                    "pos": "F"
                }
            },
            "nba": {
                "pro": 13,
                "start": 2007
            },
            "weight": {
                "kilograms": "106.6",
                "pounds": "235"
            }
        },
        {
            "affiliation": "Texas A&M/USA",
            "birth": {
                "country": "USA",
                "date": "1988-07-21"
            },
            "college": "Texas A&M",
            "firstname": "DeAndre",
            "height": {
                "feets": "6",
                "inches": "11",
                "meters": "2.11"
            },
            "id": 286,
            "lastname": "Jordan",
            "leagues": {
                "standard": {
                    "active": true,
                    "jersey": 6,
                    "pos": "C"
                }
            },
            "nba": {
                "pro": 13,
                "start": 2008
            },
            "weight": {
                "kilograms": "120.2",
                "pounds": "265"
            }
        },
        {
            "affiliation": null,
            "birth": {
                "country": null,
                "date": null
            },
            "college": null,
            "firstname": "Luc",
            "height": {
                "feets": null,
                "inches": null,
                "meters": null
            },
            "id": 343,
            "lastname": "Mbah a Moute",
            "leagues": {
                "standard": {
                    "active": true,
                    "jersey": 12,
                    "pos": "F"
                }
            },
            "nba": {
                "pro": 0,
                "start": 0
            },
            "weight": {
                "kilograms": null,
                "pounds": null
            }
        },
        {
            "affiliation": "Oklahoma/USA",
            "birth": {
                "country": "USA",
                "date": "1989-03-16"
            },
            "college": "Oklahoma",
            "firstname": "Blake",
            "height": {
                "feets": "6",
                "inches": "9",
                "meters": "2.06"
            },
            "id": 208,
            "lastname": "Griffin",
            "leagues": {
                "standard": {
                    "active": true,
                    "jersey": 91,
                    "pos": "F"
                }
            },
            "nba": {
                "pro": 11,
                "start": 2010
            },
            "weight": {
                "kilograms": "113.4",
                "pounds": "250"
            }
        },
        {
            "affiliation": null,
            "birth": {
                "country": "USA",
                "date": "1987-04-29"
            },
            "college": "Arizona State",
            "firstname": "Jeff",
            "height": {
                "feets": "6",
                "inches": "9",
                "meters": "2.06"
            },
            "id": 29,
            "lastname": "Ayres",
            "leagues": {
                "standard": {
                    "active": false,
                    "jersey": 19,
                    "pos": "F-C"
                },
                "vegas": {
                    "active": true,
                    "jersey": 12,
                    "pos": "F"
                }
            },
            "nba": {
                "pro": 5,
                "start": 2009
            },
            "weight": {
                "kilograms": "113.4",
                "pounds": "250"
            }
        },
        {
            "affiliation": "Syracuse/USA",
            "birth": {
                "country": "USA",
                "date": "1987-07-11"
            },
            "college": "Syracuse",
            "firstname": "Wesley",
            "height": {
                "feets": "6",
                "inches": "7",
                "meters": "2.01"
            },
            "id": 278,
            "lastname": "Johnson",
            "leagues": {
                "standard": {
                    "active": true,
                    "jersey": 4,
                    "pos": "F-G"
                }
            },
            "nba": {
                "pro": 9,
                "start": 2010
            },
            "weight": {
                "kilograms": "97.5",
                "pounds": "215"
            }
        },
        {
            "affiliation": null,
            "birth": {
                "country": null,
                "date": null
            },
            "college": null,
            "firstname": "Cole",
            "height": {
                "feets": null,
                "inches": null,
                "meters": null
            },
            "id": 7,
            "lastname": "Aldrich",
            "leagues": {
                "standard": {
                    "active": false,
                    "jersey": 45,
                    "pos": null
                }
            },
            "nba": {
                "pro": 0,
                "start": 0
            },
            "weight": {
                "kilograms": null,
                "pounds": null
            }
        },
        {
            "affiliation": "Cincinnati/USA",
            "birth": {
                "country": "USA",
                "date": "1990-09-05"
            },
            "college": "Cincinnati",
            "firstname": "Lance",
            "height": {
                "feets": "6",
                "inches": "5",
                "meters": "1.96"
            },
            "id": 497,
            "lastname": "Stephenson",
            "leagues": {
                "standard": {
                    "active": true,
                    "jersey": 6,
                    "pos": "F"
                }
            },
            "nba": {
                "pro": 9,
                "start": 2010
            },
            "weight": {
                "kilograms": "95.3",
                "pounds": "210"
            }
        },
        {
            "affiliation": "Duke/USA",
            "birth": {
                "country": "USA",
                "date": "1992-08-01"
            },
            "college": "Duke",
            "firstname": "Austin",
            "height": {
                "feets": "6",
                "inches": "4",
                "meters": "1.93"
            },
            "id": 448,
            "lastname": "Rivers",
            "leagues": {
                "standard": {
                    "active": true,
                    "jersey": 25,
                    "pos": "G"
                }
            },
            "nba": {
                "pro": 9,
                "start": 2012
            },
            "weight": {
                "kilograms": "90.7",
                "pounds": "200"
            }
        },
        {
            "affiliation": null,
            "birth": {
                "country": "Argentina",
                "date": "1977-05-17"
            },
            "college": "Argentina",
            "firstname": "Pablo",
            "height": {
                "feets": "6",
                "inches": "3",
                "meters": "1.9"
            },
            "id": 436,
            "lastname": "Prigioni",
            "leagues": {
                "standard": {
                    "active": false,
                    "jersey": 9,
                    "pos": "G"
                }
            },
            "nba": {
                "pro": 3,
                "start": 2012
            },
            "weight": {
                "kilograms": "83.9",
                "pounds": "185"
            }
        },
        {
            "affiliation": null,
            "birth": {
                "country": null,
                "date": null
            },
            "college": null,
            "firstname": "Jamal",
            "height": {
                "feets": null,
                "inches": null,
                "meters": null
            },
            "id": 120,
            "lastname": "Crawford",
            "leagues": {
                "standard": {
                    "active": true,
                    "jersey": 1,
                    "pos": "G"
                }
            },
            "nba": {
                "pro": 0,
                "start": 0
            },
            "weight": {
                "kilograms": null,
                "pounds": null
            }
        },
        {
            "affiliation": null,
            "birth": {
                "country": null,
                "date": null
            },
            "college": null,
            "firstname": "CJ",
            "height": {
                "feets": null,
                "inches": null,
                "meters": null
            },
            "id": 549,
            "lastname": "Wilcox",
            "leagues": {
                "standard": {
                    "active": false,
                    "jersey": 16,
                    "pos": null
                },
                "vegas": {
                    "active": true,
                    "jersey": 23,
                    "pos": "G"
                }
            },
            "nba": {
                "pro": 0,
                "start": 0
            },
            "weight": {
                "kilograms": null,
                "pounds": null
            }
        },
        {
            "affiliation": null,
            "birth": {
                "country": "USA",
                "date": "1985-12-05"
            },
            "college": "Oak Hill Academy (VA)",
            "firstname": "Josh",
            "height": {
                "feets": "6",
                "inches": "9",
                "meters": "2.06"
            },
            "id": 491,
            "lastname": "Smith",
            "leagues": {
                "standard": {
                    "active": false,
                    "jersey": 5,
                    "pos": "F"
                }
            },
            "nba": {
                "pro": 11,
                "start": 2004
            },
            "weight": {
                "kilograms": "102.1",
                "pounds": "225"
            }
        }
    ],
    "results": 17
}