{
    "errors": [],
    "get": "players/",
    "parameters": {
        "season": "2017",
        "team": "16"
    },
    "response": [
        {
            "affiliation": "South Gwinnett HS (GA)/USA",
            "birth": {
                "country": "USA",
                "date": "1986-10-27"
            },
            "college": "South Gwinnett HS (GA)",
            "firstname": "Lou",
            "height": {
                "feets": "6",
                "inches": "2",
                "meters": "1.88"
            },
            "id": 553,
            "lastname": "Williams",
            "leagues": {
                "standard": {
                    "active": true,
                    "jersey": 6,
                    "pos": "G"
                }
            },
            "nba": {
                "pro": 16,
                "start": 2005
            },
            "weight": {
                "kilograms": "79.4",
                "pounds": "175"
            }
        },
        {
            "affiliation": null,
            "birth": {
                "country": null,
                "date": null
            },
            "college": null,
            "firstname": "Anthony",
            "height": {
                "feets": null,
                "inches": null,
                "meters": null
            },
            "id": 73,
            "lastname": "Brown",
            "leagues": {
                "sacramento": {
                    "active": true,
                    "jersey": null,
                    "pos": null
                },
                "standard": {
                    "active": false,
                    "jersey": 22,
                    "pos": null
                },
                "vegas": {
                    "active": true,
                    "jersey": 38,
                    "pos": "F"
                }
            },
            "nba": {
                "pro": 0,
                "start": 0
            },
            "weight": {
                "kilograms": null,
                "pounds": null
            }
        },
        {
            "affiliation": "Louisville/USA",
            "birth": {
                "country": "USA",
                "date": "1994-01-26"
            },
            "college": "Louisville",
            "firstname": "Montrezl",
            "height": {
                "feets": "6",
                "inches": "7",
                "meters": "2.01"
            },
            "id": 218,
            "lastname": "Harrell",
            "leagues": {
                "standard": {
                    "active": true,
                    "jersey": 5,
                    "pos": "F-C"
                }
            },
            "nba": {
                "pro": 6,
                "start": 2015
            },
            "weight": {
                "kilograms": "108.9",
                "pounds": "240"
            }
        },
        {
            "affiliation": "Wisconsin/USA",
            "birth": {
                "country": "USA",
                "date": "1994-05-06"
            },
            "college": "Wisconsin",
            "firstname": "Sam",
            "height": {
                "feets": null,
                "inches": null,
                "meters": null
            },
            "id": 132,
            "lastname": "Dekker",
            "leagues": {
                "standard": {
                    "active": false,
                    "jersey": 8,
                    "pos": null
                }
            },
            "nba": {
                "pro": 0,
                "start": 2015
            },
            "weight": {
                "kilograms": null,
                "pounds": null
            }
        },
        {
            "affiliation": "Crvena zvezda/Serbia",
            "birth": {
                "country": "Serbia",
                "date": "1988-08-15"
            },
            "college": "Crvena zvezda",
            "firstname": "Boban",
            "height": {
                "feets": "7",
                "inches": "3",
                "meters": "2.21"
            },
            "id": 337,
            "lastname": "Marjanovic",
            "leagues": {
                "standard": {
                    "active": true,
                    "jersey": 51,
                    "pos": "C"
                }
            },
            "nba": {
                "pro": 6,
                "start": 2015
            },
            "weight": {
                "kilograms": "131.5",
                "pounds": "290"
            }
        },
        {
            "affiliation": "North Carolina/USA",
            "birth": {
                "country": "USA",
                "date": "1994-06-27"
            },
            "college": "North Carolina",
            "firstname": "Brice",
            "height": {
                "feets": "6",
                "inches": "10",
                "meters": "2.08"
            },
            "id": 272,
            "lastname": "Johnson",
            "leagues": {
                "standard": {
                    "active": false,
                    "jersey": 10,
                    "pos": "F"
                },
                "vegas": {
                    "active": true,
                    "jersey": 11,
                    "pos": "F"
                }
            },
            "nba": {
                "pro": 0,
                "start": 2016
            },
            "weight": {
                "kilograms": "104.3",
                "pounds": "230"
            }
        },
        {
            "affiliation": "Gonzaga/USA",
            "birth": {
                "country": "USA",
                "date": "1992-10-20"
            },
            "college": "Gonzaga",
            "firstname": "Kyle",
            "height": {
                "feets": "6",
                "inches": "10",
                "meters": "2.08"
            },
            "id": 557,
            "lastname": "Wiltjer",
            "leagues": {
                "standard": {
                    "active": false,
                    "jersey": 30,
                    "pos": "F"
                }
            },
            "nba": {
                "pro": 0,
                "start": 2016
            },
            "weight": {
                "kilograms": "108.9",
                "pounds": "240"
            }
        },
        {
            "affiliation": "California/USA",
            "birth": {
                "country": "USA",
                "date": "1994-06-10"
            },
            "college": "California",
            "firstname": "Tyrone",
            "height": {
                "feets": "6",
                "inches": "5",
                "meters": "1.96"
            },
            "id": 893,
            "lastname": "Wallace",
            "leagues": {
                "standard": {
                    "active": true,
                    "jersey": 6,
                    "pos": "G"
                },
                "vegas": {
                    "active": true,
                    "jersey": 6,
                    "pos": "G"
                }
            },
            "nba": {
                "pro": 3,
                "start": 2017
            },
            "weight": {
                "kilograms": "89.8",
                "pounds": "198"
            }
        },
        {
            "affiliation": "Duke/USA",
            "birth": {
                "country": "USA",
                "date": "1992-07-14"
            },
            "college": "Duke",
            "firstname": "Marshall",
            "height": {
                "feets": "7",
                "inches": "0",
                "meters": "2.13"
            },
            "id": 425,
            "lastname": "Plumlee",
            "leagues": {
                "standard": {
                    "active": true,
                    "jersey": 40,
                    "pos": "C"
                }
            },
            "nba": {
                "pro": 2,
                "start": 2016
            },
            "weight": {
                "kilograms": "113.4",
                "pounds": "250"
            }
        },
        {
            "affiliation": null,
            "birth": {
                "country": null,
                "date": null
            },
            "college": null,
            "firstname": "Jameel",
            "height": {
                "feets": null,
                "inches": null,
                "meters": null
            },
            "id": 616,
            "lastname": "Warney",
            "leagues": {
                "standard": {
                    "active": false,
                    "jersey": 32,
                    "pos": null
                }
            },
            "nba": {
                "pro": 0,
                "start": 0
            },
            "weight": {
                "kilograms": null,
                "pounds": null
            }
        },
        {
            "affiliation": "George Mason/Jamaica",
            "birth": {
                "country": "Jamaica",
                "date": "1993-06-10"
            },
            "college": "George Mason",
            "firstname": "Shevon",
            "height": {
                "feets": "7",
                "inches": "0",
                "meters": "2.13"
            },
            "id": 1645,
            "lastname": "Thompson",
            "leagues": {
                "vegas": {
                    "active": true,
                    "jersey": 27,
                    "pos": "C"
                }
            },
            "nba": {
                "pro": 0,
                "start": 0
            },
            "weight": {
                "kilograms": "109.8",
                "pounds": "242"
            }
        },
        {
            "affiliation": null,
            "birth": {
                "country": null,
                "date": null
            },
            "college": null,
            "firstname": "Jawun",
            "height": {
                "feets": null,
                "inches": null,
                "meters": null
            },
            "id": 772,
            "lastname": "Evans",
            "leagues": {
                "standard": {
                    "active": true,
                    "jersey": 8,
                    "pos": "G"
                },
                "utah": {
                    "active": true,
                    "jersey": 54,
                    "pos": "G"
                },
                "vegas": {
                    "active": true,
                    "jersey": 8,
                    "pos": "G"
                }
            },
            "nba": {
                "pro": 0,
                "start": 0
            },
            "weight": {
                "kilograms": null,
                "pounds": null
            }
        },
        {
            "affiliation": "South Carolina/USA",
            "birth": {
                "country": "USA",
                "date": "1994-11-15"
            },
            "college": "South Carolina",
            "firstname": "Sindarius",
            "height": {
                "feets": "6",
                "inches": "4",
                "meters": "1.93"
            },
            "id": 887,
            "lastname": "Thornwell",
            "leagues": {
                "standard": {
                    "active": true,
                    "jersey": 15,
                    "pos": "G"
                },
                "vegas": {
                    "active": true,
                    "jersey": 95,
                    "pos": "G"
                }
            },
            "nba": {
                "pro": 4,
                "start": 2017
            },
            "weight": {
                "kilograms": "97.5",
                "pounds": "215"
            }
        },
        {
            "affiliation": "North Carolina/USA",
            "birth": {
                "country": "USA",
                "date": "1994-07-24"
            },
            "college": "North Carolina",
            "firstname": "Isaiah",
            "height": {
                "feets": "6",
                "inches": "9",
                "meters": "2.06"
            },
            "id": 795,
            "lastname": "Hicks",
            "leagues": {
                "standard": {
                    "active": true,
                    "jersey": 4,
                    "pos": "F"
                },
                "vegas": {
                    "active": true,
                    "jersey": 27,
                    "pos": "F"
                }
            },
            "nba": {
                "pro": 2,
                "start": 2017
            },
            "weight": {
                "kilograms": "104.3",
                "pounds": "230"
            }
        },
        {
            "affiliation": " Serbia/Serbia",
            "birth": {
                "country": "Serbia",
                "date": "1987-03-19"
            },
            "college": null,
            "firstname": "Milos",
            "height": {
                "feets": null,
                "inches": null,
                "meters": null
            },
            "id": 884,
            "lastname": "Teodosic",
            "leagues": {
                "standard": {
                    "active": false,
                    "jersey": 4,
                    "pos": null
                }
            },
            "nba": {
                "pro": 0,
                "start": 2017
            },
            "weight": {
                "kilograms": null,
                "pounds": null
            }
        },
        {
            "affiliation": "Washington State/USA",
            "birth": {
                "country": "USA",
                "date": "1995-03-14"
            },
            "college": "Washington State",
            "firstname": "Ike",
            "height": {
                "feets": "6",
                "inches": "2",
                "meters": "1.88"
            },
            "id": 1443,
            "lastname": "Iroegbu",
            "leagues": {
                "vegas": {
                    "active": true,
                    "jersey": 34,
                    "pos": "G"
                }
            },
            "nba": {
                "pro": 0,
                "start": 0
            },
            "weight": {
                "kilograms": "88.5",
                "pounds": "195"
            }
        },
        {
            "affiliation": "Olimpia Milano/Italy",
            "birth": {
                "country": "Italy",
                "date": "1988-08-08"
            },
            "college": "Olimpia Milano",
            "firstname": "Danilo",
            "height": {
                "feets": "6",
                "inches": "10",
                "meters": "2.08"
            },
            "id": 181,
            "lastname": "Gallinari",
            "leagues": {
                "africa": {
                    "active": true,
                    "jersey": 8,
                    "pos": "F"
                },
                "standard": {
                    "active": true,
                    "jersey": 8,
                    "pos": "F"
                }
            },
            "nba": {
                "pro": 12,
                "start": 2008
            },
            "weight": {
                "kilograms": "107.0",
                "pounds": "236"
            }
        },
        {
            "affiliation": "Texas A&M/USA",
            "birth": {
                "country": "USA",
                "date": "1988-07-21"
            },
            "college": "Texas A&M",
            "firstname": "DeAndre",
            "height": {
                "feets": "6",
                "inches": "11",
                "meters": "2.11"
            },
            "id": 286,
            "lastname": "Jordan",
            "leagues": {
                "standard": {
                    "active": true,
                    "jersey": 6,
                    "pos": "C"
                }
            },
            "nba": {
                "pro": 13,
                "start": 2008
            },
            "weight": {
                "kilograms": "120.2",
                "pounds": "265"
            }
        },
        {
            "affiliation": "Oklahoma/USA",
            "birth": {
                "country": "USA",
                "date": "1989-03-16"
            },
            "college": "Oklahoma",
            "firstname": "Blake",
            "height": {
                "feets": "6",
                "inches": "9",
                "meters": "2.06"
            },
            "id": 208,
            "lastname": "Griffin",
            "leagues": {
                "standard": {
                    "active": true,
                    "jersey": 91,
                    "pos": "F"
                }
            },
            "nba": {
                "pro": 11,
                "start": 2010
            },
            "weight": {
                "kilograms": "113.4",
                "pounds": "250"
            }
        },
        {
            "affiliation": "Arkansas/USA",
            "birth": {
                "country": "USA",
                "date": "1988-07-12"
            },
            "college": "Arkansas",
            "firstname": "Patrick",
            "height": {
                "feets": "6",
                "inches": "1",
                "meters": "1.85"
            },
            "id": 53,
            "lastname": "Beverley",
            "leagues": {
                "standard": {
                    "active": true,
                    "jersey": 21,
                    "pos": "G"
                }
            },
            "nba": {
                "pro": 9,
                "start": 2012
            },
            "weight": {
                "kilograms": "81.6",
                "pounds": "180"
            }
        },
        {
            "affiliation": "Syracuse/USA",
            "birth": {
                "country": "USA",
                "date": "1987-07-11"
            },
            "college": "Syracuse",
            "firstname": "Wesley",
            "height": {
                "feets": "6",
                "inches": "7",
                "meters": "2.01"
            },
            "id": 278,
            "lastname": "Johnson",
            "leagues": {
                "standard": {
                    "active": true,
                    "jersey": 4,
                    "pos": "F-G"
                }
            },
            "nba": {
                "pro": 9,
                "start": 2010
            },
            "weight": {
                "kilograms": "97.5",
                "pounds": "215"
            }
        },
        {
            "affiliation": "Texas-Austin/USA",
            "birth": {
                "country": "USA",
                "date": "1990-11-26"
            },
            "college": "Texas-Austin",
            "firstname": "Avery",
            "height": {
                "feets": "6",
                "inches": "3",
                "meters": "1.9"
            },
            "id": 68,
            "lastname": "Bradley",
            "leagues": {
                "standard": {
                    "active": true,
                    "jersey": 20,
                    "pos": "G"
                }
            },
            "nba": {
                "pro": 11,
                "start": 2010
            },
            "weight": {
                "kilograms": "81.6",
                "pounds": "180"
            }
        },
        {
            "affiliation": "Tennessee/USA",
            "birth": {
                "country": "USA",
                "date": "1992-07-15"
            },
            "college": "Tennessee",
            "firstname": "Tobias",
            "height": {
                "feets": "6",
                "inches": "7",
                "meters": "2.01"
            },
            "id": 222,
            "lastname": "Harris",
            "leagues": {
                "standard": {
                    "active": true,
                    "jersey": 12,
                    "pos": "F"
                }
            },
            "nba": {
                "pro": 10,
                "start": 2011
            },
            "weight": {
                "kilograms": "102.5",
                "pounds": "226"
            }
        },
        {
            "affiliation": "Duke/USA",
            "birth": {
                "country": "USA",
                "date": "1992-08-01"
            },
            "college": "Duke",
            "firstname": "Austin",
            "height": {
                "feets": "6",
                "inches": "4",
                "meters": "1.93"
            },
            "id": 448,
            "lastname": "Rivers",
            "leagues": {
                "standard": {
                    "active": true,
                    "jersey": 25,
                    "pos": "G"
                }
            },
            "nba": {
                "pro": 9,
                "start": 2012
            },
            "weight": {
                "kilograms": "90.7",
                "pounds": "200"
            }
        },
        {
            "affiliation": null,
            "birth": {
                "country": "USA",
                "date": "1991-08-19"
            },
            "college": "North Carolina",
            "firstname": "Kendall",
            "height": {
                "feets": "6",
                "inches": "4",
                "meters": "1.93"
            },
            "id": 338,
            "lastname": "Marshall",
            "leagues": {
                "standard": {
                    "active": false,
                    "jersey": 5,
                    "pos": "G"
                }
            },
            "nba": {
                "pro": 3,
                "start": 2012
            },
            "weight": {
                "kilograms": "90.7",
                "pounds": "200"
            }
        },
        {
            "affiliation": null,
            "birth": {
                "country": null,
                "date": null
            },
            "college": null,
            "firstname": "Hollis",
            "height": {
                "feets": null,
                "inches": null,
                "meters": null
            },
            "id": 512,
            "lastname": "Thompson",
            "leagues": {
                "sacramento": {
                    "active": true,
                    "jersey": 33,
                    "pos": "F"
                },
                "standard": {
                    "active": false,
                    "jersey": 33,
                    "pos": null
                },
                "vegas": {
                    "active": true,
                    "jersey": 33,
                    "pos": "F"
                }
            },
            "nba": {
                "pro": 0,
                "start": 0
            },
            "weight": {
                "kilograms": null,
                "pounds": null
            }
        },
        {
            "affiliation": "St. Louis/USA",
            "birth": {
                "country": "USA",
                "date": "1990-05-16"
            },
            "college": "Saint Louis",
            "firstname": "Willie",
            "height": {
                "feets": "6",
                "inches": "11",
                "meters": "2.11"
            },
            "id": 445,
            "lastname": "Reed",
            "leagues": {
                "standard": {
                    "active": false,
                    "jersey": 35,
                    "pos": "F-C"
                },
                "utah": {
                    "active": true,
                    "jersey": 36,
                    "pos": "F-C"
                },
                "vegas": {
                    "active": true,
                    "jersey": 36,
                    "pos": "C"
                }
            },
            "nba": {
                "pro": 1,
                "start": 2015
            },
            "weight": {
                "kilograms": "111.1",
                "pounds": "245"
            }
        },
        {
            "affiliation": null,
            "birth": {
                "country": null,
                "date": null
            },
            "college": null,
            "firstname": "C.J.",
            "height": {
                "feets": null,
                "inches": null,
                "meters": null
            },
            "id": 705,
            "lastname": "Williams",
            "leagues": {
                "standard": {
                    "active": false,
                    "jersey": 9,
                    "pos": null
                }
            },
            "nba": {
                "pro": 0,
                "start": 0
            },
            "weight": {
                "kilograms": null,
                "pounds": null
            }
        },
        {
            "affiliation": "Cincinnati/USA",
            "birth": {
                "country": "USA",
                "date": "1990-01-06"
            },
            "college": "Cincinnati",
            "firstname": "Sean",
            "height": {
                "feets": "6",
                "inches": "4",
                "meters": "1.93"
            },
            "id": 296,
            "lastname": "Kilpatrick",
            "leagues": {
                "standard": {
                    "active": true,
                    "jersey": null,
                    "pos": "G"
                }
            },
            "nba": {
                "pro": 4,
                "start": 2014
            },
            "weight": {
                "kilograms": "96.2",
                "pounds": "212"
            }
        }
    ],
    "results": 29
}