{
    "errors": [],
    "get": "players/",
    "parameters": {
        "season": "2020",
        "team": "16"
    },
    "response": [
        {
            "affiliation": "South Gwinnett HS (GA)/USA",
            "birth": {
                "country": "USA",
                "date": "1986-10-27"
            },
            "college": "South Gwinnett HS (GA)",
            "firstname": "Lou",
            "height": {
                "feets": "6",
                "inches": "2",
                "meters": "1.88"
            },
            "id": 553,
            "lastname": "Williams",
            "leagues": {
                "standard": {
                    "active": true,
                    "jersey": 6,
                    "pos": "G"
                }
            },
            "nba": {
                "pro": 16,
                "start": 2005
            },
            "weight": {
                "kilograms": "79.4",
                "pounds": "175"
            }
        },
        {
            "affiliation": null,
            "birth": {
                "country": null,
                "date": null
            },
            "college": null,
            "firstname": "DeMarcus",
            "height": {
                "feets": null,
                "inches": null,
                "meters": null
            },
            "id": 2780,
            "lastname": "Cousins",
            "leagues": {
                "standard": {
                    "active": false,
                    "jersey": 16,
                    "pos": null
                }
            },
            "nba": {
                "pro": 0,
                "start": 0
            },
            "weight": {
                "kilograms": null,
                "pounds": null
            }
        },
        {
            "affiliation": "Indiana/USA",
            "birth": {
                "country": "USA",
                "date": "1993-05-09"
            },
            "college": "Indiana",
            "firstname": "Yogi",
            "height": {
                "feets": "6",
                "inches": "0",
                "meters": "1.83"
            },
            "id": 598,
            "lastname": "Ferrell",
            "leagues": {
                "standard": {
                    "active": true,
                    "jersey": 11,
                    "pos": "G"
                }
            },
            "nba": {
                "pro": 5,
                "start": 2016
            },
            "weight": {
                "kilograms": "80.7",
                "pounds": "178"
            }
        },
        {
            "affiliation": "Mega Basket/Croatia",
            "birth": {
                "country": "Croatia",
                "date": "1997-03-18"
            },
            "college": "Mega Basket",
            "firstname": "Ivica",
            "height": {
                "feets": "7",
                "inches": "0",
                "meters": "2.13"
            },
            "id": 575,
            "lastname": "Zubac",
            "leagues": {
                "standard": {
                    "active": true,
                    "jersey": 40,
                    "pos": "C"
                }
            },
            "nba": {
                "pro": 5,
                "start": 2016
            },
            "weight": {
                "kilograms": "108.9",
                "pounds": "240"
            }
        },
        {
            "affiliation": "Duke/USA",
            "birth": {
                "country": "USA",
                "date": "1996-06-24"
            },
            "college": "Duke",
            "firstname": "Luke",
            "height": {
                "feets": "6",
                "inches": "5",
                "meters": "1.96"
            },
            "id": 814,
            "lastname": "Kennard",
            "leagues": {
                "standard": {
                    "active": true,
                    "jersey": 5,
                    "pos": "G"
                },
                "vegas": {
                    "active": true,
                    "jersey": 5,
                    "pos": "G"
                }
            },
            "nba": {
                "pro": 4,
                "start": 2017
            },
            "weight": {
                "kilograms": "93.4",
                "pounds": "206"
            }
        },
        {
            "affiliation": null,
            "birth": {
                "country": null,
                "date": null
            },
            "college": null,
            "firstname": "Ky",
            "height": {
                "feets": null,
                "inches": null,
                "meters": null
            },
            "id": 1908,
            "lastname": "Bowman",
            "leagues": {
                "sacramento": {
                    "active": true,
                    "jersey": null,
                    "pos": "G"
                },
                "standard": {
                    "active": false,
                    "jersey": null,
                    "pos": null
                },
                "vegas": {
                    "active": true,
                    "jersey": 18,
                    "pos": "G"
                }
            },
            "nba": {
                "pro": 0,
                "start": 0
            },
            "weight": {
                "kilograms": null,
                "pounds": null
            }
        },
        {
            "affiliation": "Minnesota/USA",
            "birth": {
                "country": "USA",
                "date": "1997-06-17"
            },
            "college": "Minnesota",
            "firstname": "Amir",
            "height": {
                "feets": "6",
                "inches": "7",
                "meters": "2.01"
            },
            "id": 2115,
            "lastname": "Coffey",
            "leagues": {
                "standard": {
                    "active": true,
                    "jersey": 7,
                    "pos": "G-F"
                },
                "vegas": {
                    "active": true,
                    "jersey": 7,
                    "pos": "G-F"
                }
            },
            "nba": {
                "pro": 2,
                "start": 2019
            },
            "weight": {
                "kilograms": "95.3",
                "pounds": "210"
            }
        },
        {
            "affiliation": "Florida State/USA",
            "birth": {
                "country": "USA",
                "date": "1996-10-18"
            },
            "college": "Florida State",
            "firstname": "Terance",
            "height": {
                "feets": "6",
                "inches": "5",
                "meters": "1.96"
            },
            "id": 1877,
            "lastname": "Mann",
            "leagues": {
                "standard": {
                    "active": true,
                    "jersey": 14,
                    "pos": "G-F"
                },
                "vegas": {
                    "active": true,
                    "jersey": 14,
                    "pos": "G"
                }
            },
            "nba": {
                "pro": 2,
                "start": 2019
            },
            "weight": {
                "kilograms": "97.5",
                "pounds": "215"
            }
        },
        {
            "affiliation": null,
            "birth": {
                "country": null,
                "date": null
            },
            "college": null,
            "firstname": "Mfiondu",
            "height": {
                "feets": null,
                "inches": null,
                "meters": null
            },
            "id": 1873,
            "lastname": "Kabengele",
            "leagues": {
                "standard": {
                    "active": true,
                    "jersey": 27,
                    "pos": "C"
                },
                "vegas": {
                    "active": true,
                    "jersey": 28,
                    "pos": "F-C"
                }
            },
            "nba": {
                "pro": 0,
                "start": 0
            },
            "weight": {
                "kilograms": null,
                "pounds": null
            }
        },
        {
            "affiliation": "Arkansas-Little Rock/USA",
            "birth": {
                "country": "USA",
                "date": "1997-09-24"
            },
            "college": "Arkansas-Little Rock",
            "firstname": "Rayjon",
            "height": {
                "feets": "6",
                "inches": "3",
                "meters": "1.9"
            },
            "id": 2152,
            "lastname": "Tucker",
            "leagues": {
                "standard": {
                    "active": true,
                    "jersey": 59,
                    "pos": "G"
                },
                "vegas": {
                    "active": true,
                    "jersey": 59,
                    "pos": "G"
                }
            },
            "nba": {
                "pro": 2,
                "start": 2019
            },
            "weight": {
                "kilograms": "94.8",
                "pounds": "209"
            }
        },
        {
            "affiliation": "Minnesota/USA",
            "birth": {
                "country": "USA",
                "date": "1999-09-20"
            },
            "college": "Minnesota",
            "firstname": "Daniel",
            "height": {
                "feets": "6",
                "inches": "8",
                "meters": "2.03"
            },
            "id": 2631,
            "lastname": "Oturu",
            "leagues": {
                "standard": {
                    "active": true,
                    "jersey": 10,
                    "pos": "C"
                },
                "vegas": {
                    "active": true,
                    "jersey": 65,
                    "pos": "C"
                }
            },
            "nba": {
                "pro": 1,
                "start": 2020
            },
            "weight": {
                "kilograms": "108.9",
                "pounds": "240"
            }
        },
        {
            "affiliation": "John A. Logan/USA",
            "birth": {
                "country": "USA",
                "date": "2000-09-01"
            },
            "college": "John A. Logan",
            "firstname": "Jay",
            "height": {
                "feets": "6",
                "inches": "5",
                "meters": "1.96"
            },
            "id": 2641,
            "lastname": "Scrubb",
            "leagues": {
                "standard": {
                    "active": true,
                    "jersey": null,
                    "pos": "G"
                },
                "vegas": {
                    "active": true,
                    "jersey": null,
                    "pos": "G"
                }
            },
            "nba": {
                "pro": 1,
                "start": 2020
            },
            "weight": {
                "kilograms": "99.8",
                "pounds": "220"
            }
        },
        {
            "affiliation": "St. Mary's College/USA",
            "birth": {
                "country": "USA",
                "date": "1997-07-04"
            },
            "college": "St. Mary's College",
            "firstname": "Malik",
            "height": {
                "feets": "6",
                "inches": "5",
                "meters": "1.96"
            },
            "id": 2586,
            "lastname": "Fitts",
            "leagues": {
                "standard": {
                    "active": true,
                    "jersey": 8,
                    "pos": "F"
                },
                "vegas": {
                    "active": false,
                    "jersey": 18,
                    "pos": null
                }
            },
            "nba": {
                "pro": 1,
                "start": 2020
            },
            "weight": {
                "kilograms": "104.3",
                "pounds": "230"
            }
        },
        {
            "affiliation": "St. Mary's College/USA",
            "birth": {
                "country": "USA",
                "date": "1998-05-26"
            },
            "college": "St. Mary's College",
            "firstname": "Jordan",
            "height": {
                "feets": "6",
                "inches": "1",
                "meters": "1.85"
            },
            "id": 2588,
            "lastname": "Ford",
            "leagues": {
                "standard": {
                    "active": true,
                    "jersey": null,
                    "pos": "G"
                },
                "vegas": {
                    "active": true,
                    "jersey": 19,
                    "pos": "G"
                }
            },
            "nba": {
                "pro": 0,
                "start": 0
            },
            "weight": {
                "kilograms": "79.4",
                "pounds": "175"
            }
        },
        {
            "affiliation": "Kentucky/USA",
            "birth": {
                "country": "USA",
                "date": "1986-02-22"
            },
            "college": "Kentucky",
            "firstname": "Rajon",
            "height": {
                "feets": "6",
                "inches": "1",
                "meters": "1.85"
            },
            "id": 455,
            "lastname": "Rondo",
            "leagues": {
                "standard": {
                    "active": true,
                    "jersey": 1,
                    "pos": "G"
                }
            },
            "nba": {
                "pro": 15,
                "start": 2006
            },
            "weight": {
                "kilograms": "81.6",
                "pounds": "180"
            }
        },
        {
            "affiliation": "Ricoh Manresa/Republic of the Congo",
            "birth": {
                "country": "Republic of the Congo",
                "date": "1989-09-18"
            },
            "college": "Ricoh Manresa",
            "firstname": "Serge",
            "height": {
                "feets": "6",
                "inches": "10",
                "meters": "2.08"
            },
            "id": 255,
            "lastname": "Ibaka",
            "leagues": {
                "africa": {
                    "active": true,
                    "jersey": 9,
                    "pos": "F-C"
                },
                "standard": {
                    "active": true,
                    "jersey": 25,
                    "pos": "F"
                }
            },
            "nba": {
                "pro": 12,
                "start": 2009
            },
            "weight": {
                "kilograms": "106.6",
                "pounds": "235"
            }
        },
        {
            "affiliation": "Le Mans/France",
            "birth": {
                "country": "France",
                "date": "1988-12-14"
            },
            "college": "Le Mans",
            "firstname": "Nicolas",
            "height": {
                "feets": "6",
                "inches": "8",
                "meters": "2.03"
            },
            "id": 40,
            "lastname": "Batum",
            "leagues": {
                "standard": {
                    "active": true,
                    "jersey": 33,
                    "pos": "G-F"
                }
            },
            "nba": {
                "pro": 13,
                "start": 2008
            },
            "weight": {
                "kilograms": "104.3",
                "pounds": "230"
            }
        },
        {
            "affiliation": "Arkansas/USA",
            "birth": {
                "country": "USA",
                "date": "1988-07-12"
            },
            "college": "Arkansas",
            "firstname": "Patrick",
            "height": {
                "feets": "6",
                "inches": "1",
                "meters": "1.85"
            },
            "id": 53,
            "lastname": "Beverley",
            "leagues": {
                "standard": {
                    "active": true,
                    "jersey": 21,
                    "pos": "G"
                }
            },
            "nba": {
                "pro": 9,
                "start": 2012
            },
            "weight": {
                "kilograms": "81.6",
                "pounds": "180"
            }
        },
        {
            "affiliation": null,
            "birth": {
                "country": null,
                "date": null
            },
            "college": null,
            "firstname": "DeMarcus ",
            "height": {
                "feets": null,
                "inches": null,
                "meters": null
            },
            "id": 2781,
            "lastname": "Cousins",
            "leagues": {
                "standard": {
                    "active": false,
                    "jersey": 99,
                    "pos": null
                }
            },
            "nba": {
                "pro": 0,
                "start": 0
            },
            "weight": {
                "kilograms": null,
                "pounds": null
            }
        },
        {
            "affiliation": "Kentucky/USA",
            "birth": {
                "country": "USA",
                "date": "1990-08-13"
            },
            "college": "Kentucky",
            "firstname": "DeMarcus",
            "height": {
                "feets": "6",
                "inches": "10",
                "meters": "2.08"
            },
            "id": 117,
            "lastname": "Cousins",
            "leagues": {
                "standard": {
                    "active": true,
                    "jersey": 4,
                    "pos": "C"
                }
            },
            "nba": {
                "pro": 10,
                "start": 2010
            },
            "weight": {
                "kilograms": "122.5",
                "pounds": "270"
            }
        },
        {
            "affiliation": "Fresno State/USA",
            "birth": {
                "country": "USA",
                "date": "1990-05-02"
            },
            "college": "Fresno State",
            "firstname": "Paul",
            "height": {
                "feets": "6",
                "inches": "8",
                "meters": "2.03"
            },
            "id": 189,
            "lastname": "George",
            "leagues": {
                "standard": {
                    "active": true,
                    "jersey": 13,
                    "pos": "F"
                }
            },
            "nba": {
                "pro": 11,
                "start": 2010
            },
            "weight": {
                "kilograms": "99.8",
                "pounds": "220"
            }
        },
        {
            "affiliation": null,
            "birth": {
                "country": null,
                "date": null
            },
            "college": null,
            "firstname": "Patrick",
            "height": {
                "feets": null,
                "inches": null,
                "meters": null
            },
            "id": 414,
            "lastname": "Patterson",
            "leagues": {
                "standard": {
                    "active": false,
                    "jersey": 54,
                    "pos": null
                }
            },
            "nba": {
                "pro": 0,
                "start": 0
            },
            "weight": {
                "kilograms": null,
                "pounds": null
            }
        },
        {
            "affiliation": "Kansas/USA",
            "birth": {
                "country": "USA",
                "date": "1989-09-02"
            },
            "college": "Kansas",
            "firstname": "Marcus",
            "height": {
                "feets": "6",
                "inches": "8",
                "meters": "2.03"
            },
            "id": 373,
            "lastname": "Morris Sr.",
            "leagues": {
                "standard": {
                    "active": true,
                    "jersey": 8,
                    "pos": "F"
                }
            },
            "nba": {
                "pro": 10,
                "start": 2011
            },
            "weight": {
                "kilograms": "98.9",
                "pounds": "218"
            }
        },
        {
            "affiliation": "San Diego State/USA",
            "birth": {
                "country": "USA",
                "date": "1991-06-29"
            },
            "college": "San Diego State",
            "firstname": "Kawhi",
            "height": {
                "feets": "6",
                "inches": "7",
                "meters": "2.01"
            },
            "id": 314,
            "lastname": "Leonard",
            "leagues": {
                "standard": {
                    "active": true,
                    "jersey": 2,
                    "pos": "F"
                }
            },
            "nba": {
                "pro": 10,
                "start": 2011
            },
            "weight": {
                "kilograms": "102.1",
                "pounds": "225"
            }
        },
        {
            "affiliation": "Boston College/USA",
            "birth": {
                "country": "USA",
                "date": "1990-04-16"
            },
            "college": "Boston College",
            "firstname": "Reggie",
            "height": {
                "feets": "6",
                "inches": "2",
                "meters": "1.88"
            },
            "id": 264,
            "lastname": "Jackson",
            "leagues": {
                "standard": {
                    "active": true,
                    "jersey": 1,
                    "pos": "G"
                }
            },
            "nba": {
                "pro": 10,
                "start": 2011
            },
            "weight": {
                "kilograms": "94.3",
                "pounds": "208"
            }
        }
    ],
    "results": 25
}