{
    "errors": [],
    "get": "players/",
    "parameters": {
        "season": "2018",
        "team": "16"
    },
    "response": [
        {
            "affiliation": "South Gwinnett HS (GA)/USA",
            "birth": {
                "country": "USA",
                "date": "1986-10-27"
            },
            "college": "South Gwinnett HS (GA)",
            "firstname": "Lou",
            "height": {
                "feets": "6",
                "inches": "2",
                "meters": "1.88"
            },
            "id": 553,
            "lastname": "Williams",
            "leagues": {
                "standard": {
                    "active": true,
                    "jersey": 6,
                    "pos": "G"
                }
            },
            "nba": {
                "pro": 16,
                "start": 2005
            },
            "weight": {
                "kilograms": "79.4",
                "pounds": "175"
            }
        },
        {
            "affiliation": "RheinEnergie Cologne/Poland",
            "birth": {
                "country": "Poland",
                "date": "1984-02-17"
            },
            "college": null,
            "firstname": "Marcin",
            "height": {
                "feets": null,
                "inches": null,
                "meters": null
            },
            "id": 197,
            "lastname": "Gortat",
            "leagues": {
                "standard": {
                    "active": false,
                    "jersey": 13,
                    "pos": null
                }
            },
            "nba": {
                "pro": 0,
                "start": 2007
            },
            "weight": {
                "kilograms": null,
                "pounds": null
            }
        },
        {
            "affiliation": "Louisville/USA",
            "birth": {
                "country": "USA",
                "date": "1994-01-26"
            },
            "college": "Louisville",
            "firstname": "Montrezl",
            "height": {
                "feets": "6",
                "inches": "7",
                "meters": "2.01"
            },
            "id": 218,
            "lastname": "Harrell",
            "leagues": {
                "standard": {
                    "active": true,
                    "jersey": 5,
                    "pos": "F-C"
                }
            },
            "nba": {
                "pro": 6,
                "start": 2015
            },
            "weight": {
                "kilograms": "108.9",
                "pounds": "240"
            }
        },
        {
            "affiliation": null,
            "birth": {
                "country": null,
                "date": null
            },
            "college": null,
            "firstname": "Vincent",
            "height": {
                "feets": null,
                "inches": null,
                "meters": null
            },
            "id": 582,
            "lastname": "Hunter",
            "leagues": {
                "standard": {
                    "active": false,
                    "jersey": 32,
                    "pos": null
                },
                "vegas": {
                    "active": true,
                    "jersey": 37,
                    "pos": "F"
                }
            },
            "nba": {
                "pro": 0,
                "start": 0
            },
            "weight": {
                "kilograms": null,
                "pounds": null
            }
        },
        {
            "affiliation": "Crvena zvezda/Serbia",
            "birth": {
                "country": "Serbia",
                "date": "1988-08-15"
            },
            "college": "Crvena zvezda",
            "firstname": "Boban",
            "height": {
                "feets": "7",
                "inches": "3",
                "meters": "2.21"
            },
            "id": 337,
            "lastname": "Marjanovic",
            "leagues": {
                "standard": {
                    "active": true,
                    "jersey": 51,
                    "pos": "C"
                }
            },
            "nba": {
                "pro": 6,
                "start": 2015
            },
            "weight": {
                "kilograms": "131.5",
                "pounds": "290"
            }
        },
        {
            "affiliation": "California/USA",
            "birth": {
                "country": "USA",
                "date": "1994-06-10"
            },
            "college": "California",
            "firstname": "Tyrone",
            "height": {
                "feets": "6",
                "inches": "5",
                "meters": "1.96"
            },
            "id": 893,
            "lastname": "Wallace",
            "leagues": {
                "standard": {
                    "active": true,
                    "jersey": 6,
                    "pos": "G"
                },
                "vegas": {
                    "active": true,
                    "jersey": 6,
                    "pos": "G"
                }
            },
            "nba": {
                "pro": 3,
                "start": 2017
            },
            "weight": {
                "kilograms": "89.8",
                "pounds": "198"
            }
        },
        {
            "affiliation": "Mega Basket/Croatia",
            "birth": {
                "country": "Croatia",
                "date": "1997-03-18"
            },
            "college": "Mega Basket",
            "firstname": "Ivica",
            "height": {
                "feets": "7",
                "inches": "0",
                "meters": "2.13"
            },
            "id": 575,
            "lastname": "Zubac",
            "leagues": {
                "standard": {
                    "active": true,
                    "jersey": 40,
                    "pos": "C"
                }
            },
            "nba": {
                "pro": 5,
                "start": 2016
            },
            "weight": {
                "kilograms": "108.9",
                "pounds": "240"
            }
        },
        {
            "affiliation": null,
            "birth": {
                "country": null,
                "date": null
            },
            "college": null,
            "firstname": "David",
            "height": {
                "feets": null,
                "inches": null,
                "meters": null
            },
            "id": 1532,
            "lastname": "Michineau",
            "leagues": {
                "standard": {
                    "active": true,
                    "jersey": null,
                    "pos": "G"
                },
                "vegas": {
                    "active": true,
                    "jersey": 27,
                    "pos": "G"
                }
            },
            "nba": {
                "pro": 0,
                "start": 0
            },
            "weight": {
                "kilograms": null,
                "pounds": null
            }
        },
        {
            "affiliation": null,
            "birth": {
                "country": null,
                "date": null
            },
            "college": null,
            "firstname": "Jawun",
            "height": {
                "feets": null,
                "inches": null,
                "meters": null
            },
            "id": 772,
            "lastname": "Evans",
            "leagues": {
                "standard": {
                    "active": true,
                    "jersey": 8,
                    "pos": "G"
                },
                "utah": {
                    "active": true,
                    "jersey": 54,
                    "pos": "G"
                },
                "vegas": {
                    "active": true,
                    "jersey": 8,
                    "pos": "G"
                }
            },
            "nba": {
                "pro": 0,
                "start": 0
            },
            "weight": {
                "kilograms": null,
                "pounds": null
            }
        },
        {
            "affiliation": null,
            "birth": {
                "country": null,
                "date": null
            },
            "college": null,
            "firstname": "Johnathan",
            "height": {
                "feets": null,
                "inches": null,
                "meters": null
            },
            "id": 846,
            "lastname": "Motley",
            "leagues": {
                "standard": {
                    "active": false,
                    "jersey": 12,
                    "pos": null
                },
                "vegas": {
                    "active": true,
                    "jersey": 6,
                    "pos": "F"
                }
            },
            "nba": {
                "pro": 0,
                "start": 0
            },
            "weight": {
                "kilograms": null,
                "pounds": null
            }
        },
        {
            "affiliation": "South Carolina/USA",
            "birth": {
                "country": "USA",
                "date": "1994-11-15"
            },
            "college": "South Carolina",
            "firstname": "Sindarius",
            "height": {
                "feets": "6",
                "inches": "4",
                "meters": "1.93"
            },
            "id": 887,
            "lastname": "Thornwell",
            "leagues": {
                "standard": {
                    "active": true,
                    "jersey": 15,
                    "pos": "G"
                },
                "vegas": {
                    "active": true,
                    "jersey": 95,
                    "pos": "G"
                }
            },
            "nba": {
                "pro": 4,
                "start": 2017
            },
            "weight": {
                "kilograms": "97.5",
                "pounds": "215"
            }
        },
        {
            "affiliation": " Serbia/Serbia",
            "birth": {
                "country": "Serbia",
                "date": "1987-03-19"
            },
            "college": null,
            "firstname": "Milos",
            "height": {
                "feets": null,
                "inches": null,
                "meters": null
            },
            "id": 884,
            "lastname": "Teodosic",
            "leagues": {
                "standard": {
                    "active": false,
                    "jersey": 4,
                    "pos": null
                }
            },
            "nba": {
                "pro": 0,
                "start": 2017
            },
            "weight": {
                "kilograms": null,
                "pounds": null
            }
        },
        {
            "affiliation": null,
            "birth": {
                "country": null,
                "date": null
            },
            "college": null,
            "firstname": "Tyler",
            "height": {
                "feets": null,
                "inches": null,
                "meters": null
            },
            "id": 1411,
            "lastname": "Harris",
            "leagues": {
                "vegas": {
                    "active": true,
                    "jersey": 20,
                    "pos": "F"
                }
            },
            "nba": {
                "pro": 0,
                "start": 0
            },
            "weight": {
                "kilograms": null,
                "pounds": null
            }
        },
        {
            "affiliation": "Gonzaga/USA",
            "birth": {
                "country": "USA",
                "date": "1994-06-22"
            },
            "college": "Gonzaga",
            "firstname": "Jordan",
            "height": {
                "feets": "6",
                "inches": "4",
                "meters": "1.93"
            },
            "id": 1517,
            "lastname": "Mathews",
            "leagues": {
                "vegas": {
                    "active": true,
                    "jersey": 16,
                    "pos": "G"
                }
            },
            "nba": {
                "pro": 0,
                "start": 0
            },
            "weight": {
                "kilograms": "92.1",
                "pounds": "203"
            }
        },
        {
            "affiliation": null,
            "birth": {
                "country": null,
                "date": null
            },
            "college": null,
            "firstname": "Thomas",
            "height": {
                "feets": null,
                "inches": null,
                "meters": null
            },
            "id": 1687,
            "lastname": "Wimbush",
            "leagues": {
                "vegas": {
                    "active": true,
                    "jersey": 33,
                    "pos": "F"
                }
            },
            "nba": {
                "pro": 0,
                "start": 0
            },
            "weight": {
                "kilograms": null,
                "pounds": null
            }
        },
        {
            "affiliation": null,
            "birth": {
                "country": null,
                "date": null
            },
            "college": null,
            "firstname": "Jaylen",
            "height": {
                "feets": null,
                "inches": null,
                "meters": null
            },
            "id": 1461,
            "lastname": "Johnson",
            "leagues": {
                "vegas": {
                    "active": true,
                    "jersey": 19,
                    "pos": "F"
                }
            },
            "nba": {
                "pro": 0,
                "start": 0
            },
            "weight": {
                "kilograms": null,
                "pounds": null
            }
        },
        {
            "affiliation": "Kentucky/Canada",
            "birth": {
                "country": "Canada",
                "date": "1998-07-12"
            },
            "college": "Kentucky",
            "firstname": "Shai",
            "height": {
                "feets": "6",
                "inches": "6",
                "meters": "1.98"
            },
            "id": 972,
            "lastname": "Gilgeous-Alexander",
            "leagues": {
                "standard": {
                    "active": true,
                    "jersey": 2,
                    "pos": "G"
                },
                "vegas": {
                    "active": true,
                    "jersey": 2,
                    "pos": "G"
                }
            },
            "nba": {
                "pro": 3,
                "start": 2018
            },
            "weight": {
                "kilograms": "81.6",
                "pounds": "180"
            }
        },
        {
            "affiliation": null,
            "birth": {
                "country": null,
                "date": null
            },
            "college": null,
            "firstname": "Jerome",
            "height": {
                "feets": null,
                "inches": null,
                "meters": null
            },
            "id": 1019,
            "lastname": "Robinson",
            "leagues": {
                "standard": {
                    "active": true,
                    "jersey": 8,
                    "pos": "G"
                },
                "vegas": {
                    "active": true,
                    "jersey": 13,
                    "pos": "G"
                }
            },
            "nba": {
                "pro": 0,
                "start": 0
            },
            "weight": {
                "kilograms": null,
                "pounds": null
            }
        },
        {
            "affiliation": "Wichita State/USA",
            "birth": {
                "country": "USA",
                "date": "1997-03-13"
            },
            "college": "Wichita State",
            "firstname": "Landry",
            "height": {
                "feets": "6",
                "inches": "4",
                "meters": "1.93"
            },
            "id": 1022,
            "lastname": "Shamet",
            "leagues": {
                "standard": {
                    "active": true,
                    "jersey": 14,
                    "pos": "G"
                },
                "vegas": {
                    "active": true,
                    "jersey": 5,
                    "pos": "G"
                }
            },
            "nba": {
                "pro": 3,
                "start": 2018
            },
            "weight": {
                "kilograms": "86.2",
                "pounds": "190"
            }
        },
        {
            "affiliation": "Dominican Republic/Dominican Republic",
            "birth": {
                "country": "Dominican Republic",
                "date": "1994-11-20"
            },
            "college": "Seton Hall University",
            "firstname": "Angel",
            "height": {
                "feets": "6",
                "inches": "10",
                "meters": "2.08"
            },
            "id": 958,
            "lastname": "Delgado",
            "leagues": {
                "standard": {
                    "active": true,
                    "jersey": 31,
                    "pos": "C"
                },
                "vegas": {
                    "active": true,
                    "jersey": 26,
                    "pos": "C"
                }
            },
            "nba": {
                "pro": 1,
                "start": 2018
            },
            "weight": {
                "kilograms": "111.1",
                "pounds": "245"
            }
        },
        {
            "affiliation": null,
            "birth": {
                "country": null,
                "date": null
            },
            "college": null,
            "firstname": "Desi",
            "height": {
                "feets": null,
                "inches": null,
                "meters": null
            },
            "id": 1068,
            "lastname": "Rodriguez",
            "leagues": {
                "standard": {
                    "active": false,
                    "jersey": 20,
                    "pos": null
                }
            },
            "nba": {
                "pro": 0,
                "start": 0
            },
            "weight": {
                "kilograms": null,
                "pounds": null
            }
        },
        {
            "affiliation": "DePaul/USA",
            "birth": {
                "country": "USA",
                "date": "1987-05-10"
            },
            "college": "DePaul",
            "firstname": "Wilson",
            "height": {
                "feets": "6",
                "inches": "8",
                "meters": "2.03"
            },
            "id": 102,
            "lastname": "Chandler",
            "leagues": {
                "standard": {
                    "active": true,
                    "jersey": 21,
                    "pos": "F"
                }
            },
            "nba": {
                "pro": 12,
                "start": 2007
            },
            "weight": {
                "kilograms": "106.6",
                "pounds": "235"
            }
        },
        {
            "affiliation": "Olimpia Milano/Italy",
            "birth": {
                "country": "Italy",
                "date": "1988-08-08"
            },
            "college": "Olimpia Milano",
            "firstname": "Danilo",
            "height": {
                "feets": "6",
                "inches": "10",
                "meters": "2.08"
            },
            "id": 181,
            "lastname": "Gallinari",
            "leagues": {
                "africa": {
                    "active": true,
                    "jersey": 8,
                    "pos": "F"
                },
                "standard": {
                    "active": true,
                    "jersey": 8,
                    "pos": "F"
                }
            },
            "nba": {
                "pro": 12,
                "start": 2008
            },
            "weight": {
                "kilograms": "107.0",
                "pounds": "236"
            }
        },
        {
            "affiliation": null,
            "birth": {
                "country": null,
                "date": null
            },
            "college": null,
            "firstname": "Luc",
            "height": {
                "feets": null,
                "inches": null,
                "meters": null
            },
            "id": 343,
            "lastname": "Mbah a Moute",
            "leagues": {
                "standard": {
                    "active": true,
                    "jersey": 12,
                    "pos": "F"
                }
            },
            "nba": {
                "pro": 0,
                "start": 0
            },
            "weight": {
                "kilograms": null,
                "pounds": null
            }
        },
        {
            "affiliation": "Arkansas/USA",
            "birth": {
                "country": "USA",
                "date": "1988-07-12"
            },
            "college": "Arkansas",
            "firstname": "Patrick",
            "height": {
                "feets": "6",
                "inches": "1",
                "meters": "1.85"
            },
            "id": 53,
            "lastname": "Beverley",
            "leagues": {
                "standard": {
                    "active": true,
                    "jersey": 21,
                    "pos": "G"
                }
            },
            "nba": {
                "pro": 9,
                "start": 2012
            },
            "weight": {
                "kilograms": "81.6",
                "pounds": "180"
            }
        },
        {
            "affiliation": "Louisiana State/USA",
            "birth": {
                "country": "USA",
                "date": "1986-05-08"
            },
            "college": "Louisiana State",
            "firstname": "Garrett",
            "height": {
                "feets": "6",
                "inches": "5",
                "meters": "1.96"
            },
            "id": 507,
            "lastname": "Temple",
            "leagues": {
                "standard": {
                    "active": true,
                    "jersey": 41,
                    "pos": "G-F"
                }
            },
            "nba": {
                "pro": 11,
                "start": 2009
            },
            "weight": {
                "kilograms": "88.5",
                "pounds": "195"
            }
        },
        {
            "affiliation": "Syracuse/USA",
            "birth": {
                "country": "USA",
                "date": "1987-07-11"
            },
            "college": "Syracuse",
            "firstname": "Wesley",
            "height": {
                "feets": "6",
                "inches": "7",
                "meters": "2.01"
            },
            "id": 278,
            "lastname": "Johnson",
            "leagues": {
                "standard": {
                    "active": true,
                    "jersey": 4,
                    "pos": "F-G"
                }
            },
            "nba": {
                "pro": 9,
                "start": 2010
            },
            "weight": {
                "kilograms": "97.5",
                "pounds": "215"
            }
        },
        {
            "affiliation": "Texas-Austin/USA",
            "birth": {
                "country": "USA",
                "date": "1990-11-26"
            },
            "college": "Texas-Austin",
            "firstname": "Avery",
            "height": {
                "feets": "6",
                "inches": "3",
                "meters": "1.9"
            },
            "id": 68,
            "lastname": "Bradley",
            "leagues": {
                "standard": {
                    "active": true,
                    "jersey": 20,
                    "pos": "G"
                }
            },
            "nba": {
                "pro": 11,
                "start": 2010
            },
            "weight": {
                "kilograms": "81.6",
                "pounds": "180"
            }
        },
        {
            "affiliation": "Tennessee/USA",
            "birth": {
                "country": "USA",
                "date": "1992-07-15"
            },
            "college": "Tennessee",
            "firstname": "Tobias",
            "height": {
                "feets": "6",
                "inches": "7",
                "meters": "2.01"
            },
            "id": 222,
            "lastname": "Harris",
            "leagues": {
                "standard": {
                    "active": true,
                    "jersey": 12,
                    "pos": "F"
                }
            },
            "nba": {
                "pro": 10,
                "start": 2011
            },
            "weight": {
                "kilograms": "102.5",
                "pounds": "226"
            }
        },
        {
            "affiliation": "Virginia/USA",
            "birth": {
                "country": "USA",
                "date": "1988-07-16"
            },
            "college": "Virginia",
            "firstname": "Mike",
            "height": {
                "feets": "6",
                "inches": "7",
                "meters": "2.01"
            },
            "id": 474,
            "lastname": "Scott",
            "leagues": {
                "standard": {
                    "active": true,
                    "jersey": 1,
                    "pos": "F"
                }
            },
            "nba": {
                "pro": 9,
                "start": 2012
            },
            "weight": {
                "kilograms": "107.5",
                "pounds": "237"
            }
        },
        {
            "affiliation": "Alabama/USA",
            "birth": {
                "country": "USA",
                "date": "1990-06-21"
            },
            "college": "Alabama",
            "firstname": "JaMychal",
            "height": {
                "feets": "6",
                "inches": "8",
                "meters": "2.03"
            },
            "id": 206,
            "lastname": "Green",
            "leagues": {
                "standard": {
                    "active": true,
                    "jersey": 1,
                    "pos": "F-C"
                }
            },
            "nba": {
                "pro": 7,
                "start": 2014
            },
            "weight": {
                "kilograms": "103.0",
                "pounds": "227"
            }
        },
        {
            "affiliation": null,
            "birth": {
                "country": null,
                "date": null
            },
            "college": null,
            "firstname": "Grant",
            "height": {
                "feets": null,
                "inches": null,
                "meters": null
            },
            "id": 700,
            "lastname": "Jerrett",
            "leagues": {
                "standard": {
                    "active": false,
                    "jersey": 34,
                    "pos": null
                },
                "vegas": {
                    "active": true,
                    "jersey": 51,
                    "pos": "F-C"
                }
            },
            "nba": {
                "pro": 0,
                "start": 0
            },
            "weight": {
                "kilograms": null,
                "pounds": null
            }
        },
        {
            "affiliation": null,
            "birth": {
                "country": null,
                "date": null
            },
            "college": null,
            "firstname": "Bogdan",
            "height": {
                "feets": null,
                "inches": null,
                "meters": null
            },
            "id": 1282,
            "lastname": "Bliznyuk",
            "leagues": {
                "vegas": {
                    "active": true,
                    "jersey": 27,
                    "pos": "F"
                }
            },
            "nba": {
                "pro": 0,
                "start": 0
            },
            "weight": {
                "kilograms": null,
                "pounds": null
            }
        },
        {
            "affiliation": null,
            "birth": {
                "country": null,
                "date": null
            },
            "college": null,
            "firstname": "Desi",
            "height": {
                "feets": null,
                "inches": null,
                "meters": null
            },
            "id": 1604,
            "lastname": "Rodriguez",
            "leagues": {
                "vegas": {
                    "active": true,
                    "jersey": 19,
                    "pos": "F"
                }
            },
            "nba": {
                "pro": 0,
                "start": 0
            },
            "weight": {
                "kilograms": null,
                "pounds": null
            }
        },
        {
            "affiliation": null,
            "birth": {
                "country": null,
                "date": null
            },
            "college": null,
            "firstname": "Reggie",
            "height": {
                "feets": null,
                "inches": null,
                "meters": null
            },
            "id": 1654,
            "lastname": "Upshaw",
            "leagues": {
                "vegas": {
                    "active": true,
                    "jersey": 36,
                    "pos": "F"
                }
            },
            "nba": {
                "pro": 0,
                "start": 0
            },
            "weight": {
                "kilograms": null,
                "pounds": null
            }
        }
    ],
    "results": 35
}