{
    "errors": [],
    "get": "players/",
    "parameters": {
        "season": "2021",
        "team": "16"
    },
    "response": [
        {
            "affiliation": "Duke/USA",
            "birth": {
                "country": "USA",
                "date": "1996-03-26"
            },
            "college": "Duke",
            "firstname": "Justise",
            "height": {
                "feets": "6",
                "inches": "6",
                "meters": "1.98"
            },
            "id": 558,
            "lastname": "Winslow",
            "leagues": {
                "standard": {
                    "active": true,
                    "jersey": 26,
                    "pos": "F-G"
                }
            },
            "nba": {
                "pro": 6,
                "start": 2015
            },
            "weight": {
                "kilograms": "100.7",
                "pounds": "222"
            }
        },
        {
            "affiliation": "UCLA/USA",
            "birth": {
                "country": "USA",
                "date": "1993-05-25"
            },
            "college": "UCLA",
            "firstname": "Norman",
            "height": {
                "feets": "6",
                "inches": "3",
                "meters": "1.9"
            },
            "id": 434,
            "lastname": "Powell",
            "leagues": {
                "standard": {
                    "active": true,
                    "jersey": 24,
                    "pos": "G"
                }
            },
            "nba": {
                "pro": 6,
                "start": 2015
            },
            "weight": {
                "kilograms": "97.5",
                "pounds": "215"
            }
        },
        {
            "affiliation": "Mega Basket/Croatia",
            "birth": {
                "country": "Croatia",
                "date": "1997-03-18"
            },
            "college": "Mega Basket",
            "firstname": "Ivica",
            "height": {
                "feets": "7",
                "inches": "0",
                "meters": "2.13"
            },
            "id": 575,
            "lastname": "Zubac",
            "leagues": {
                "standard": {
                    "active": true,
                    "jersey": 40,
                    "pos": "C"
                }
            },
            "nba": {
                "pro": 5,
                "start": 2016
            },
            "weight": {
                "kilograms": "108.9",
                "pounds": "240"
            }
        },
        {
            "affiliation": "Duke/USA",
            "birth": {
                "country": "USA",
                "date": "1996-06-24"
            },
            "college": "Duke",
            "firstname": "Luke",
            "height": {
                "feets": "6",
                "inches": "5",
                "meters": "1.96"
            },
            "id": 814,
            "lastname": "Kennard",
            "leagues": {
                "standard": {
                    "active": true,
                    "jersey": 5,
                    "pos": "G"
                },
                "vegas": {
                    "active": true,
                    "jersey": 5,
                    "pos": "G"
                }
            },
            "nba": {
                "pro": 4,
                "start": 2017
            },
            "weight": {
                "kilograms": "93.4",
                "pounds": "206"
            }
        },
        {
            "affiliation": null,
            "birth": {
                "country": null,
                "date": null
            },
            "college": null,
            "firstname": "Harry",
            "height": {
                "feets": null,
                "inches": null,
                "meters": null
            },
            "id": 784,
            "lastname": "Giles III",
            "leagues": {
                "sacramento": {
                    "active": true,
                    "jersey": 20,
                    "pos": "F"
                },
                "standard": {
                    "active": false,
                    "jersey": 16,
                    "pos": null
                },
                "vegas": {
                    "active": true,
                    "jersey": 20,
                    "pos": "F"
                }
            },
            "nba": {
                "pro": 0,
                "start": 0
            },
            "weight": {
                "kilograms": null,
                "pounds": null
            }
        },
        {
            "affiliation": "Zalgiris/Germany",
            "birth": {
                "country": "Germany",
                "date": "1998-05-05"
            },
            "college": "Zalgiris",
            "firstname": "Isaiah",
            "height": {
                "feets": "7",
                "inches": "0",
                "meters": "2.13"
            },
            "id": 978,
            "lastname": "Hartenstein",
            "leagues": {
                "standard": {
                    "active": true,
                    "jersey": 55,
                    "pos": "C-F"
                },
                "vegas": {
                    "active": true,
                    "jersey": 55,
                    "pos": "C"
                }
            },
            "nba": {
                "pro": 3,
                "start": 2018
            },
            "weight": {
                "kilograms": "113.4",
                "pounds": "250"
            }
        },
        {
            "affiliation": "Southern Methodist/USA",
            "birth": {
                "country": "USA",
                "date": "1994-12-05"
            },
            "college": "Southern Methodist",
            "firstname": "Semi",
            "height": {
                "feets": null,
                "inches": null,
                "meters": null
            },
            "id": 852,
            "lastname": "Ojeleye",
            "leagues": {
                "standard": {
                    "active": false,
                    "jersey": 37,
                    "pos": null
                },
                "vegas": {
                    "active": true,
                    "jersey": 37,
                    "pos": "F"
                }
            },
            "nba": {
                "pro": 0,
                "start": 2017
            },
            "weight": {
                "kilograms": null,
                "pounds": null
            }
        },
        {
            "affiliation": "North Carolina/USA",
            "birth": {
                "country": "USA",
                "date": "1994-07-24"
            },
            "college": "North Carolina",
            "firstname": "Isaiah",
            "height": {
                "feets": "6",
                "inches": "9",
                "meters": "2.06"
            },
            "id": 795,
            "lastname": "Hicks",
            "leagues": {
                "standard": {
                    "active": true,
                    "jersey": 4,
                    "pos": "F"
                },
                "vegas": {
                    "active": true,
                    "jersey": 27,
                    "pos": "F"
                }
            },
            "nba": {
                "pro": 2,
                "start": 2017
            },
            "weight": {
                "kilograms": "104.3",
                "pounds": "230"
            }
        },
        {
            "affiliation": "Colorado Boulder/USA",
            "birth": {
                "country": "USA",
                "date": "1994-01-15"
            },
            "college": "Colorado Boulder",
            "firstname": "George",
            "height": {
                "feets": "6",
                "inches": "6",
                "meters": "1.98"
            },
            "id": 986,
            "lastname": "King",
            "leagues": {
                "standard": {
                    "active": true,
                    "jersey": 8,
                    "pos": "F-G"
                },
                "utah": {
                    "active": true,
                    "jersey": 19,
                    "pos": "F"
                },
                "vegas": {
                    "active": true,
                    "jersey": 38,
                    "pos": "F"
                }
            },
            "nba": {
                "pro": 1,
                "start": 2018
            },
            "weight": {
                "kilograms": "99.8",
                "pounds": "220"
            }
        },
        {
            "affiliation": "Kentucky/South Sudan",
            "birth": {
                "country": "South Sudan",
                "date": "1997-03-26"
            },
            "college": "Kentucky",
            "firstname": "Wenyen",
            "height": {
                "feets": "6",
                "inches": "9",
                "meters": "2.06"
            },
            "id": 970,
            "lastname": "Gabriel",
            "leagues": {
                "sacramento": {
                    "active": true,
                    "jersey": 32,
                    "pos": "F"
                },
                "standard": {
                    "active": true,
                    "jersey": 35,
                    "pos": "F"
                },
                "vegas": {
                    "active": true,
                    "jersey": 32,
                    "pos": "F"
                }
            },
            "nba": {
                "pro": 2,
                "start": 2019
            },
            "weight": {
                "kilograms": "93.0",
                "pounds": "205"
            }
        },
        {
            "affiliation": "Minnesota/USA",
            "birth": {
                "country": "USA",
                "date": "1997-06-17"
            },
            "college": "Minnesota",
            "firstname": "Amir",
            "height": {
                "feets": "6",
                "inches": "7",
                "meters": "2.01"
            },
            "id": 2115,
            "lastname": "Coffey",
            "leagues": {
                "standard": {
                    "active": true,
                    "jersey": 7,
                    "pos": "G-F"
                },
                "vegas": {
                    "active": true,
                    "jersey": 7,
                    "pos": "G-F"
                }
            },
            "nba": {
                "pro": 2,
                "start": 2019
            },
            "weight": {
                "kilograms": "95.3",
                "pounds": "210"
            }
        },
        {
            "affiliation": "Florida State/USA",
            "birth": {
                "country": "USA",
                "date": "1996-10-18"
            },
            "college": "Florida State",
            "firstname": "Terance",
            "height": {
                "feets": "6",
                "inches": "5",
                "meters": "1.96"
            },
            "id": 1877,
            "lastname": "Mann",
            "leagues": {
                "standard": {
                    "active": true,
                    "jersey": 14,
                    "pos": "G-F"
                },
                "vegas": {
                    "active": true,
                    "jersey": 14,
                    "pos": "G"
                }
            },
            "nba": {
                "pro": 2,
                "start": 2019
            },
            "weight": {
                "kilograms": "97.5",
                "pounds": "215"
            }
        },
        {
            "affiliation": null,
            "birth": {
                "country": null,
                "date": null
            },
            "college": null,
            "firstname": "Kaleb",
            "height": {
                "feets": null,
                "inches": null,
                "meters": null
            },
            "id": 2662,
            "lastname": "Wesson",
            "leagues": {
                "standard": {
                    "active": false,
                    "jersey": 43,
                    "pos": null
                },
                "vegas": {
                    "active": true,
                    "jersey": 36,
                    "pos": "F"
                }
            },
            "nba": {
                "pro": 0,
                "start": 0
            },
            "weight": {
                "kilograms": null,
                "pounds": null
            }
        },
        {
            "affiliation": "Texas/USA",
            "birth": {
                "country": "USA",
                "date": "1996-10-24"
            },
            "college": "Texas",
            "firstname": "Kerwin",
            "height": {
                "feets": "6",
                "inches": "4",
                "meters": "1.93"
            },
            "id": 2026,
            "lastname": "Roach",
            "leagues": {
                "vegas": {
                    "active": true,
                    "jersey": 16,
                    "pos": "G"
                }
            },
            "nba": {
                "pro": 2,
                "start": 0
            },
            "weight": {
                "kilograms": "81.6",
                "pounds": "180"
            }
        },
        {
            "affiliation": "Morehead State/USA",
            "birth": {
                "country": "USA",
                "date": "1995-01-02"
            },
            "college": "Morehead State",
            "firstname": "Xavier",
            "height": {
                "feets": "6",
                "inches": "2",
                "meters": "1.88"
            },
            "id": 3396,
            "lastname": "Moon",
            "leagues": {
                "standard": {
                    "active": true,
                    "jersey": 15,
                    "pos": "G"
                },
                "vegas": {
                    "active": true,
                    "jersey": 15,
                    "pos": "G"
                }
            },
            "nba": {
                "pro": 0,
                "start": 2021
            },
            "weight": {
                "kilograms": "74.8",
                "pounds": "165"
            }
        },
        {
            "affiliation": "John A. Logan/USA",
            "birth": {
                "country": "USA",
                "date": "2000-09-01"
            },
            "college": "John A. Logan",
            "firstname": "Jay",
            "height": {
                "feets": "6",
                "inches": "5",
                "meters": "1.96"
            },
            "id": 2641,
            "lastname": "Scrubb",
            "leagues": {
                "standard": {
                    "active": true,
                    "jersey": null,
                    "pos": "G"
                },
                "vegas": {
                    "active": true,
                    "jersey": null,
                    "pos": "G"
                }
            },
            "nba": {
                "pro": 1,
                "start": 2020
            },
            "weight": {
                "kilograms": "99.8",
                "pounds": "220"
            }
        },
        {
            "affiliation": "St. Mary's College/USA",
            "birth": {
                "country": "USA",
                "date": "1997-07-04"
            },
            "college": "St. Mary's College",
            "firstname": "Malik",
            "height": {
                "feets": "6",
                "inches": "5",
                "meters": "1.96"
            },
            "id": 2586,
            "lastname": "Fitts",
            "leagues": {
                "standard": {
                    "active": true,
                    "jersey": 8,
                    "pos": "F"
                },
                "vegas": {
                    "active": false,
                    "jersey": 18,
                    "pos": null
                }
            },
            "nba": {
                "pro": 1,
                "start": 2020
            },
            "weight": {
                "kilograms": "104.3",
                "pounds": "230"
            }
        },
        {
            "affiliation": "St. Mary's College/USA",
            "birth": {
                "country": "USA",
                "date": "1998-05-26"
            },
            "college": "St. Mary's College",
            "firstname": "Jordan",
            "height": {
                "feets": "6",
                "inches": "1",
                "meters": "1.85"
            },
            "id": 2588,
            "lastname": "Ford",
            "leagues": {
                "standard": {
                    "active": true,
                    "jersey": null,
                    "pos": "G"
                },
                "vegas": {
                    "active": true,
                    "jersey": 19,
                    "pos": "G"
                }
            },
            "nba": {
                "pro": 0,
                "start": 0
            },
            "weight": {
                "kilograms": "79.4",
                "pounds": "175"
            }
        },
        {
            "affiliation": "Kentucky/USA",
            "birth": {
                "country": "USA",
                "date": "2001-11-28"
            },
            "college": "Kentucky",
            "firstname": "Brandon",
            "height": {
                "feets": "6",
                "inches": "6",
                "meters": "1.98"
            },
            "id": 2792,
            "lastname": "Boston Jr.",
            "leagues": {
                "standard": {
                    "active": true,
                    "jersey": 4,
                    "pos": "G"
                },
                "vegas": {
                    "active": true,
                    "jersey": 4,
                    "pos": "G-F"
                }
            },
            "nba": {
                "pro": 0,
                "start": 2021
            },
            "weight": {
                "kilograms": "85.3",
                "pounds": "188"
            }
        },
        {
            "affiliation": "Tennessee/USA",
            "birth": {
                "country": "USA",
                "date": "2002-03-10"
            },
            "college": "Tennessee",
            "firstname": "Keon",
            "height": {
                "feets": "6",
                "inches": "4",
                "meters": "1.93"
            },
            "id": 2820,
            "lastname": "Johnson",
            "leagues": {
                "standard": {
                    "active": true,
                    "jersey": 6,
                    "pos": "G"
                },
                "vegas": {
                    "active": true,
                    "jersey": 6,
                    "pos": "G"
                }
            },
            "nba": {
                "pro": 0,
                "start": 2021
            },
            "weight": {
                "kilograms": "83.9",
                "pounds": "185"
            }
        },
        {
            "affiliation": "Ohio/USA",
            "birth": {
                "country": "USA",
                "date": "1999-08-10"
            },
            "college": "Ohio",
            "firstname": "Jason",
            "height": {
                "feets": "6",
                "inches": "3",
                "meters": "1.9"
            },
            "id": 2842,
            "lastname": "Preston",
            "leagues": {
                "standard": {
                    "active": true,
                    "jersey": 17,
                    "pos": "G"
                },
                "vegas": {
                    "active": true,
                    "jersey": 17,
                    "pos": "G"
                }
            },
            "nba": {
                "pro": 0,
                "start": 0
            },
            "weight": {
                "kilograms": "82.1",
                "pounds": "181"
            }
        },
        {
            "affiliation": "Georgia Tech/USA",
            "birth": {
                "country": "USA",
                "date": "1998-12-23"
            },
            "college": "Georgia Tech",
            "firstname": "Moses",
            "height": {
                "feets": "6",
                "inches": "9",
                "meters": "2.06"
            },
            "id": 3278,
            "lastname": "Wright",
            "leagues": {
                "standard": {
                    "active": true,
                    "jersey": 5,
                    "pos": "F"
                },
                "vegas": {
                    "active": true,
                    "jersey": 5,
                    "pos": "F"
                }
            },
            "nba": {
                "pro": 0,
                "start": 2021
            },
            "weight": {
                "kilograms": "105.7",
                "pounds": "233"
            }
        },
        {
            "affiliation": "Ricoh Manresa/Republic of the Congo",
            "birth": {
                "country": "Republic of the Congo",
                "date": "1989-09-18"
            },
            "college": "Ricoh Manresa",
            "firstname": "Serge",
            "height": {
                "feets": "6",
                "inches": "10",
                "meters": "2.08"
            },
            "id": 255,
            "lastname": "Ibaka",
            "leagues": {
                "africa": {
                    "active": true,
                    "jersey": 9,
                    "pos": "F-C"
                },
                "standard": {
                    "active": true,
                    "jersey": 25,
                    "pos": "F"
                }
            },
            "nba": {
                "pro": 12,
                "start": 2009
            },
            "weight": {
                "kilograms": "106.6",
                "pounds": "235"
            }
        },
        {
            "affiliation": "Le Mans/France",
            "birth": {
                "country": "France",
                "date": "1988-12-14"
            },
            "college": "Le Mans",
            "firstname": "Nicolas",
            "height": {
                "feets": "6",
                "inches": "8",
                "meters": "2.03"
            },
            "id": 40,
            "lastname": "Batum",
            "leagues": {
                "standard": {
                    "active": true,
                    "jersey": 33,
                    "pos": "G-F"
                }
            },
            "nba": {
                "pro": 13,
                "start": 2008
            },
            "weight": {
                "kilograms": "104.3",
                "pounds": "230"
            }
        },
        {
            "affiliation": "Fresno State/USA",
            "birth": {
                "country": "USA",
                "date": "1990-05-02"
            },
            "college": "Fresno State",
            "firstname": "Paul",
            "height": {
                "feets": "6",
                "inches": "8",
                "meters": "2.03"
            },
            "id": 189,
            "lastname": "George",
            "leagues": {
                "standard": {
                    "active": true,
                    "jersey": 13,
                    "pos": "F"
                }
            },
            "nba": {
                "pro": 11,
                "start": 2010
            },
            "weight": {
                "kilograms": "99.8",
                "pounds": "220"
            }
        },
        {
            "affiliation": "Kentucky/USA",
            "birth": {
                "country": "USA",
                "date": "1989-12-09"
            },
            "college": "Kentucky",
            "firstname": "Eric",
            "height": {
                "feets": "6",
                "inches": "1",
                "meters": "1.85"
            },
            "id": 59,
            "lastname": "Bledsoe",
            "leagues": {
                "standard": {
                    "active": true,
                    "jersey": 5,
                    "pos": "G"
                }
            },
            "nba": {
                "pro": 11,
                "start": 2010
            },
            "weight": {
                "kilograms": "97.1",
                "pounds": "214"
            }
        },
        {
            "affiliation": "Kansas/USA",
            "birth": {
                "country": "USA",
                "date": "1989-09-02"
            },
            "college": "Kansas",
            "firstname": "Marcus",
            "height": {
                "feets": "6",
                "inches": "8",
                "meters": "2.03"
            },
            "id": 373,
            "lastname": "Morris Sr.",
            "leagues": {
                "standard": {
                    "active": true,
                    "jersey": 8,
                    "pos": "F"
                }
            },
            "nba": {
                "pro": 10,
                "start": 2011
            },
            "weight": {
                "kilograms": "98.9",
                "pounds": "218"
            }
        },
        {
            "affiliation": "San Diego State/USA",
            "birth": {
                "country": "USA",
                "date": "1991-06-29"
            },
            "college": "San Diego State",
            "firstname": "Kawhi",
            "height": {
                "feets": "6",
                "inches": "7",
                "meters": "2.01"
            },
            "id": 314,
            "lastname": "Leonard",
            "leagues": {
                "standard": {
                    "active": true,
                    "jersey": 2,
                    "pos": "F"
                }
            },
            "nba": {
                "pro": 10,
                "start": 2011
            },
            "weight": {
                "kilograms": "102.1",
                "pounds": "225"
            }
        },
        {
            "affiliation": "Boston College/USA",
            "birth": {
                "country": "USA",
                "date": "1990-04-16"
            },
            "college": "Boston College",
            "firstname": "Reggie",
            "height": {
                "feets": "6",
                "inches": "2",
                "meters": "1.88"
            },
            "id": 264,
            "lastname": "Jackson",
            "leagues": {
                "standard": {
                    "active": true,
                    "jersey": 1,
                    "pos": "G"
                }
            },
            "nba": {
                "pro": 10,
                "start": 2011
            },
            "weight": {
                "kilograms": "94.3",
                "pounds": "208"
            }
        },
        {
            "affiliation": "Tennessee State/USA",
            "birth": {
                "country": "USA",
                "date": "1990-12-14"
            },
            "college": "Tennessee State",
            "firstname": "Robert",
            "height": {
                "feets": "6",
                "inches": "7",
                "meters": "2.01"
            },
            "id": 118,
            "lastname": "Covington",
            "leagues": {
                "standard": {
                    "active": true,
                    "jersey": 23,
                    "pos": "F"
                }
            },
            "nba": {
                "pro": 8,
                "start": 2013
            },
            "weight": {
                "kilograms": "94.8",
                "pounds": "209"
            }
        },
        {
            "affiliation": "California State-Long Beach/USA",
            "birth": {
                "country": "USA",
                "date": "1990-07-01"
            },
            "college": "Cal State-Long Beach",
            "firstname": "James",
            "height": {
                "feets": null,
                "inches": null,
                "meters": null
            },
            "id": 160,
            "lastname": "Ennis III",
            "leagues": {
                "standard": {
                    "active": false,
                    "jersey": 10,
                    "pos": null
                }
            },
            "nba": {
                "pro": 0,
                "start": 2014
            },
            "weight": {
                "kilograms": null,
                "pounds": null
            }
        },
        {
            "affiliation": "Duke/USA",
            "birth": {
                "country": "USA",
                "date": "1992-10-20"
            },
            "college": "Duke",
            "firstname": "Rodney",
            "height": {
                "feets": "6",
                "inches": "8",
                "meters": "2.03"
            },
            "id": 247,
            "lastname": "Hood",
            "leagues": {
                "standard": {
                    "active": true,
                    "jersey": 22,
                    "pos": "G-F"
                }
            },
            "nba": {
                "pro": 7,
                "start": 2014
            },
            "weight": {
                "kilograms": "94.3",
                "pounds": "208"
            }
        },
        {
            "affiliation": null,
            "birth": {
                "country": null,
                "date": "1998-01-01"
            },
            "college": "High Point",
            "firstname": "Lydell",
            "height": {
                "feets": "6",
                "inches": "9",
                "meters": "2.06"
            },
            "id": 3014,
            "lastname": "Elmore",
            "leagues": {
                "vegas": {
                    "active": true,
                    "jersey": 28,
                    "pos": "F"
                }
            },
            "nba": {
                "pro": 0,
                "start": 0
            },
            "weight": {
                "kilograms": "85.7",
                "pounds": "189"
            }
        }
    ],
    "results": 33
}