{
    "errors": [],
    "get": "players/",
    "parameters": {
        "season": "2019",
        "team": "16"
    },
    "response": [
        {
            "affiliation": "South Gwinnett HS (GA)/USA",
            "birth": {
                "country": "USA",
                "date": "1986-10-27"
            },
            "college": "South Gwinnett HS (GA)",
            "firstname": "Lou",
            "height": {
                "feets": "6",
                "inches": "2",
                "meters": "1.88"
            },
            "id": 553,
            "lastname": "Williams",
            "leagues": {
                "standard": {
                    "active": true,
                    "jersey": 6,
                    "pos": "G"
                }
            },
            "nba": {
                "pro": 16,
                "start": 2005
            },
            "weight": {
                "kilograms": "79.4",
                "pounds": "175"
            }
        },
        {
            "affiliation": null,
            "birth": {
                "country": "United States",
                "date": "1995-11-16"
            },
            "college": "Kansas",
            "firstname": "Cliff",
            "height": {
                "feets": "6",
                "inches": "8",
                "meters": "2.03"
            },
            "id": 9,
            "lastname": "Alexander",
            "leagues": {
                "standard": {
                    "active": false,
                    "jersey": 34,
                    "pos": "F"
                },
                "vegas": {
                    "active": true,
                    "jersey": 36,
                    "pos": "C"
                }
            },
            "nba": {
                "pro": 0,
                "start": 2015
            },
            "weight": {
                "kilograms": "108.9",
                "pounds": "240"
            }
        },
        {
            "affiliation": "Louisville/USA",
            "birth": {
                "country": "USA",
                "date": "1994-01-26"
            },
            "college": "Louisville",
            "firstname": "Montrezl",
            "height": {
                "feets": "6",
                "inches": "7",
                "meters": "2.01"
            },
            "id": 218,
            "lastname": "Harrell",
            "leagues": {
                "standard": {
                    "active": true,
                    "jersey": 5,
                    "pos": "F-C"
                }
            },
            "nba": {
                "pro": 6,
                "start": 2015
            },
            "weight": {
                "kilograms": "108.9",
                "pounds": "240"
            }
        },
        {
            "affiliation": null,
            "birth": {
                "country": null,
                "date": null
            },
            "college": null,
            "firstname": "Robert",
            "height": {
                "feets": null,
                "inches": null,
                "meters": null
            },
            "id": 2112,
            "lastname": "Carter",
            "leagues": {
                "vegas": {
                    "active": true,
                    "jersey": 55,
                    "pos": "F"
                }
            },
            "nba": {
                "pro": 0,
                "start": 0
            },
            "weight": {
                "kilograms": null,
                "pounds": null
            }
        },
        {
            "affiliation": "Mega Basket/Croatia",
            "birth": {
                "country": "Croatia",
                "date": "1997-03-18"
            },
            "college": "Mega Basket",
            "firstname": "Ivica",
            "height": {
                "feets": "7",
                "inches": "0",
                "meters": "2.13"
            },
            "id": 575,
            "lastname": "Zubac",
            "leagues": {
                "standard": {
                    "active": true,
                    "jersey": 40,
                    "pos": "C"
                }
            },
            "nba": {
                "pro": 5,
                "start": 2016
            },
            "weight": {
                "kilograms": "108.9",
                "pounds": "240"
            }
        },
        {
            "affiliation": null,
            "birth": {
                "country": null,
                "date": null
            },
            "college": null,
            "firstname": "David",
            "height": {
                "feets": null,
                "inches": null,
                "meters": null
            },
            "id": 1532,
            "lastname": "Michineau",
            "leagues": {
                "standard": {
                    "active": true,
                    "jersey": null,
                    "pos": "G"
                },
                "vegas": {
                    "active": true,
                    "jersey": 27,
                    "pos": "G"
                }
            },
            "nba": {
                "pro": 0,
                "start": 0
            },
            "weight": {
                "kilograms": null,
                "pounds": null
            }
        },
        {
            "affiliation": null,
            "birth": {
                "country": null,
                "date": null
            },
            "college": null,
            "firstname": "Johnathan",
            "height": {
                "feets": null,
                "inches": null,
                "meters": null
            },
            "id": 846,
            "lastname": "Motley",
            "leagues": {
                "standard": {
                    "active": false,
                    "jersey": 12,
                    "pos": null
                },
                "vegas": {
                    "active": true,
                    "jersey": 6,
                    "pos": "F"
                }
            },
            "nba": {
                "pro": 0,
                "start": 0
            },
            "weight": {
                "kilograms": null,
                "pounds": null
            }
        },
        {
            "affiliation": "Michigan/USA",
            "birth": {
                "country": "USA",
                "date": "1995-04-03"
            },
            "college": "Michigan",
            "firstname": "Derrick",
            "height": {
                "feets": "6",
                "inches": "0",
                "meters": "1.83"
            },
            "id": 894,
            "lastname": "Walton Jr.",
            "leagues": {
                "sacramento": {
                    "active": true,
                    "jersey": 18,
                    "pos": "G"
                },
                "standard": {
                    "active": true,
                    "jersey": 10,
                    "pos": "G"
                },
                "vegas": {
                    "active": true,
                    "jersey": 26,
                    "pos": "G"
                }
            },
            "nba": {
                "pro": 2,
                "start": 2017
            },
            "weight": {
                "kilograms": "83.9",
                "pounds": "185"
            }
        },
        {
            "affiliation": "Wisconsin/USA",
            "birth": {
                "country": "USA",
                "date": "1994-12-16"
            },
            "college": "Wisconsin",
            "firstname": "Nigel",
            "height": {
                "feets": "6",
                "inches": "7",
                "meters": "2.01"
            },
            "id": 792,
            "lastname": "Hayes",
            "leagues": {
                "sacramento": {
                    "active": true,
                    "jersey": 40,
                    "pos": "F"
                },
                "standard": {
                    "active": true,
                    "jersey": 40,
                    "pos": "F"
                },
                "vegas": {
                    "active": true,
                    "jersey": 28,
                    "pos": "F"
                }
            },
            "nba": {
                "pro": 1,
                "start": 2017
            },
            "weight": {
                "kilograms": "115.2",
                "pounds": "254"
            }
        },
        {
            "affiliation": null,
            "birth": {
                "country": null,
                "date": null
            },
            "college": null,
            "firstname": "Jerome",
            "height": {
                "feets": null,
                "inches": null,
                "meters": null
            },
            "id": 1019,
            "lastname": "Robinson",
            "leagues": {
                "standard": {
                    "active": true,
                    "jersey": 8,
                    "pos": "G"
                },
                "vegas": {
                    "active": true,
                    "jersey": 13,
                    "pos": "G"
                }
            },
            "nba": {
                "pro": 0,
                "start": 0
            },
            "weight": {
                "kilograms": null,
                "pounds": null
            }
        },
        {
            "affiliation": "Wichita State/USA",
            "birth": {
                "country": "USA",
                "date": "1997-03-13"
            },
            "college": "Wichita State",
            "firstname": "Landry",
            "height": {
                "feets": "6",
                "inches": "4",
                "meters": "1.93"
            },
            "id": 1022,
            "lastname": "Shamet",
            "leagues": {
                "standard": {
                    "active": true,
                    "jersey": 14,
                    "pos": "G"
                },
                "vegas": {
                    "active": true,
                    "jersey": 5,
                    "pos": "G"
                }
            },
            "nba": {
                "pro": 3,
                "start": 2018
            },
            "weight": {
                "kilograms": "86.2",
                "pounds": "190"
            }
        },
        {
            "affiliation": "Syracuse/Canada",
            "birth": {
                "country": "Canada",
                "date": "1998-06-20"
            },
            "college": "Syracuse",
            "firstname": "Oshae",
            "height": {
                "feets": "6",
                "inches": "7",
                "meters": "2.01"
            },
            "id": 2110,
            "lastname": "Brissett",
            "leagues": {
                "standard": {
                    "active": true,
                    "jersey": 12,
                    "pos": "F-G"
                },
                "vegas": {
                    "active": true,
                    "jersey": 12,
                    "pos": "F"
                }
            },
            "nba": {
                "pro": 2,
                "start": 2019
            },
            "weight": {
                "kilograms": "95.3",
                "pounds": "210"
            }
        },
        {
            "affiliation": null,
            "birth": {
                "country": null,
                "date": null
            },
            "college": null,
            "firstname": "Donte",
            "height": {
                "feets": null,
                "inches": null,
                "meters": null
            },
            "id": 1809,
            "lastname": "Grantham",
            "leagues": {
                "standard": {
                    "active": false,
                    "jersey": null,
                    "pos": null
                },
                "vegas": {
                    "active": true,
                    "jersey": 15,
                    "pos": "F"
                }
            },
            "nba": {
                "pro": 0,
                "start": 0
            },
            "weight": {
                "kilograms": null,
                "pounds": null
            }
        },
        {
            "affiliation": null,
            "birth": {
                "country": null,
                "date": null
            },
            "college": null,
            "firstname": "Terry",
            "height": {
                "feets": null,
                "inches": null,
                "meters": null
            },
            "id": 1486,
            "lastname": "Larrier",
            "leagues": {
                "standard": {
                    "active": false,
                    "jersey": 11,
                    "pos": null
                },
                "utah": {
                    "active": true,
                    "jersey": 23,
                    "pos": "F"
                },
                "vegas": {
                    "active": true,
                    "jersey": 23,
                    "pos": "F"
                }
            },
            "nba": {
                "pro": 0,
                "start": 0
            },
            "weight": {
                "kilograms": null,
                "pounds": null
            }
        },
        {
            "affiliation": "Xavier/USA",
            "birth": {
                "country": "USA",
                "date": "1996-11-08"
            },
            "college": "Xavier",
            "firstname": "Kaiser",
            "height": {
                "feets": "6",
                "inches": "7",
                "meters": "2.01"
            },
            "id": 1071,
            "lastname": "Gates",
            "leagues": {
                "standard": {
                    "active": true,
                    "jersey": 30,
                    "pos": "F"
                },
                "vegas": {
                    "active": true,
                    "jersey": 22,
                    "pos": "F"
                }
            },
            "nba": {
                "pro": 0,
                "start": 0
            },
            "weight": {
                "kilograms": "102.1",
                "pounds": "225"
            }
        },
        {
            "affiliation": null,
            "birth": {
                "country": null,
                "date": null
            },
            "college": null,
            "firstname": "Isaac",
            "height": {
                "feets": null,
                "inches": null,
                "meters": null
            },
            "id": 1829,
            "lastname": "Humphries",
            "leagues": {
                "standard": {
                    "active": false,
                    "jersey": 15,
                    "pos": null
                },
                "vegas": {
                    "active": true,
                    "jersey": 37,
                    "pos": "C"
                }
            },
            "nba": {
                "pro": 0,
                "start": 0
            },
            "weight": {
                "kilograms": null,
                "pounds": null
            }
        },
        {
            "affiliation": "Minnesota/USA",
            "birth": {
                "country": "USA",
                "date": "1997-06-17"
            },
            "college": "Minnesota",
            "firstname": "Amir",
            "height": {
                "feets": "6",
                "inches": "7",
                "meters": "2.01"
            },
            "id": 2115,
            "lastname": "Coffey",
            "leagues": {
                "standard": {
                    "active": true,
                    "jersey": 7,
                    "pos": "G-F"
                },
                "vegas": {
                    "active": true,
                    "jersey": 7,
                    "pos": "G-F"
                }
            },
            "nba": {
                "pro": 2,
                "start": 2019
            },
            "weight": {
                "kilograms": "95.3",
                "pounds": "210"
            }
        },
        {
            "affiliation": "Florida State/USA",
            "birth": {
                "country": "USA",
                "date": "1996-10-18"
            },
            "college": "Florida State",
            "firstname": "Terance",
            "height": {
                "feets": "6",
                "inches": "5",
                "meters": "1.96"
            },
            "id": 1877,
            "lastname": "Mann",
            "leagues": {
                "standard": {
                    "active": true,
                    "jersey": 14,
                    "pos": "G-F"
                },
                "vegas": {
                    "active": true,
                    "jersey": 14,
                    "pos": "G"
                }
            },
            "nba": {
                "pro": 2,
                "start": 2019
            },
            "weight": {
                "kilograms": "97.5",
                "pounds": "215"
            }
        },
        {
            "affiliation": null,
            "birth": {
                "country": null,
                "date": null
            },
            "college": null,
            "firstname": "James",
            "height": {
                "feets": null,
                "inches": null,
                "meters": null
            },
            "id": 2203,
            "lastname": "Palmer Jr.",
            "leagues": {
                "standard": {
                    "active": false,
                    "jersey": 12,
                    "pos": null
                },
                "utah": {
                    "active": true,
                    "jersey": 42,
                    "pos": "G"
                },
                "vegas": {
                    "active": true,
                    "jersey": 42,
                    "pos": "G"
                }
            },
            "nba": {
                "pro": 0,
                "start": 0
            },
            "weight": {
                "kilograms": null,
                "pounds": null
            }
        },
        {
            "affiliation": null,
            "birth": {
                "country": null,
                "date": null
            },
            "college": null,
            "firstname": "Mfiondu",
            "height": {
                "feets": null,
                "inches": null,
                "meters": null
            },
            "id": 1873,
            "lastname": "Kabengele",
            "leagues": {
                "standard": {
                    "active": true,
                    "jersey": 27,
                    "pos": "C"
                },
                "vegas": {
                    "active": true,
                    "jersey": 28,
                    "pos": "F-C"
                }
            },
            "nba": {
                "pro": 0,
                "start": 0
            },
            "weight": {
                "kilograms": null,
                "pounds": null
            }
        },
        {
            "affiliation": null,
            "birth": {
                "country": null,
                "date": null
            },
            "college": null,
            "firstname": "B.J.",
            "height": {
                "feets": null,
                "inches": null,
                "meters": null
            },
            "id": 2549,
            "lastname": "Taylor",
            "leagues": {
                "standard": {
                    "active": false,
                    "jersey": 31,
                    "pos": null
                }
            },
            "nba": {
                "pro": 0,
                "start": 0
            },
            "weight": {
                "kilograms": null,
                "pounds": null
            }
        },
        {
            "affiliation": null,
            "birth": {
                "country": null,
                "date": null
            },
            "college": null,
            "firstname": "Joakim",
            "height": {
                "feets": null,
                "inches": null,
                "meters": null
            },
            "id": 393,
            "lastname": "Noah",
            "leagues": {
                "standard": {
                    "active": true,
                    "jersey": 55,
                    "pos": "F-C"
                }
            },
            "nba": {
                "pro": 0,
                "start": 0
            },
            "weight": {
                "kilograms": null,
                "pounds": null
            }
        },
        {
            "affiliation": "Arkansas/USA",
            "birth": {
                "country": "USA",
                "date": "1988-07-12"
            },
            "college": "Arkansas",
            "firstname": "Patrick",
            "height": {
                "feets": "6",
                "inches": "1",
                "meters": "1.85"
            },
            "id": 53,
            "lastname": "Beverley",
            "leagues": {
                "standard": {
                    "active": true,
                    "jersey": 21,
                    "pos": "G"
                }
            },
            "nba": {
                "pro": 9,
                "start": 2012
            },
            "weight": {
                "kilograms": "81.6",
                "pounds": "180"
            }
        },
        {
            "affiliation": "Fresno State/USA",
            "birth": {
                "country": "USA",
                "date": "1990-05-02"
            },
            "college": "Fresno State",
            "firstname": "Paul",
            "height": {
                "feets": "6",
                "inches": "8",
                "meters": "2.03"
            },
            "id": 189,
            "lastname": "George",
            "leagues": {
                "standard": {
                    "active": true,
                    "jersey": 13,
                    "pos": "F"
                }
            },
            "nba": {
                "pro": 11,
                "start": 2010
            },
            "weight": {
                "kilograms": "99.8",
                "pounds": "220"
            }
        },
        {
            "affiliation": null,
            "birth": {
                "country": null,
                "date": null
            },
            "college": null,
            "firstname": "Patrick",
            "height": {
                "feets": null,
                "inches": null,
                "meters": null
            },
            "id": 414,
            "lastname": "Patterson",
            "leagues": {
                "standard": {
                    "active": false,
                    "jersey": 54,
                    "pos": null
                }
            },
            "nba": {
                "pro": 0,
                "start": 0
            },
            "weight": {
                "kilograms": null,
                "pounds": null
            }
        },
        {
            "affiliation": "Kansas/USA",
            "birth": {
                "country": "USA",
                "date": "1989-09-02"
            },
            "college": "Kansas",
            "firstname": "Marcus",
            "height": {
                "feets": "6",
                "inches": "8",
                "meters": "2.03"
            },
            "id": 373,
            "lastname": "Morris Sr.",
            "leagues": {
                "standard": {
                    "active": true,
                    "jersey": 8,
                    "pos": "F"
                }
            },
            "nba": {
                "pro": 10,
                "start": 2011
            },
            "weight": {
                "kilograms": "98.9",
                "pounds": "218"
            }
        },
        {
            "affiliation": "San Diego State/USA",
            "birth": {
                "country": "USA",
                "date": "1991-06-29"
            },
            "college": "San Diego State",
            "firstname": "Kawhi",
            "height": {
                "feets": "6",
                "inches": "7",
                "meters": "2.01"
            },
            "id": 314,
            "lastname": "Leonard",
            "leagues": {
                "standard": {
                    "active": true,
                    "jersey": 2,
                    "pos": "F"
                }
            },
            "nba": {
                "pro": 10,
                "start": 2011
            },
            "weight": {
                "kilograms": "102.1",
                "pounds": "225"
            }
        },
        {
            "affiliation": "Boston College/USA",
            "birth": {
                "country": "USA",
                "date": "1990-04-16"
            },
            "college": "Boston College",
            "firstname": "Reggie",
            "height": {
                "feets": "6",
                "inches": "2",
                "meters": "1.88"
            },
            "id": 264,
            "lastname": "Jackson",
            "leagues": {
                "standard": {
                    "active": true,
                    "jersey": 1,
                    "pos": "G"
                }
            },
            "nba": {
                "pro": 10,
                "start": 2011
            },
            "weight": {
                "kilograms": "94.3",
                "pounds": "208"
            }
        },
        {
            "affiliation": "St. John's/USA",
            "birth": {
                "country": "USA",
                "date": "1993-05-11"
            },
            "college": "St. John's, N.Y.",
            "firstname": "Maurice",
            "height": {
                "feets": "6",
                "inches": "7",
                "meters": "2.01"
            },
            "id": 217,
            "lastname": "Harkless",
            "leagues": {
                "standard": {
                    "active": false,
                    "jersey": 7,
                    "pos": null
                }
            },
            "nba": {
                "pro": 9,
                "start": 2012
            },
            "weight": {
                "kilograms": "99.8",
                "pounds": "220"
            }
        },
        {
            "affiliation": "Alabama/USA",
            "birth": {
                "country": "USA",
                "date": "1990-06-21"
            },
            "college": "Alabama",
            "firstname": "JaMychal",
            "height": {
                "feets": "6",
                "inches": "8",
                "meters": "2.03"
            },
            "id": 206,
            "lastname": "Green",
            "leagues": {
                "standard": {
                    "active": true,
                    "jersey": 1,
                    "pos": "F-C"
                }
            },
            "nba": {
                "pro": 7,
                "start": 2014
            },
            "weight": {
                "kilograms": "103.0",
                "pounds": "227"
            }
        },
        {
            "affiliation": "Kansas State/USA",
            "birth": {
                "country": "USA",
                "date": "1991-07-29"
            },
            "college": "Kansas State",
            "firstname": "Rodney",
            "height": {
                "feets": "6",
                "inches": "4",
                "meters": "1.93"
            },
            "id": 354,
            "lastname": "McGruder",
            "leagues": {
                "standard": {
                    "active": true,
                    "jersey": 17,
                    "pos": "G"
                }
            },
            "nba": {
                "pro": 5,
                "start": 2016
            },
            "weight": {
                "kilograms": "93.0",
                "pounds": "205"
            }
        },
        {
            "affiliation": null,
            "birth": {
                "country": null,
                "date": null
            },
            "college": null,
            "firstname": "Tramaine",
            "height": {
                "feets": null,
                "inches": null,
                "meters": null
            },
            "id": 2339,
            "lastname": "Isabell",
            "leagues": {
                "vegas": {
                    "active": true,
                    "jersey": 38,
                    "pos": "G"
                }
            },
            "nba": {
                "pro": 0,
                "start": 0
            },
            "weight": {
                "kilograms": null,
                "pounds": null
            }
        }
    ],
    "results": 32
}