{
    "errors": [],
    "get": "players/",
    "parameters": {
        "season": "2023",
        "team": "16"
    },
    "response": [
        {
            "affiliation": "UCLA/USA",
            "birth": {
                "country": "USA",
                "date": "1993-05-25"
            },
            "college": "UCLA",
            "firstname": "Norman",
            "height": {
                "feets": "6",
                "inches": "3",
                "meters": "1.9"
            },
            "id": 434,
            "lastname": "Powell",
            "leagues": {
                "standard": {
                    "active": true,
                    "jersey": 24,
                    "pos": "G"
                }
            },
            "nba": {
                "pro": 6,
                "start": 2015
            },
            "weight": {
                "kilograms": "97.5",
                "pounds": "215"
            }
        },
        {
            "affiliation": "Mega Basket/Croatia",
            "birth": {
                "country": "Croatia",
                "date": "1997-03-18"
            },
            "college": "Mega Basket",
            "firstname": "Ivica",
            "height": {
                "feets": "7",
                "inches": "0",
                "meters": "2.13"
            },
            "id": 575,
            "lastname": "Zubac",
            "leagues": {
                "standard": {
                    "active": true,
                    "jersey": 40,
                    "pos": "C"
                }
            },
            "nba": {
                "pro": 5,
                "start": 2016
            },
            "weight": {
                "kilograms": "108.9",
                "pounds": "240"
            }
        },
        {
            "affiliation": "Brose Bamberg/Germany",
            "birth": {
                "country": "Germany",
                "date": "1992-04-04"
            },
            "college": "Brose Bamberg",
            "firstname": "Daniel",
            "height": {
                "feets": "6",
                "inches": "9",
                "meters": "2.06"
            },
            "id": 886,
            "lastname": "Theis",
            "leagues": {
                "standard": {
                    "active": true,
                    "jersey": 27,
                    "pos": "F-C"
                }
            },
            "nba": {
                "pro": 4,
                "start": 2017
            },
            "weight": {
                "kilograms": "111.1",
                "pounds": "245"
            }
        },
        {
            "affiliation": "Minnesota/USA",
            "birth": {
                "country": "USA",
                "date": "1997-06-17"
            },
            "college": "Minnesota",
            "firstname": "Amir",
            "height": {
                "feets": "6",
                "inches": "7",
                "meters": "2.01"
            },
            "id": 2115,
            "lastname": "Coffey",
            "leagues": {
                "standard": {
                    "active": true,
                    "jersey": 7,
                    "pos": "G-F"
                },
                "vegas": {
                    "active": true,
                    "jersey": 7,
                    "pos": "G-F"
                }
            },
            "nba": {
                "pro": 2,
                "start": 2019
            },
            "weight": {
                "kilograms": "95.3",
                "pounds": "210"
            }
        },
        {
            "affiliation": "Florida State/USA",
            "birth": {
                "country": "USA",
                "date": "1996-10-18"
            },
            "college": "Florida State",
            "firstname": "Terance",
            "height": {
                "feets": "6",
                "inches": "5",
                "meters": "1.96"
            },
            "id": 1877,
            "lastname": "Mann",
            "leagues": {
                "standard": {
                    "active": true,
                    "jersey": 14,
                    "pos": "G-F"
                },
                "vegas": {
                    "active": true,
                    "jersey": 14,
                    "pos": "G"
                }
            },
            "nba": {
                "pro": 2,
                "start": 2019
            },
            "weight": {
                "kilograms": "97.5",
                "pounds": "215"
            }
        },
        {
            "affiliation": "Morehead State/USA",
            "birth": {
                "country": "USA",
                "date": "1995-01-02"
            },
            "college": "Morehead State",
            "firstname": "Xavier",
            "height": {
                "feets": "6",
                "inches": "2",
                "meters": "1.88"
            },
            "id": 3396,
            "lastname": "Moon",
            "leagues": {
                "standard": {
                    "active": true,
                    "jersey": 15,
                    "pos": "G"
                },
                "vegas": {
                    "active": true,
                    "jersey": 15,
                    "pos": "G"
                }
            },
            "nba": {
                "pro": 0,
                "start": 2021
            },
            "weight": {
                "kilograms": "74.8",
                "pounds": "165"
            }
        },
        {
            "affiliation": "Gonzaga/Serbia",
            "birth": {
                "country": "Serbia",
                "date": "2000-04-15"
            },
            "college": "Gonzaga",
            "firstname": "Filip",
            "height": {
                "feets": "6",
                "inches": "11",
                "meters": "2.11"
            },
            "id": 2839,
            "lastname": "Petrusev",
            "leagues": {
                "standard": {
                    "active": true,
                    "jersey": null,
                    "pos": "C"
                },
                "utah": {
                    "active": true,
                    "jersey": 33,
                    "pos": "F"
                },
                "vegas": {
                    "active": true,
                    "jersey": 33,
                    "pos": "F"
                }
            },
            "nba": {
                "pro": 0,
                "start": 0
            },
            "weight": {
                "kilograms": "102.1",
                "pounds": "225"
            }
        },
        {
            "affiliation": "IMG Academy (FL)/USA",
            "birth": {
                "country": "USA",
                "date": "2001-01-06"
            },
            "college": "IMG Academy (FL)",
            "firstname": "Kenyon",
            "height": {
                "feets": "6",
                "inches": "5",
                "meters": "1.96"
            },
            "id": 2617,
            "lastname": "Martin Jr.",
            "leagues": {
                "standard": {
                    "active": true,
                    "jersey": 6,
                    "pos": "F"
                },
                "vegas": {
                    "active": true,
                    "jersey": 6,
                    "pos": "F"
                }
            },
            "nba": {
                "pro": 1,
                "start": 2020
            },
            "weight": {
                "kilograms": "97.5",
                "pounds": "215"
            }
        },
        {
            "affiliation": "Kentucky/USA",
            "birth": {
                "country": "USA",
                "date": "2001-11-28"
            },
            "college": "Kentucky",
            "firstname": "Brandon",
            "height": {
                "feets": "6",
                "inches": "6",
                "meters": "1.98"
            },
            "id": 2792,
            "lastname": "Boston Jr.",
            "leagues": {
                "standard": {
                    "active": true,
                    "jersey": 4,
                    "pos": "G"
                },
                "vegas": {
                    "active": true,
                    "jersey": 4,
                    "pos": "G-F"
                }
            },
            "nba": {
                "pro": 0,
                "start": 2021
            },
            "weight": {
                "kilograms": "85.3",
                "pounds": "188"
            }
        },
        {
            "affiliation": "Virginia Commonwealth/USA",
            "birth": {
                "country": "USA",
                "date": "2000-09-14"
            },
            "college": "Virginia Commonwealth",
            "firstname": "Bones",
            "height": {
                "feets": "6",
                "inches": "2",
                "meters": "1.88"
            },
            "id": 2816,
            "lastname": "Hyland",
            "leagues": {
                "standard": {
                    "active": true,
                    "jersey": 3,
                    "pos": "G"
                },
                "vegas": {
                    "active": true,
                    "jersey": 4,
                    "pos": "G"
                }
            },
            "nba": {
                "pro": 0,
                "start": 2021
            },
            "weight": {
                "kilograms": "76.7",
                "pounds": "169"
            }
        },
        {
            "affiliation": "Alabama/Canada",
            "birth": {
                "country": "Canada",
                "date": "2002-12-24"
            },
            "college": "Alabama",
            "firstname": "Joshua",
            "height": {
                "feets": "6",
                "inches": "4",
                "meters": "1.93"
            },
            "id": 2843,
            "lastname": "Primo",
            "leagues": {
                "standard": {
                    "active": true,
                    "jersey": 11,
                    "pos": "G"
                },
                "utah": {
                    "active": true,
                    "jersey": 11,
                    "pos": "G"
                },
                "vegas": {
                    "active": true,
                    "jersey": 11,
                    "pos": "G"
                }
            },
            "nba": {
                "pro": 0,
                "start": 2021
            },
            "weight": {
                "kilograms": "85.7",
                "pounds": "189"
            }
        },
        {
            "affiliation": null,
            "birth": {
                "country": null,
                "date": null
            },
            "college": null,
            "firstname": "Moussa",
            "height": {
                "feets": null,
                "inches": null,
                "meters": null
            },
            "id": 3431,
            "lastname": "Diabate",
            "leagues": {
                "standard": {
                    "active": true,
                    "jersey": 25,
                    "pos": "F"
                },
                "vegas": {
                    "active": true,
                    "jersey": 25,
                    "pos": "F-C"
                }
            },
            "nba": {
                "pro": 0,
                "start": 0
            },
            "weight": {
                "kilograms": null,
                "pounds": null
            }
        },
        {
            "affiliation": null,
            "birth": {
                "country": null,
                "date": null
            },
            "college": "Missouri",
            "firstname": "Kobe",
            "height": {
                "feets": "6",
                "inches": null,
                "meters": null
            },
            "id": 3983,
            "lastname": "Brown",
            "leagues": {
                "standard": {
                    "active": true,
                    "jersey": 21,
                    "pos": "G"
                }
            },
            "nba": {
                "pro": 0,
                "start": 0
            },
            "weight": {
                "kilograms": null,
                "pounds": "250"
            }
        },
        {
            "affiliation": null,
            "birth": {
                "country": null,
                "date": null
            },
            "college": "Miami",
            "firstname": "Jordan",
            "height": {
                "feets": "6",
                "inches": null,
                "meters": null
            },
            "id": 3984,
            "lastname": "Miller",
            "leagues": {
                "standard": {
                    "active": true,
                    "jersey": null,
                    "pos": "G"
                }
            },
            "nba": {
                "pro": 0,
                "start": 0
            },
            "weight": {
                "kilograms": null,
                "pounds": "195"
            }
        },
        {
            "affiliation": null,
            "birth": {
                "country": null,
                "date": null
            },
            "college": "Texas Tech",
            "firstname": "Bryson",
            "height": {
                "feets": "6",
                "inches": null,
                "meters": null
            },
            "id": 3985,
            "lastname": "Williams",
            "leagues": {
                "standard": {
                    "active": true,
                    "jersey": 41,
                    "pos": "F"
                }
            },
            "nba": {
                "pro": 0,
                "start": 0
            },
            "weight": {
                "kilograms": null,
                "pounds": "240"
            }
        },
        {
            "affiliation": "Texas/USA",
            "birth": {
                "country": "USA",
                "date": "1985-05-05"
            },
            "college": "Texas",
            "firstname": "P.J.",
            "height": {
                "feets": "6",
                "inches": "5",
                "meters": "1.96"
            },
            "id": 520,
            "lastname": "Tucker",
            "leagues": {
                "standard": {
                    "active": true,
                    "jersey": 17,
                    "pos": "F"
                }
            },
            "nba": {
                "pro": 10,
                "start": 2006
            },
            "weight": {
                "kilograms": "111.1",
                "pounds": "245"
            }
        },
        {
            "affiliation": "UCLA/USA",
            "birth": {
                "country": "USA",
                "date": "1988-11-12"
            },
            "college": "UCLA",
            "firstname": "Russell",
            "height": {
                "feets": "6",
                "inches": "3",
                "meters": "1.9"
            },
            "id": 544,
            "lastname": "Westbrook",
            "leagues": {
                "standard": {
                    "active": true,
                    "jersey": null,
                    "pos": "G"
                }
            },
            "nba": {
                "pro": 13,
                "start": 2008
            },
            "weight": {
                "kilograms": "90.7",
                "pounds": "200"
            }
        },
        {
            "affiliation": "Le Mans/France",
            "birth": {
                "country": "France",
                "date": "1988-12-14"
            },
            "college": "Le Mans",
            "firstname": "Nicolas",
            "height": {
                "feets": "6",
                "inches": "8",
                "meters": "2.03"
            },
            "id": 40,
            "lastname": "Batum",
            "leagues": {
                "standard": {
                    "active": true,
                    "jersey": 33,
                    "pos": "G-F"
                }
            },
            "nba": {
                "pro": 13,
                "start": 2008
            },
            "weight": {
                "kilograms": "104.3",
                "pounds": "230"
            }
        },
        {
            "affiliation": "Arizona State/USA",
            "birth": {
                "country": "USA",
                "date": "1989-08-26"
            },
            "college": "Arizona State",
            "firstname": "James",
            "height": {
                "feets": "6",
                "inches": "5",
                "meters": "1.96"
            },
            "id": 216,
            "lastname": "Harden",
            "leagues": {
                "standard": {
                    "active": true,
                    "jersey": 1,
                    "pos": "G"
                }
            },
            "nba": {
                "pro": 12,
                "start": 2009
            },
            "weight": {
                "kilograms": "99.8",
                "pounds": "220"
            }
        },
        {
            "affiliation": "Fresno State/USA",
            "birth": {
                "country": "USA",
                "date": "1990-05-02"
            },
            "college": "Fresno State",
            "firstname": "Paul",
            "height": {
                "feets": "6",
                "inches": "8",
                "meters": "2.03"
            },
            "id": 189,
            "lastname": "George",
            "leagues": {
                "standard": {
                    "active": true,
                    "jersey": 13,
                    "pos": "F"
                }
            },
            "nba": {
                "pro": 11,
                "start": 2010
            },
            "weight": {
                "kilograms": "99.8",
                "pounds": "220"
            }
        },
        {
            "affiliation": "San Diego State/USA",
            "birth": {
                "country": "USA",
                "date": "1991-06-29"
            },
            "college": "San Diego State",
            "firstname": "Kawhi",
            "height": {
                "feets": "6",
                "inches": "7",
                "meters": "2.01"
            },
            "id": 314,
            "lastname": "Leonard",
            "leagues": {
                "standard": {
                    "active": true,
                    "jersey": 2,
                    "pos": "F"
                }
            },
            "nba": {
                "pro": 10,
                "start": 2011
            },
            "weight": {
                "kilograms": "102.1",
                "pounds": "225"
            }
        },
        {
            "affiliation": "Duke/USA",
            "birth": {
                "country": "USA",
                "date": "1990-03-05"
            },
            "college": "Duke",
            "firstname": "Mason",
            "height": {
                "feets": "6",
                "inches": "11",
                "meters": "2.11"
            },
            "id": 426,
            "lastname": "Plumlee",
            "leagues": {
                "standard": {
                    "active": true,
                    "jersey": 24,
                    "pos": "F-C"
                }
            },
            "nba": {
                "pro": 8,
                "start": 2013
            },
            "weight": {
                "kilograms": "115.2",
                "pounds": "254"
            }
        },
        {
            "affiliation": "Tennessee State/USA",
            "birth": {
                "country": "USA",
                "date": "1990-12-14"
            },
            "college": "Tennessee State",
            "firstname": "Robert",
            "height": {
                "feets": "6",
                "inches": "7",
                "meters": "2.01"
            },
            "id": 118,
            "lastname": "Covington",
            "leagues": {
                "standard": {
                    "active": true,
                    "jersey": 23,
                    "pos": "F"
                }
            },
            "nba": {
                "pro": 8,
                "start": 2013
            },
            "weight": {
                "kilograms": "94.8",
                "pounds": "209"
            }
        }
    ],
    "results": 23
}