{
    "errors": [],
    "get": "players/",
    "parameters": {
        "season": "2019",
        "team": "17"
    },
    "response": [
        {
            "affiliation": null,
            "birth": {
                "country": null,
                "date": null
            },
            "college": null,
            "firstname": "Quinn",
            "height": {
                "feets": null,
                "inches": null,
                "meters": null
            },
            "id": 581,
            "lastname": "Cook",
            "leagues": {
                "standard": {
                    "active": true,
                    "jersey": 28,
                    "pos": "G"
                }
            },
            "nba": {
                "pro": 0,
                "start": 0
            },
            "weight": {
                "kilograms": null,
                "pounds": null
            }
        },
        {
            "affiliation": "Oregon/USA",
            "birth": {
                "country": "USA",
                "date": "1992-06-27"
            },
            "college": "Oregon",
            "firstname": "Joe",
            "height": {
                "feets": "6",
                "inches": "2",
                "meters": "1.88"
            },
            "id": 568,
            "lastname": "Young",
            "leagues": {
                "sacramento": {
                    "active": true,
                    "jersey": null,
                    "pos": "G"
                },
                "standard": {
                    "active": true,
                    "jersey": 3,
                    "pos": "G"
                },
                "vegas": {
                    "active": true,
                    "jersey": null,
                    "pos": "G"
                }
            },
            "nba": {
                "pro": 3,
                "start": 2015
            },
            "weight": {
                "kilograms": "83.9",
                "pounds": "185"
            }
        },
        {
            "affiliation": null,
            "birth": {
                "country": null,
                "date": null
            },
            "college": null,
            "firstname": "Jaron",
            "height": {
                "feets": null,
                "inches": null,
                "meters": null
            },
            "id": 2001,
            "lastname": "Johnson",
            "leagues": {
                "sacramento": {
                    "active": true,
                    "jersey": 2,
                    "pos": "G"
                },
                "vegas": {
                    "active": true,
                    "jersey": 2,
                    "pos": "G"
                }
            },
            "nba": {
                "pro": 0,
                "start": 0
            },
            "weight": {
                "kilograms": null,
                "pounds": null
            }
        },
        {
            "affiliation": null,
            "birth": {
                "country": null,
                "date": null
            },
            "college": null,
            "firstname": "Demetrius",
            "height": {
                "feets": null,
                "inches": null,
                "meters": null
            },
            "id": 263,
            "lastname": "Jackson",
            "leagues": {
                "standard": {
                    "active": false,
                    "jersey": 20,
                    "pos": null
                },
                "vegas": {
                    "active": true,
                    "jersey": 50,
                    "pos": "G"
                }
            },
            "nba": {
                "pro": 0,
                "start": 0
            },
            "weight": {
                "kilograms": null,
                "pounds": null
            }
        },
        {
            "affiliation": null,
            "birth": {
                "country": null,
                "date": null
            },
            "college": null,
            "firstname": "Rosco",
            "height": {
                "feets": null,
                "inches": null,
                "meters": null
            },
            "id": 1906,
            "lastname": "Allen",
            "leagues": {
                "sacramento": {
                    "active": true,
                    "jersey": 3,
                    "pos": "F"
                }
            },
            "nba": {
                "pro": 0,
                "start": 0
            },
            "weight": {
                "kilograms": null,
                "pounds": null
            }
        },
        {
            "affiliation": "Texas A&M/USA",
            "birth": {
                "country": "USA",
                "date": "1994-02-28"
            },
            "college": "Texas A&M",
            "firstname": "Alex",
            "height": {
                "feets": "6",
                "inches": "5",
                "meters": "1.96"
            },
            "id": 631,
            "lastname": "Caruso",
            "leagues": {
                "sacramento": {
                    "active": true,
                    "jersey": 4,
                    "pos": "G"
                },
                "standard": {
                    "active": true,
                    "jersey": 6,
                    "pos": "G"
                },
                "vegas": {
                    "active": true,
                    "jersey": 4,
                    "pos": "G"
                }
            },
            "nba": {
                "pro": 4,
                "start": 2017
            },
            "weight": {
                "kilograms": "84.4",
                "pounds": "186"
            }
        },
        {
            "affiliation": "Utah/USA",
            "birth": {
                "country": "USA",
                "date": "1995-07-24"
            },
            "college": "Utah",
            "firstname": "Kyle",
            "height": {
                "feets": "6",
                "inches": "9",
                "meters": "2.06"
            },
            "id": 820,
            "lastname": "Kuzma",
            "leagues": {
                "standard": {
                    "active": true,
                    "jersey": 33,
                    "pos": "F"
                }
            },
            "nba": {
                "pro": 4,
                "start": 2017
            },
            "weight": {
                "kilograms": "100.2",
                "pounds": "221"
            }
        },
        {
            "affiliation": null,
            "birth": {
                "country": null,
                "date": null
            },
            "college": null,
            "firstname": "Kostas",
            "height": {
                "feets": null,
                "inches": null,
                "meters": null
            },
            "id": 928,
            "lastname": "Antetokounmpo",
            "leagues": {
                "standard": {
                    "active": true,
                    "jersey": 37,
                    "pos": "F"
                },
                "vegas": {
                    "active": true,
                    "jersey": 37,
                    "pos": "F"
                }
            },
            "nba": {
                "pro": 0,
                "start": 0
            },
            "weight": {
                "kilograms": null,
                "pounds": null
            }
        },
        {
            "affiliation": null,
            "birth": {
                "country": null,
                "date": null
            },
            "college": null,
            "firstname": "Jeffrey",
            "height": {
                "feets": null,
                "inches": null,
                "meters": null
            },
            "id": 948,
            "lastname": "Carroll",
            "leagues": {
                "sacramento": {
                    "active": true,
                    "jersey": 30,
                    "pos": "G"
                },
                "standard": {
                    "active": false,
                    "jersey": 30,
                    "pos": null
                },
                "vegas": {
                    "active": true,
                    "jersey": 30,
                    "pos": "G"
                }
            },
            "nba": {
                "pro": 0,
                "start": 0
            },
            "weight": {
                "kilograms": null,
                "pounds": null
            }
        },
        {
            "affiliation": null,
            "birth": {
                "country": null,
                "date": null
            },
            "college": null,
            "firstname": "Codi",
            "height": {
                "feets": null,
                "inches": null,
                "meters": null
            },
            "id": 1000,
            "lastname": "Miller-McIntyre",
            "leagues": {
                "sacramento": {
                    "active": true,
                    "jersey": 1,
                    "pos": "G"
                },
                "standard": {
                    "active": false,
                    "jersey": 11,
                    "pos": null
                },
                "vegas": {
                    "active": true,
                    "jersey": 1,
                    "pos": "G"
                }
            },
            "nba": {
                "pro": 0,
                "start": 0
            },
            "weight": {
                "kilograms": null,
                "pounds": null
            }
        },
        {
            "affiliation": " USA/USA",
            "birth": {
                "country": "USA",
                "date": "1996-01-06"
            },
            "college": null,
            "firstname": "Jordan",
            "height": {
                "feets": null,
                "inches": null,
                "meters": null
            },
            "id": 2058,
            "lastname": "Howard",
            "leagues": {
                "sacramento": {
                    "active": false,
                    "jersey": 15,
                    "pos": null
                },
                "vegas": {
                    "active": false,
                    "jersey": 15,
                    "pos": null
                }
            },
            "nba": {
                "pro": 0,
                "start": 0
            },
            "weight": {
                "kilograms": null,
                "pounds": null
            }
        },
        {
            "affiliation": null,
            "birth": {
                "country": null,
                "date": null
            },
            "college": null,
            "firstname": "Marcus",
            "height": {
                "feets": null,
                "inches": null,
                "meters": null
            },
            "id": 1905,
            "lastname": "Allen",
            "leagues": {
                "sacramento": {
                    "active": true,
                    "jersey": 14,
                    "pos": "G"
                },
                "standard": {
                    "active": false,
                    "jersey": 28,
                    "pos": null
                },
                "vegas": {
                    "active": true,
                    "jersey": 14,
                    "pos": "G"
                }
            },
            "nba": {
                "pro": 0,
                "start": 0
            },
            "weight": {
                "kilograms": null,
                "pounds": null
            }
        },
        {
            "affiliation": "Iowa State/USA",
            "birth": {
                "country": "USA",
                "date": "2000-11-25"
            },
            "college": "Iowa State",
            "firstname": "Talen",
            "height": {
                "feets": "6",
                "inches": "4",
                "meters": "1.93"
            },
            "id": 1867,
            "lastname": "Horton-Tucker",
            "leagues": {
                "sacramento": {
                    "active": true,
                    "jersey": 5,
                    "pos": "G"
                },
                "standard": {
                    "active": true,
                    "jersey": null,
                    "pos": "G"
                },
                "vegas": {
                    "active": true,
                    "jersey": 5,
                    "pos": "G"
                }
            },
            "nba": {
                "pro": 2,
                "start": 2019
            },
            "weight": {
                "kilograms": "106.1",
                "pounds": "234"
            }
        },
        {
            "affiliation": null,
            "birth": {
                "country": null,
                "date": null
            },
            "college": null,
            "firstname": "Zach",
            "height": {
                "feets": null,
                "inches": null,
                "meters": null
            },
            "id": 1923,
            "lastname": "Norvell Jr.",
            "leagues": {
                "sacramento": {
                    "active": true,
                    "jersey": 11,
                    "pos": "G"
                },
                "standard": {
                    "active": false,
                    "jersey": 25,
                    "pos": null
                },
                "utah": {
                    "active": true,
                    "jersey": 18,
                    "pos": "G"
                },
                "vegas": {
                    "active": true,
                    "jersey": 18,
                    "pos": "G"
                }
            },
            "nba": {
                "pro": 0,
                "start": 0
            },
            "weight": {
                "kilograms": null,
                "pounds": null
            }
        },
        {
            "affiliation": null,
            "birth": {
                "country": null,
                "date": null
            },
            "college": null,
            "firstname": "Aric",
            "height": {
                "feets": null,
                "inches": null,
                "meters": null
            },
            "id": 1917,
            "lastname": "Holman",
            "leagues": {
                "sacramento": {
                    "active": true,
                    "jersey": 35,
                    "pos": "F"
                },
                "standard": {
                    "active": true,
                    "jersey": 35,
                    "pos": "F-C"
                },
                "vegas": {
                    "active": true,
                    "jersey": 35,
                    "pos": "F-C"
                }
            },
            "nba": {
                "pro": 0,
                "start": 0
            },
            "weight": {
                "kilograms": null,
                "pounds": null
            }
        },
        {
            "affiliation": null,
            "birth": {
                "country": null,
                "date": null
            },
            "college": null,
            "firstname": "Jordan",
            "height": {
                "feets": null,
                "inches": null,
                "meters": null
            },
            "id": 1910,
            "lastname": "Caroline",
            "leagues": {
                "sacramento": {
                    "active": true,
                    "jersey": 7,
                    "pos": "F"
                },
                "standard": {
                    "active": true,
                    "jersey": 17,
                    "pos": "F-G"
                },
                "vegas": {
                    "active": true,
                    "jersey": 7,
                    "pos": "F"
                }
            },
            "nba": {
                "pro": 0,
                "start": 0
            },
            "weight": {
                "kilograms": null,
                "pounds": null
            }
        },
        {
            "affiliation": "North Carolina-Wilmington/USA",
            "birth": {
                "country": "USA",
                "date": "1996-10-08"
            },
            "college": "North Carolina-Wilmington",
            "firstname": "Devontae",
            "height": {
                "feets": "6",
                "inches": "7",
                "meters": "2.01"
            },
            "id": 2387,
            "lastname": "Cacok",
            "leagues": {
                "sacramento": {
                    "active": true,
                    "jersey": 12,
                    "pos": "F-C"
                },
                "standard": {
                    "active": true,
                    "jersey": 18,
                    "pos": "F"
                },
                "vegas": {
                    "active": true,
                    "jersey": 12,
                    "pos": "F-C"
                }
            },
            "nba": {
                "pro": 2,
                "start": 2019
            },
            "weight": {
                "kilograms": "108.9",
                "pounds": "240"
            }
        },
        {
            "affiliation": "Kentucky/USA",
            "birth": {
                "country": "USA",
                "date": "1986-02-22"
            },
            "college": "Kentucky",
            "firstname": "Rajon",
            "height": {
                "feets": "6",
                "inches": "1",
                "meters": "1.85"
            },
            "id": 455,
            "lastname": "Rondo",
            "leagues": {
                "standard": {
                    "active": true,
                    "jersey": 1,
                    "pos": "G"
                }
            },
            "nba": {
                "pro": 15,
                "start": 2006
            },
            "weight": {
                "kilograms": "81.6",
                "pounds": "180"
            }
        },
        {
            "affiliation": "Boston College/USA",
            "birth": {
                "country": "USA",
                "date": "1985-07-10"
            },
            "college": "Boston College",
            "firstname": "Jared",
            "height": {
                "feets": "6",
                "inches": "6",
                "meters": "1.98"
            },
            "id": 148,
            "lastname": "Dudley",
            "leagues": {
                "standard": {
                    "active": true,
                    "jersey": 10,
                    "pos": "F"
                }
            },
            "nba": {
                "pro": 14,
                "start": 2007
            },
            "weight": {
                "kilograms": "107.5",
                "pounds": "237"
            }
        },
        {
            "affiliation": "Nevada/USA",
            "birth": {
                "country": "USA",
                "date": "1988-01-19"
            },
            "college": "Nevada",
            "firstname": "JaVale",
            "height": {
                "feets": "7",
                "inches": "0",
                "meters": "2.13"
            },
            "id": 353,
            "lastname": "McGee",
            "leagues": {
                "africa": {
                    "active": true,
                    "jersey": 7,
                    "pos": "C"
                },
                "standard": {
                    "active": true,
                    "jersey": null,
                    "pos": "C-F"
                }
            },
            "nba": {
                "pro": 13,
                "start": 2008
            },
            "weight": {
                "kilograms": "122.5",
                "pounds": "270"
            }
        },
        {
            "affiliation": "North Carolina/USA",
            "birth": {
                "country": "USA",
                "date": "1987-06-22"
            },
            "college": "North Carolina",
            "firstname": "Danny",
            "height": {
                "feets": "6",
                "inches": "6",
                "meters": "1.98"
            },
            "id": 203,
            "lastname": "Green",
            "leagues": {
                "standard": {
                    "active": true,
                    "jersey": 14,
                    "pos": "G"
                }
            },
            "nba": {
                "pro": 12,
                "start": 2009
            },
            "weight": {
                "kilograms": "97.5",
                "pounds": "215"
            }
        },
        {
            "affiliation": "Kentucky/USA",
            "birth": {
                "country": "USA",
                "date": "1990-08-13"
            },
            "college": "Kentucky",
            "firstname": "DeMarcus",
            "height": {
                "feets": "6",
                "inches": "10",
                "meters": "2.08"
            },
            "id": 117,
            "lastname": "Cousins",
            "leagues": {
                "standard": {
                    "active": true,
                    "jersey": 4,
                    "pos": "C"
                }
            },
            "nba": {
                "pro": 10,
                "start": 2010
            },
            "weight": {
                "kilograms": "122.5",
                "pounds": "270"
            }
        },
        {
            "affiliation": "Texas-Austin/USA",
            "birth": {
                "country": "USA",
                "date": "1990-11-26"
            },
            "college": "Texas-Austin",
            "firstname": "Avery",
            "height": {
                "feets": "6",
                "inches": "3",
                "meters": "1.9"
            },
            "id": 68,
            "lastname": "Bradley",
            "leagues": {
                "standard": {
                    "active": true,
                    "jersey": 20,
                    "pos": "G"
                }
            },
            "nba": {
                "pro": 11,
                "start": 2010
            },
            "weight": {
                "kilograms": "81.6",
                "pounds": "180"
            }
        },
        {
            "affiliation": "Kansas/USA",
            "birth": {
                "country": "USA",
                "date": "1989-09-02"
            },
            "college": "Kansas",
            "firstname": "Markieff",
            "height": {
                "feets": "6",
                "inches": "9",
                "meters": "2.06"
            },
            "id": 374,
            "lastname": "Morris",
            "leagues": {
                "standard": {
                    "active": true,
                    "jersey": 13,
                    "pos": "F"
                }
            },
            "nba": {
                "pro": 10,
                "start": 2011
            },
            "weight": {
                "kilograms": "111.1",
                "pounds": "245"
            }
        },
        {
            "affiliation": "Kentucky/USA",
            "birth": {
                "country": "USA",
                "date": "1993-03-11"
            },
            "college": "Kentucky",
            "firstname": "Anthony",
            "height": {
                "feets": "6",
                "inches": "10",
                "meters": "2.08"
            },
            "id": 126,
            "lastname": "Davis",
            "leagues": {
                "standard": {
                    "active": true,
                    "jersey": 3,
                    "pos": "F-C"
                }
            },
            "nba": {
                "pro": 9,
                "start": 2012
            },
            "weight": {
                "kilograms": "114.8",
                "pounds": "253"
            }
        },
        {
            "affiliation": "Syracuse/USA",
            "birth": {
                "country": "USA",
                "date": "1991-12-10"
            },
            "college": "Syracuse",
            "firstname": "Dion",
            "height": {
                "feets": "6",
                "inches": "3",
                "meters": "1.9"
            },
            "id": 537,
            "lastname": "Waiters",
            "leagues": {
                "standard": {
                    "active": true,
                    "jersey": 18,
                    "pos": "G"
                }
            },
            "nba": {
                "pro": 8,
                "start": 2012
            },
            "weight": {
                "kilograms": "95.3",
                "pounds": "210"
            }
        },
        {
            "affiliation": "Georgia/USA",
            "birth": {
                "country": "USA",
                "date": "1993-02-18"
            },
            "college": "Georgia",
            "firstname": "Kentavious",
            "height": {
                "feets": "6",
                "inches": "5",
                "meters": "1.96"
            },
            "id": 89,
            "lastname": "Caldwell-Pope",
            "leagues": {
                "standard": {
                    "active": true,
                    "jersey": 5,
                    "pos": "G"
                }
            },
            "nba": {
                "pro": 8,
                "start": 2013
            },
            "weight": {
                "kilograms": "92.5",
                "pounds": "204"
            }
        },
        {
            "affiliation": "Virginia Commonwealth/USA",
            "birth": {
                "country": "USA",
                "date": "1991-07-15"
            },
            "college": "Virginia Commonwealth",
            "firstname": "Troy",
            "height": {
                "feets": "6",
                "inches": "4",
                "meters": "1.93"
            },
            "id": 125,
            "lastname": "Daniels",
            "leagues": {
                "standard": {
                    "active": true,
                    "jersey": 30,
                    "pos": "G"
                }
            },
            "nba": {
                "pro": 7,
                "start": 2013
            },
            "weight": {
                "kilograms": "90.7",
                "pounds": "200"
            }
        },
        {
            "affiliation": null,
            "birth": {
                "country": null,
                "date": null
            },
            "college": null,
            "firstname": "Reggie",
            "height": {
                "feets": null,
                "inches": null,
                "meters": null
            },
            "id": 793,
            "lastname": "Hearn",
            "leagues": {
                "standard": {
                    "active": false,
                    "jersey": 38,
                    "pos": null
                },
                "vegas": {
                    "active": true,
                    "jersey": 38,
                    "pos": "F"
                }
            },
            "nba": {
                "pro": 0,
                "start": 0
            },
            "weight": {
                "kilograms": null,
                "pounds": null
            }
        },
        {
            "affiliation": null,
            "birth": {
                "country": null,
                "date": null
            },
            "college": null,
            "firstname": "David",
            "height": {
                "feets": null,
                "inches": null,
                "meters": null
            },
            "id": 1089,
            "lastname": "Wear",
            "leagues": {
                "standard": {
                    "active": false,
                    "jersey": 12,
                    "pos": null
                },
                "vegas": {
                    "active": false,
                    "jersey": 26,
                    "pos": null
                }
            },
            "nba": {
                "pro": 0,
                "start": 0
            },
            "weight": {
                "kilograms": null,
                "pounds": null
            }
        },
        {
            "affiliation": null,
            "birth": {
                "country": null,
                "date": null
            },
            "college": null,
            "firstname": "David",
            "height": {
                "feets": null,
                "inches": null,
                "meters": null
            },
            "id": 879,
            "lastname": "Stockton",
            "leagues": {
                "standard": {
                    "active": true,
                    "jersey": 19,
                    "pos": "G"
                }
            },
            "nba": {
                "pro": 0,
                "start": 0
            },
            "weight": {
                "kilograms": null,
                "pounds": null
            }
        },
        {
            "affiliation": "St. Vincent-St. Mary HS (OH)/USA",
            "birth": {
                "country": "USA",
                "date": "1984-12-30"
            },
            "college": "St. Vincent-St. Mary HS (OH)",
            "firstname": "LeBron",
            "height": {
                "feets": "6",
                "inches": "9",
                "meters": "2.06"
            },
            "id": 265,
            "lastname": "James",
            "leagues": {
                "standard": {
                    "active": true,
                    "jersey": 6,
                    "pos": "F"
                }
            },
            "nba": {
                "pro": 18,
                "start": 2003
            },
            "weight": {
                "kilograms": "113.4",
                "pounds": "250"
            }
        },
        {
            "affiliation": "SW Atlanta Christian Academy (GA)/USA",
            "birth": {
                "country": "USA",
                "date": "1985-12-08"
            },
            "college": "SW Atlanta Christian Academy (GA)",
            "firstname": "Dwight",
            "height": {
                "feets": "6",
                "inches": "10",
                "meters": "2.08"
            },
            "id": 250,
            "lastname": "Howard",
            "leagues": {
                "standard": {
                    "active": true,
                    "jersey": 39,
                    "pos": "C-F"
                }
            },
            "nba": {
                "pro": 17,
                "start": 2004
            },
            "weight": {
                "kilograms": "120.2",
                "pounds": "265"
            }
        },
        {
            "affiliation": null,
            "birth": {
                "country": null,
                "date": null
            },
            "college": null,
            "firstname": "JR",
            "height": {
                "feets": null,
                "inches": null,
                "meters": null
            },
            "id": 489,
            "lastname": "Smith",
            "leagues": {
                "standard": {
                    "active": true,
                    "jersey": 21,
                    "pos": "G"
                }
            },
            "nba": {
                "pro": 0,
                "start": 0
            },
            "weight": {
                "kilograms": null,
                "pounds": null
            }
        },
        {
            "affiliation": null,
            "birth": {
                "country": null,
                "date": null
            },
            "college": null,
            "firstname": "Dakota",
            "height": {
                "feets": null,
                "inches": null,
                "meters": null
            },
            "id": 1519,
            "lastname": "Mathias",
            "leagues": {
                "sacramento": {
                    "active": true,
                    "jersey": 31,
                    "pos": "G"
                },
                "vegas": {
                    "active": true,
                    "jersey": 31,
                    "pos": "G"
                }
            },
            "nba": {
                "pro": 0,
                "start": 0
            },
            "weight": {
                "kilograms": null,
                "pounds": null
            }
        },
        {
            "affiliation": null,
            "birth": {
                "country": null,
                "date": null
            },
            "college": null,
            "firstname": "Devontae",
            "height": {
                "feets": null,
                "inches": null,
                "meters": null
            },
            "id": 2069,
            "lastname": "Cacok",
            "leagues": {
                "sacramento": {
                    "active": true,
                    "jersey": 12,
                    "pos": "F-C"
                },
                "vegas": {
                    "active": true,
                    "jersey": 12,
                    "pos": "F-C"
                }
            },
            "nba": {
                "pro": 0,
                "start": 0
            },
            "weight": {
                "kilograms": null,
                "pounds": null
            }
        },
        {
            "affiliation": null,
            "birth": {
                "country": null,
                "date": null
            },
            "college": null,
            "firstname": "Conner",
            "height": {
                "feets": null,
                "inches": null,
                "meters": null
            },
            "id": 2070,
            "lastname": "Frankamp",
            "leagues": {
                "sacramento": {
                    "active": true,
                    "jersey": 9,
                    "pos": "G"
                },
                "vegas": {
                    "active": true,
                    "jersey": 9,
                    "pos": "G"
                }
            },
            "nba": {
                "pro": 0,
                "start": 0
            },
            "weight": {
                "kilograms": null,
                "pounds": null
            }
        },
        {
            "affiliation": null,
            "birth": {
                "country": null,
                "date": null
            },
            "college": null,
            "firstname": "Nick",
            "height": {
                "feets": null,
                "inches": null,
                "meters": null
            },
            "id": 2071,
            "lastname": "Perkins",
            "leagues": {
                "sacramento": {
                    "active": true,
                    "jersey": 21,
                    "pos": "F-C"
                },
                "vegas": {
                    "active": true,
                    "jersey": 21,
                    "pos": "F-C"
                }
            },
            "nba": {
                "pro": 0,
                "start": 0
            },
            "weight": {
                "kilograms": null,
                "pounds": null
            }
        }
    ],
    "results": 38
}