{
    "errors": [],
    "get": "players/",
    "parameters": {
        "season": "2017",
        "team": "17"
    },
    "response": [
        {
            "affiliation": null,
            "birth": {
                "country": null,
                "date": null
            },
            "college": null,
            "firstname": "Andrew",
            "height": {
                "feets": null,
                "inches": null,
                "meters": null
            },
            "id": 61,
            "lastname": "Bogut",
            "leagues": {
                "standard": {
                    "active": true,
                    "jersey": 12,
                    "pos": "C"
                }
            },
            "nba": {
                "pro": 0,
                "start": 0
            },
            "weight": {
                "kilograms": null,
                "pounds": null
            }
        },
        {
            "affiliation": null,
            "birth": {
                "country": null,
                "date": null
            },
            "college": null,
            "firstname": "Channing",
            "height": {
                "feets": null,
                "inches": null,
                "meters": null
            },
            "id": 180,
            "lastname": "Frye",
            "leagues": {
                "standard": {
                    "active": true,
                    "jersey": 9,
                    "pos": "C"
                }
            },
            "nba": {
                "pro": 0,
                "start": 0
            },
            "weight": {
                "kilograms": null,
                "pounds": null
            }
        },
        {
            "affiliation": "Wyoming/USA",
            "birth": {
                "country": "USA",
                "date": "1993-01-01"
            },
            "college": "Wyoming",
            "firstname": "Larry",
            "height": {
                "feets": "6",
                "inches": "7",
                "meters": "2.01"
            },
            "id": 385,
            "lastname": "Nance Jr.",
            "leagues": {
                "standard": {
                    "active": true,
                    "jersey": 22,
                    "pos": "F-C"
                }
            },
            "nba": {
                "pro": 6,
                "start": 2015
            },
            "weight": {
                "kilograms": "111.1",
                "pounds": "245"
            }
        },
        {
            "affiliation": null,
            "birth": {
                "country": null,
                "date": null
            },
            "college": null,
            "firstname": "Briante",
            "height": {
                "feets": null,
                "inches": null,
                "meters": null
            },
            "id": 542,
            "lastname": "Weber",
            "leagues": {
                "standard": {
                    "active": false,
                    "jersey": 11,
                    "pos": null
                }
            },
            "nba": {
                "pro": 0,
                "start": 0
            },
            "weight": {
                "kilograms": null,
                "pounds": null
            }
        },
        {
            "affiliation": "Duke/USA",
            "birth": {
                "country": "USA",
                "date": "1997-09-02"
            },
            "college": "Duke",
            "firstname": "Brandon",
            "height": {
                "feets": "6",
                "inches": "8",
                "meters": "2.03"
            },
            "id": 260,
            "lastname": "Ingram",
            "leagues": {
                "standard": {
                    "active": true,
                    "jersey": 14,
                    "pos": "F"
                }
            },
            "nba": {
                "pro": 5,
                "start": 2016
            },
            "weight": {
                "kilograms": "86.2",
                "pounds": "190"
            }
        },
        {
            "affiliation": null,
            "birth": {
                "country": null,
                "date": null
            },
            "college": null,
            "firstname": "Stephen",
            "height": {
                "feets": null,
                "inches": null,
                "meters": null
            },
            "id": 573,
            "lastname": "Zimmerman",
            "leagues": {
                "standard": {
                    "active": true,
                    "jersey": 33,
                    "pos": "C"
                }
            },
            "nba": {
                "pro": 0,
                "start": 0
            },
            "weight": {
                "kilograms": null,
                "pounds": null
            }
        },
        {
            "affiliation": "Oregon State/USA",
            "birth": {
                "country": "USA",
                "date": "1992-12-01"
            },
            "college": "Oregon State",
            "firstname": "Gary",
            "height": {
                "feets": "6",
                "inches": "3",
                "meters": "1.9"
            },
            "id": 593,
            "lastname": "Payton II",
            "leagues": {
                "sacramento": {
                    "active": true,
                    "jersey": null,
                    "pos": "G"
                },
                "standard": {
                    "active": true,
                    "jersey": null,
                    "pos": "G"
                },
                "vegas": {
                    "active": true,
                    "jersey": null,
                    "pos": "G"
                }
            },
            "nba": {
                "pro": 5,
                "start": 2016
            },
            "weight": {
                "kilograms": "88.5",
                "pounds": "195"
            }
        },
        {
            "affiliation": "Mega Basket/Croatia",
            "birth": {
                "country": "Croatia",
                "date": "1997-03-18"
            },
            "college": "Mega Basket",
            "firstname": "Ivica",
            "height": {
                "feets": "7",
                "inches": "0",
                "meters": "2.13"
            },
            "id": 575,
            "lastname": "Zubac",
            "leagues": {
                "standard": {
                    "active": true,
                    "jersey": 40,
                    "pos": "C"
                }
            },
            "nba": {
                "pro": 5,
                "start": 2016
            },
            "weight": {
                "kilograms": "108.9",
                "pounds": "240"
            }
        },
        {
            "affiliation": "Texas A&M/USA",
            "birth": {
                "country": "USA",
                "date": "1994-02-28"
            },
            "college": "Texas A&M",
            "firstname": "Alex",
            "height": {
                "feets": "6",
                "inches": "5",
                "meters": "1.96"
            },
            "id": 631,
            "lastname": "Caruso",
            "leagues": {
                "sacramento": {
                    "active": true,
                    "jersey": 4,
                    "pos": "G"
                },
                "standard": {
                    "active": true,
                    "jersey": 6,
                    "pos": "G"
                },
                "vegas": {
                    "active": true,
                    "jersey": 4,
                    "pos": "G"
                }
            },
            "nba": {
                "pro": 4,
                "start": 2017
            },
            "weight": {
                "kilograms": "84.4",
                "pounds": "186"
            }
        },
        {
            "affiliation": "Cal Poly/USA",
            "birth": {
                "country": "USA",
                "date": "1993-01-14"
            },
            "college": "Cal Poly",
            "firstname": "David",
            "height": {
                "feets": "6",
                "inches": "5",
                "meters": "1.96"
            },
            "id": 723,
            "lastname": "Nwaba",
            "leagues": {
                "standard": {
                    "active": true,
                    "jersey": 11,
                    "pos": "G-F"
                }
            },
            "nba": {
                "pro": 5,
                "start": 2016
            },
            "weight": {
                "kilograms": "99.3",
                "pounds": "219"
            }
        },
        {
            "affiliation": null,
            "birth": {
                "country": null,
                "date": null
            },
            "college": null,
            "firstname": "Gabe",
            "height": {
                "feets": null,
                "inches": null,
                "meters": null
            },
            "id": 1963,
            "lastname": "York",
            "leagues": {
                "standard": {
                    "active": true,
                    "jersey": null,
                    "pos": "G"
                },
                "vegas": {
                    "active": true,
                    "jersey": 8,
                    "pos": "G"
                }
            },
            "nba": {
                "pro": 0,
                "start": 0
            },
            "weight": {
                "kilograms": null,
                "pounds": null
            }
        },
        {
            "affiliation": "UCLA/USA",
            "birth": {
                "country": "USA",
                "date": "1997-10-27"
            },
            "college": "UCLA",
            "firstname": "Lonzo",
            "height": {
                "feets": "6",
                "inches": "6",
                "meters": "1.98"
            },
            "id": 735,
            "lastname": "Ball",
            "leagues": {
                "standard": {
                    "active": true,
                    "jersey": 2,
                    "pos": "G"
                }
            },
            "nba": {
                "pro": 4,
                "start": 2017
            },
            "weight": {
                "kilograms": "86.2",
                "pounds": "190"
            }
        },
        {
            "affiliation": "Utah/USA",
            "birth": {
                "country": "USA",
                "date": "1995-07-24"
            },
            "college": "Utah",
            "firstname": "Kyle",
            "height": {
                "feets": "6",
                "inches": "9",
                "meters": "2.06"
            },
            "id": 820,
            "lastname": "Kuzma",
            "leagues": {
                "standard": {
                    "active": true,
                    "jersey": 33,
                    "pos": "F"
                }
            },
            "nba": {
                "pro": 4,
                "start": 2017
            },
            "weight": {
                "kilograms": "100.2",
                "pounds": "221"
            }
        },
        {
            "affiliation": "Villanova/USA",
            "birth": {
                "country": "USA",
                "date": "1995-03-06"
            },
            "college": "Villanova",
            "firstname": "Josh",
            "height": {
                "feets": "6",
                "inches": "5",
                "meters": "1.96"
            },
            "id": 791,
            "lastname": "Hart",
            "leagues": {
                "sacramento": {
                    "active": true,
                    "jersey": 5,
                    "pos": "G"
                },
                "standard": {
                    "active": true,
                    "jersey": 11,
                    "pos": "G"
                },
                "vegas": {
                    "active": true,
                    "jersey": 5,
                    "pos": "G"
                }
            },
            "nba": {
                "pro": 4,
                "start": 2017
            },
            "weight": {
                "kilograms": "97.5",
                "pounds": "215"
            }
        },
        {
            "affiliation": "South Carolina/USA",
            "birth": {
                "country": "USA",
                "date": "1996-10-25"
            },
            "college": "South Carolina",
            "firstname": "P.J.",
            "height": {
                "feets": null,
                "inches": null,
                "meters": null
            },
            "id": 770,
            "lastname": "Dozier",
            "leagues": {
                "standard": {
                    "active": true,
                    "jersey": 35,
                    "pos": "G-F"
                },
                "vegas": {
                    "active": true,
                    "jersey": 19,
                    "pos": "G"
                }
            },
            "nba": {
                "pro": 0,
                "start": 2017
            },
            "weight": {
                "kilograms": null,
                "pounds": null
            }
        },
        {
            "affiliation": "Indiana/USA",
            "birth": {
                "country": "USA",
                "date": "1997-07-31"
            },
            "college": "Indiana",
            "firstname": "Thomas",
            "height": {
                "feets": "6",
                "inches": "10",
                "meters": "2.08"
            },
            "id": 753,
            "lastname": "Bryant",
            "leagues": {
                "standard": {
                    "active": true,
                    "jersey": 13,
                    "pos": "C-F"
                },
                "vegas": {
                    "active": true,
                    "jersey": 13,
                    "pos": "C"
                }
            },
            "nba": {
                "pro": 4,
                "start": 2017
            },
            "weight": {
                "kilograms": "112.5",
                "pounds": "248"
            }
        },
        {
            "affiliation": "Wisconsin/USA",
            "birth": {
                "country": "USA",
                "date": "1994-12-16"
            },
            "college": "Wisconsin",
            "firstname": "Nigel",
            "height": {
                "feets": "6",
                "inches": "7",
                "meters": "2.01"
            },
            "id": 792,
            "lastname": "Hayes",
            "leagues": {
                "sacramento": {
                    "active": true,
                    "jersey": 40,
                    "pos": "F"
                },
                "standard": {
                    "active": true,
                    "jersey": 40,
                    "pos": "F"
                },
                "vegas": {
                    "active": true,
                    "jersey": 28,
                    "pos": "F"
                }
            },
            "nba": {
                "pro": 1,
                "start": 2017
            },
            "weight": {
                "kilograms": "115.2",
                "pounds": "254"
            }
        },
        {
            "affiliation": "Florida/USA",
            "birth": {
                "country": "USA",
                "date": "1986-03-05"
            },
            "college": "Florida",
            "firstname": "Corey",
            "height": {
                "feets": "6",
                "inches": "9",
                "meters": "2.06"
            },
            "id": 70,
            "lastname": "Brewer",
            "leagues": {
                "standard": {
                    "active": true,
                    "jersey": 13,
                    "pos": "G-F"
                }
            },
            "nba": {
                "pro": 13,
                "start": 2007
            },
            "weight": {
                "kilograms": "85.3",
                "pounds": "188"
            }
        },
        {
            "affiliation": "American/USA",
            "birth": {
                "country": "USA",
                "date": "1985-11-19"
            },
            "college": "American",
            "firstname": "Andre",
            "height": {
                "feets": "6",
                "inches": "3",
                "meters": "1.9"
            },
            "id": 800,
            "lastname": "Ingram",
            "leagues": {
                "standard": {
                    "active": true,
                    "jersey": 20,
                    "pos": "G"
                }
            },
            "nba": {
                "pro": 1,
                "start": 2017
            },
            "weight": {
                "kilograms": "86.2",
                "pounds": "190"
            }
        },
        {
            "affiliation": "Stanford/USA",
            "birth": {
                "country": "USA",
                "date": "1988-04-01"
            },
            "college": "Stanford",
            "firstname": "Brook",
            "height": {
                "feets": "7",
                "inches": "0",
                "meters": "2.13"
            },
            "id": 323,
            "lastname": "Lopez",
            "leagues": {
                "standard": {
                    "active": true,
                    "jersey": 11,
                    "pos": "C"
                }
            },
            "nba": {
                "pro": 13,
                "start": 2008
            },
            "weight": {
                "kilograms": "127.9",
                "pounds": "282"
            }
        },
        {
            "affiliation": "Arizona/USA",
            "birth": {
                "country": "USA",
                "date": "1991-05-25"
            },
            "college": "Arizona",
            "firstname": "Derrick",
            "height": {
                "feets": "6",
                "inches": "8",
                "meters": "2.03"
            },
            "id": 552,
            "lastname": "Williams",
            "leagues": {
                "standard": {
                    "active": false,
                    "jersey": 3,
                    "pos": "F"
                }
            },
            "nba": {
                "pro": 5,
                "start": 2011
            },
            "weight": {
                "kilograms": "108.9",
                "pounds": "240"
            }
        },
        {
            "affiliation": "Washington/USA",
            "birth": {
                "country": "USA",
                "date": "1989-02-07"
            },
            "college": "Washington",
            "firstname": "Isaiah",
            "height": {
                "feets": "5",
                "inches": "9",
                "meters": "1.75"
            },
            "id": 510,
            "lastname": "Thomas",
            "leagues": {
                "standard": {
                    "active": true,
                    "jersey": 4,
                    "pos": "G"
                }
            },
            "nba": {
                "pro": 10,
                "start": 2011
            },
            "weight": {
                "kilograms": "83.9",
                "pounds": "185"
            }
        },
        {
            "affiliation": "Georgia/USA",
            "birth": {
                "country": "USA",
                "date": "1993-02-18"
            },
            "college": "Georgia",
            "firstname": "Kentavious",
            "height": {
                "feets": "6",
                "inches": "5",
                "meters": "1.96"
            },
            "id": 89,
            "lastname": "Caldwell-Pope",
            "leagues": {
                "standard": {
                    "active": true,
                    "jersey": 5,
                    "pos": "G"
                }
            },
            "nba": {
                "pro": 8,
                "start": 2013
            },
            "weight": {
                "kilograms": "92.5",
                "pounds": "204"
            }
        },
        {
            "affiliation": "Syracuse/Canada",
            "birth": {
                "country": "Canada",
                "date": "1994-08-24"
            },
            "college": "Syracuse",
            "firstname": "Tyler",
            "height": {
                "feets": "6",
                "inches": "3",
                "meters": "1.9"
            },
            "id": 161,
            "lastname": "Ennis",
            "leagues": {
                "standard": {
                    "active": true,
                    "jersey": 10,
                    "pos": "G"
                }
            },
            "nba": {
                "pro": 4,
                "start": 2014
            },
            "weight": {
                "kilograms": "88.0",
                "pounds": "194"
            }
        },
        {
            "affiliation": "Missouri/USA",
            "birth": {
                "country": "USA",
                "date": "1992-06-07"
            },
            "college": "Missouri",
            "firstname": "Jordan",
            "height": {
                "feets": "6",
                "inches": "4",
                "meters": "1.93"
            },
            "id": 109,
            "lastname": "Clarkson",
            "leagues": {
                "standard": {
                    "active": true,
                    "jersey": null,
                    "pos": "G"
                }
            },
            "nba": {
                "pro": 7,
                "start": 2014
            },
            "weight": {
                "kilograms": "88.0",
                "pounds": "194"
            }
        },
        {
            "affiliation": "Kentucky/USA",
            "birth": {
                "country": "USA",
                "date": "1994-11-29"
            },
            "college": "Kentucky",
            "firstname": "Julius",
            "height": {
                "feets": "6",
                "inches": "8",
                "meters": "2.03"
            },
            "id": 441,
            "lastname": "Randle",
            "leagues": {
                "standard": {
                    "active": true,
                    "jersey": 30,
                    "pos": "F-C"
                }
            },
            "nba": {
                "pro": 7,
                "start": 2014
            },
            "weight": {
                "kilograms": "113.4",
                "pounds": "250"
            }
        },
        {
            "affiliation": "UCLA/USA",
            "birth": {
                "country": "USA",
                "date": "1990-09-21"
            },
            "college": "UCLA",
            "firstname": "Travis",
            "height": {
                "feets": "6",
                "inches": "9",
                "meters": "2.06"
            },
            "id": 712,
            "lastname": "Wear",
            "leagues": {
                "sacramento": {
                    "active": true,
                    "jersey": 20,
                    "pos": "F"
                },
                "standard": {
                    "active": true,
                    "jersey": 21,
                    "pos": "F"
                },
                "vegas": {
                    "active": true,
                    "jersey": 20,
                    "pos": "F"
                }
            },
            "nba": {
                "pro": 2,
                "start": 2014
            },
            "weight": {
                "kilograms": "99.3",
                "pounds": "219"
            }
        },
        {
            "affiliation": null,
            "birth": {
                "country": null,
                "date": null
            },
            "college": null,
            "firstname": "Luol",
            "height": {
                "feets": null,
                "inches": null,
                "meters": null
            },
            "id": 135,
            "lastname": "Deng",
            "leagues": {
                "africa": {
                    "active": true,
                    "jersey": 9,
                    "pos": "F"
                },
                "standard": {
                    "active": false,
                    "jersey": 9,
                    "pos": null
                }
            },
            "nba": {
                "pro": 0,
                "start": 0
            },
            "weight": {
                "kilograms": null,
                "pounds": null
            }
        }
    ],
    "results": 28
}