{
    "errors": [],
    "get": "players/",
    "parameters": {
        "season": "2020",
        "team": "17"
    },
    "response": [
        {
            "affiliation": "Louisville/USA",
            "birth": {
                "country": "USA",
                "date": "1994-01-26"
            },
            "college": "Louisville",
            "firstname": "Montrezl",
            "height": {
                "feets": "6",
                "inches": "7",
                "meters": "2.01"
            },
            "id": 218,
            "lastname": "Harrell",
            "leagues": {
                "standard": {
                    "active": true,
                    "jersey": 5,
                    "pos": "F-C"
                }
            },
            "nba": {
                "pro": 6,
                "start": 2015
            },
            "weight": {
                "kilograms": "108.9",
                "pounds": "240"
            }
        },
        {
            "affiliation": null,
            "birth": {
                "country": null,
                "date": null
            },
            "college": null,
            "firstname": "Quinn",
            "height": {
                "feets": null,
                "inches": null,
                "meters": null
            },
            "id": 581,
            "lastname": "Cook",
            "leagues": {
                "standard": {
                    "active": true,
                    "jersey": 28,
                    "pos": "G"
                }
            },
            "nba": {
                "pro": 0,
                "start": 0
            },
            "weight": {
                "kilograms": null,
                "pounds": null
            }
        },
        {
            "affiliation": "Vanderbilt/USA",
            "birth": {
                "country": "USA",
                "date": "1995-06-30"
            },
            "college": "Vanderbilt",
            "firstname": "Damian",
            "height": {
                "feets": "6",
                "inches": "11",
                "meters": "2.11"
            },
            "id": 281,
            "lastname": "Jones",
            "leagues": {
                "sacramento": {
                    "active": true,
                    "jersey": 25,
                    "pos": "C"
                },
                "standard": {
                    "active": true,
                    "jersey": 30,
                    "pos": "C"
                },
                "vegas": {
                    "active": true,
                    "jersey": 15,
                    "pos": "C"
                }
            },
            "nba": {
                "pro": 5,
                "start": 2016
            },
            "weight": {
                "kilograms": "111.1",
                "pounds": "245"
            }
        },
        {
            "affiliation": "Texas A&M/USA",
            "birth": {
                "country": "USA",
                "date": "1994-02-28"
            },
            "college": "Texas A&M",
            "firstname": "Alex",
            "height": {
                "feets": "6",
                "inches": "5",
                "meters": "1.96"
            },
            "id": 631,
            "lastname": "Caruso",
            "leagues": {
                "sacramento": {
                    "active": true,
                    "jersey": 4,
                    "pos": "G"
                },
                "standard": {
                    "active": true,
                    "jersey": 6,
                    "pos": "G"
                },
                "vegas": {
                    "active": true,
                    "jersey": 4,
                    "pos": "G"
                }
            },
            "nba": {
                "pro": 4,
                "start": 2017
            },
            "weight": {
                "kilograms": "84.4",
                "pounds": "186"
            }
        },
        {
            "affiliation": "Wisconsin-Green Bay/USA",
            "birth": {
                "country": "USA",
                "date": "1992-09-17"
            },
            "college": "Wisc.-Green Bay",
            "firstname": "Alfonzo",
            "height": {
                "feets": null,
                "inches": null,
                "meters": null
            },
            "id": 835,
            "lastname": "McKinnie",
            "leagues": {
                "standard": {
                    "active": false,
                    "jersey": 28,
                    "pos": null
                },
                "vegas": {
                    "active": true,
                    "jersey": 34,
                    "pos": "F"
                }
            },
            "nba": {
                "pro": 0,
                "start": 2017
            },
            "weight": {
                "kilograms": null,
                "pounds": null
            }
        },
        {
            "affiliation": "Utah/USA",
            "birth": {
                "country": "USA",
                "date": "1995-07-24"
            },
            "college": "Utah",
            "firstname": "Kyle",
            "height": {
                "feets": "6",
                "inches": "9",
                "meters": "2.06"
            },
            "id": 820,
            "lastname": "Kuzma",
            "leagues": {
                "standard": {
                    "active": true,
                    "jersey": 33,
                    "pos": "F"
                }
            },
            "nba": {
                "pro": 4,
                "start": 2017
            },
            "weight": {
                "kilograms": "100.2",
                "pounds": "221"
            }
        },
        {
            "affiliation": null,
            "birth": {
                "country": null,
                "date": null
            },
            "college": null,
            "firstname": "Kostas",
            "height": {
                "feets": null,
                "inches": null,
                "meters": null
            },
            "id": 928,
            "lastname": "Antetokounmpo",
            "leagues": {
                "standard": {
                    "active": true,
                    "jersey": 37,
                    "pos": "F"
                },
                "vegas": {
                    "active": true,
                    "jersey": 37,
                    "pos": "F"
                }
            },
            "nba": {
                "pro": 0,
                "start": 0
            },
            "weight": {
                "kilograms": null,
                "pounds": null
            }
        },
        {
            "affiliation": "Iowa State/USA",
            "birth": {
                "country": "USA",
                "date": "2000-11-25"
            },
            "college": "Iowa State",
            "firstname": "Talen",
            "height": {
                "feets": "6",
                "inches": "4",
                "meters": "1.93"
            },
            "id": 1867,
            "lastname": "Horton-Tucker",
            "leagues": {
                "sacramento": {
                    "active": true,
                    "jersey": 5,
                    "pos": "G"
                },
                "standard": {
                    "active": true,
                    "jersey": null,
                    "pos": "G"
                },
                "vegas": {
                    "active": true,
                    "jersey": 5,
                    "pos": "G"
                }
            },
            "nba": {
                "pro": 2,
                "start": 2019
            },
            "weight": {
                "kilograms": "106.1",
                "pounds": "234"
            }
        },
        {
            "affiliation": "North Carolina-Wilmington/USA",
            "birth": {
                "country": "USA",
                "date": "1996-10-08"
            },
            "college": "North Carolina-Wilmington",
            "firstname": "Devontae",
            "height": {
                "feets": "6",
                "inches": "7",
                "meters": "2.01"
            },
            "id": 2387,
            "lastname": "Cacok",
            "leagues": {
                "sacramento": {
                    "active": true,
                    "jersey": 12,
                    "pos": "F-C"
                },
                "standard": {
                    "active": true,
                    "jersey": 18,
                    "pos": "F"
                },
                "vegas": {
                    "active": true,
                    "jersey": 12,
                    "pos": "F-C"
                }
            },
            "nba": {
                "pro": 2,
                "start": 2019
            },
            "weight": {
                "kilograms": "108.9",
                "pounds": "240"
            }
        },
        {
            "affiliation": "Boston College/USA",
            "birth": {
                "country": "USA",
                "date": "1985-07-10"
            },
            "college": "Boston College",
            "firstname": "Jared",
            "height": {
                "feets": "6",
                "inches": "6",
                "meters": "1.98"
            },
            "id": 148,
            "lastname": "Dudley",
            "leagues": {
                "standard": {
                    "active": true,
                    "jersey": 10,
                    "pos": "F"
                }
            },
            "nba": {
                "pro": 14,
                "start": 2007
            },
            "weight": {
                "kilograms": "107.5",
                "pounds": "237"
            }
        },
        {
            "affiliation": "FC Barcelona/Spain",
            "birth": {
                "country": "Spain",
                "date": "1985-01-29"
            },
            "college": "FC Barcelona",
            "firstname": "Marc",
            "height": {
                "feets": "6",
                "inches": "11",
                "meters": "2.11"
            },
            "id": 184,
            "lastname": "Gasol",
            "leagues": {
                "standard": {
                    "active": true,
                    "jersey": 14,
                    "pos": "C"
                }
            },
            "nba": {
                "pro": 13,
                "start": 2008
            },
            "weight": {
                "kilograms": "115.7",
                "pounds": "255"
            }
        },
        {
            "affiliation": "Marquette/USA",
            "birth": {
                "country": "USA",
                "date": "1986-10-14"
            },
            "college": "Marquette",
            "firstname": "Wesley",
            "height": {
                "feets": "6",
                "inches": "4",
                "meters": "1.93"
            },
            "id": 341,
            "lastname": "Matthews",
            "leagues": {
                "standard": {
                    "active": true,
                    "jersey": 23,
                    "pos": "G"
                }
            },
            "nba": {
                "pro": 12,
                "start": 2009
            },
            "weight": {
                "kilograms": "99.8",
                "pounds": "220"
            }
        },
        {
            "affiliation": "Kansas/USA",
            "birth": {
                "country": "USA",
                "date": "1989-09-02"
            },
            "college": "Kansas",
            "firstname": "Markieff",
            "height": {
                "feets": "6",
                "inches": "9",
                "meters": "2.06"
            },
            "id": 374,
            "lastname": "Morris",
            "leagues": {
                "standard": {
                    "active": true,
                    "jersey": 13,
                    "pos": "F"
                }
            },
            "nba": {
                "pro": 10,
                "start": 2011
            },
            "weight": {
                "kilograms": "111.1",
                "pounds": "245"
            }
        },
        {
            "affiliation": "Kentucky/USA",
            "birth": {
                "country": "USA",
                "date": "1993-03-11"
            },
            "college": "Kentucky",
            "firstname": "Anthony",
            "height": {
                "feets": "6",
                "inches": "10",
                "meters": "2.08"
            },
            "id": 126,
            "lastname": "Davis",
            "leagues": {
                "standard": {
                    "active": true,
                    "jersey": 3,
                    "pos": "F-C"
                }
            },
            "nba": {
                "pro": 9,
                "start": 2012
            },
            "weight": {
                "kilograms": "114.8",
                "pounds": "253"
            }
        },
        {
            "affiliation": "Connecticut/USA",
            "birth": {
                "country": "USA",
                "date": "1993-08-10"
            },
            "college": "Connecticut",
            "firstname": "Andre",
            "height": {
                "feets": "6",
                "inches": "10",
                "meters": "2.08"
            },
            "id": 147,
            "lastname": "Drummond",
            "leagues": {
                "standard": {
                    "active": true,
                    "jersey": 3,
                    "pos": "C"
                }
            },
            "nba": {
                "pro": 9,
                "start": 2012
            },
            "weight": {
                "kilograms": "126.6",
                "pounds": "279"
            }
        },
        {
            "affiliation": "Kansas/USA",
            "birth": {
                "country": "USA",
                "date": "1993-02-11"
            },
            "college": "Kansas",
            "firstname": "Ben",
            "height": {
                "feets": "6",
                "inches": "3",
                "meters": "1.9"
            },
            "id": 355,
            "lastname": "McLemore",
            "leagues": {
                "standard": {
                    "active": true,
                    "jersey": 23,
                    "pos": "G"
                }
            },
            "nba": {
                "pro": 8,
                "start": 2013
            },
            "weight": {
                "kilograms": "88.5",
                "pounds": "195"
            }
        },
        {
            "affiliation": "Braunschweig/Germany",
            "birth": {
                "country": "Germany",
                "date": "1993-09-15"
            },
            "college": "Braunschweig",
            "firstname": "Dennis",
            "height": {
                "feets": "6",
                "inches": "1",
                "meters": "1.85"
            },
            "id": 472,
            "lastname": "Schroder",
            "leagues": {
                "standard": {
                    "active": true,
                    "jersey": 17,
                    "pos": "G"
                }
            },
            "nba": {
                "pro": 8,
                "start": 2013
            },
            "weight": {
                "kilograms": "78.0",
                "pounds": "172"
            }
        },
        {
            "affiliation": "Georgia/USA",
            "birth": {
                "country": "USA",
                "date": "1993-02-18"
            },
            "college": "Georgia",
            "firstname": "Kentavious",
            "height": {
                "feets": "6",
                "inches": "5",
                "meters": "1.96"
            },
            "id": 89,
            "lastname": "Caldwell-Pope",
            "leagues": {
                "standard": {
                    "active": true,
                    "jersey": 5,
                    "pos": "G"
                }
            },
            "nba": {
                "pro": 8,
                "start": 2013
            },
            "weight": {
                "kilograms": "92.5",
                "pounds": "204"
            }
        },
        {
            "affiliation": "St. Vincent-St. Mary HS (OH)/USA",
            "birth": {
                "country": "USA",
                "date": "1984-12-30"
            },
            "college": "St. Vincent-St. Mary HS (OH)",
            "firstname": "LeBron",
            "height": {
                "feets": "6",
                "inches": "9",
                "meters": "2.06"
            },
            "id": 265,
            "lastname": "James",
            "leagues": {
                "standard": {
                    "active": true,
                    "jersey": 6,
                    "pos": "F"
                }
            },
            "nba": {
                "pro": 18,
                "start": 2003
            },
            "weight": {
                "kilograms": "113.4",
                "pounds": "250"
            }
        }
    ],
    "results": 19
}