{
    "errors": [],
    "get": "players/",
    "parameters": {
        "season": "2018",
        "team": "17"
    },
    "response": [
        {
            "affiliation": "Duke/USA",
            "birth": {
                "country": "USA",
                "date": "1997-09-02"
            },
            "college": "Duke",
            "firstname": "Brandon",
            "height": {
                "feets": "6",
                "inches": "8",
                "meters": "2.03"
            },
            "id": 260,
            "lastname": "Ingram",
            "leagues": {
                "standard": {
                    "active": true,
                    "jersey": 14,
                    "pos": "F"
                }
            },
            "nba": {
                "pro": 5,
                "start": 2016
            },
            "weight": {
                "kilograms": "86.2",
                "pounds": "190"
            }
        },
        {
            "affiliation": "Mega Basket/Croatia",
            "birth": {
                "country": "Croatia",
                "date": "1997-03-18"
            },
            "college": "Mega Basket",
            "firstname": "Ivica",
            "height": {
                "feets": "7",
                "inches": "0",
                "meters": "2.13"
            },
            "id": 575,
            "lastname": "Zubac",
            "leagues": {
                "standard": {
                    "active": true,
                    "jersey": 40,
                    "pos": "C"
                }
            },
            "nba": {
                "pro": 5,
                "start": 2016
            },
            "weight": {
                "kilograms": "108.9",
                "pounds": "240"
            }
        },
        {
            "affiliation": "Texas A&M/USA",
            "birth": {
                "country": "USA",
                "date": "1994-02-28"
            },
            "college": "Texas A&M",
            "firstname": "Alex",
            "height": {
                "feets": "6",
                "inches": "5",
                "meters": "1.96"
            },
            "id": 631,
            "lastname": "Caruso",
            "leagues": {
                "sacramento": {
                    "active": true,
                    "jersey": 4,
                    "pos": "G"
                },
                "standard": {
                    "active": true,
                    "jersey": 6,
                    "pos": "G"
                },
                "vegas": {
                    "active": true,
                    "jersey": 4,
                    "pos": "G"
                }
            },
            "nba": {
                "pro": 4,
                "start": 2017
            },
            "weight": {
                "kilograms": "84.4",
                "pounds": "186"
            }
        },
        {
            "affiliation": "Texas/USA",
            "birth": {
                "country": "USA",
                "date": "1994-03-02"
            },
            "college": "Texas",
            "firstname": "Demarcus",
            "height": {
                "feets": "6",
                "inches": "4",
                "meters": "1.93"
            },
            "id": 1204,
            "lastname": "Holland",
            "leagues": {
                "sacramento": {
                    "active": true,
                    "jersey": 7,
                    "pos": "G"
                },
                "vegas": {
                    "active": true,
                    "jersey": 7,
                    "pos": "G"
                }
            },
            "nba": {
                "pro": 0,
                "start": 0
            },
            "weight": {
                "kilograms": "81.6",
                "pounds": "180"
            }
        },
        {
            "affiliation": "UCLA/USA",
            "birth": {
                "country": "USA",
                "date": "1997-10-27"
            },
            "college": "UCLA",
            "firstname": "Lonzo",
            "height": {
                "feets": "6",
                "inches": "6",
                "meters": "1.98"
            },
            "id": 735,
            "lastname": "Ball",
            "leagues": {
                "standard": {
                    "active": true,
                    "jersey": 2,
                    "pos": "G"
                }
            },
            "nba": {
                "pro": 4,
                "start": 2017
            },
            "weight": {
                "kilograms": "86.2",
                "pounds": "190"
            }
        },
        {
            "affiliation": "Utah/USA",
            "birth": {
                "country": "USA",
                "date": "1995-07-24"
            },
            "college": "Utah",
            "firstname": "Kyle",
            "height": {
                "feets": "6",
                "inches": "9",
                "meters": "2.06"
            },
            "id": 820,
            "lastname": "Kuzma",
            "leagues": {
                "standard": {
                    "active": true,
                    "jersey": 33,
                    "pos": "F"
                }
            },
            "nba": {
                "pro": 4,
                "start": 2017
            },
            "weight": {
                "kilograms": "100.2",
                "pounds": "221"
            }
        },
        {
            "affiliation": "Villanova/USA",
            "birth": {
                "country": "USA",
                "date": "1995-03-06"
            },
            "college": "Villanova",
            "firstname": "Josh",
            "height": {
                "feets": "6",
                "inches": "5",
                "meters": "1.96"
            },
            "id": 791,
            "lastname": "Hart",
            "leagues": {
                "sacramento": {
                    "active": true,
                    "jersey": 5,
                    "pos": "G"
                },
                "standard": {
                    "active": true,
                    "jersey": 11,
                    "pos": "G"
                },
                "vegas": {
                    "active": true,
                    "jersey": 5,
                    "pos": "G"
                }
            },
            "nba": {
                "pro": 4,
                "start": 2017
            },
            "weight": {
                "kilograms": "97.5",
                "pounds": "215"
            }
        },
        {
            "affiliation": "Indiana/USA",
            "birth": {
                "country": "USA",
                "date": "1997-07-31"
            },
            "college": "Indiana",
            "firstname": "Thomas",
            "height": {
                "feets": "6",
                "inches": "10",
                "meters": "2.08"
            },
            "id": 753,
            "lastname": "Bryant",
            "leagues": {
                "standard": {
                    "active": true,
                    "jersey": 13,
                    "pos": "C-F"
                },
                "vegas": {
                    "active": true,
                    "jersey": 13,
                    "pos": "C"
                }
            },
            "nba": {
                "pro": 4,
                "start": 2017
            },
            "weight": {
                "kilograms": "112.5",
                "pounds": "248"
            }
        },
        {
            "affiliation": "Florida State/Canada",
            "birth": {
                "country": "Canada",
                "date": "1994-04-29"
            },
            "college": "Florida State",
            "firstname": "Xavier",
            "height": {
                "feets": "6",
                "inches": "4",
                "meters": "1.93"
            },
            "id": 1224,
            "lastname": "Rathan-Mayes",
            "leagues": {
                "sacramento": {
                    "active": true,
                    "jersey": 6,
                    "pos": "G"
                },
                "vegas": {
                    "active": false,
                    "jersey": 10,
                    "pos": null
                }
            },
            "nba": {
                "pro": 1,
                "start": 2017
            },
            "weight": {
                "kilograms": "95.3",
                "pounds": "210"
            }
        },
        {
            "affiliation": "West Georgia/USA",
            "birth": {
                "country": "USA",
                "date": "1995-11-07"
            },
            "college": "West Georgia",
            "firstname": "Stephaun",
            "height": {
                "feets": "6",
                "inches": "5",
                "meters": "1.96"
            },
            "id": 1184,
            "lastname": "Branch",
            "leagues": {
                "sacramento": {
                    "active": true,
                    "jersey": 1,
                    "pos": "G"
                },
                "vegas": {
                    "active": true,
                    "jersey": 1,
                    "pos": "G"
                }
            },
            "nba": {
                "pro": 0,
                "start": 0
            },
            "weight": {
                "kilograms": "95.3",
                "pounds": "210"
            }
        },
        {
            "affiliation": "Kansas/Ukraine",
            "birth": {
                "country": "Ukraine",
                "date": "1997-06-10"
            },
            "college": "Kansas",
            "firstname": "Svi",
            "height": {
                "feets": "6",
                "inches": "7",
                "meters": "2.01"
            },
            "id": 1006,
            "lastname": "Mykhailiuk",
            "leagues": {
                "sacramento": {
                    "active": true,
                    "jersey": 10,
                    "pos": "F"
                },
                "standard": {
                    "active": true,
                    "jersey": 17,
                    "pos": "G-F"
                },
                "vegas": {
                    "active": true,
                    "jersey": 19,
                    "pos": "G"
                }
            },
            "nba": {
                "pro": 3,
                "start": 2018
            },
            "weight": {
                "kilograms": "93.0",
                "pounds": "205"
            }
        },
        {
            "affiliation": "Kansas/USA",
            "birth": {
                "country": "USA",
                "date": "1997-02-21"
            },
            "college": "Kansas",
            "firstname": "Malik",
            "height": {
                "feets": "6",
                "inches": "3",
                "meters": "1.9"
            },
            "id": 1057,
            "lastname": "Newman",
            "leagues": {
                "sacramento": {
                    "active": true,
                    "jersey": 14,
                    "pos": "G"
                },
                "standard": {
                    "active": true,
                    "jersey": 14,
                    "pos": "G"
                },
                "utah": {
                    "active": true,
                    "jersey": 39,
                    "pos": "G"
                },
                "vegas": {
                    "active": true,
                    "jersey": 39,
                    "pos": "G"
                }
            },
            "nba": {
                "pro": 1,
                "start": 2019
            },
            "weight": {
                "kilograms": "86.2",
                "pounds": "190"
            }
        },
        {
            "affiliation": "Michigan/Germany",
            "birth": {
                "country": "Germany",
                "date": "1997-04-26"
            },
            "college": "Michigan",
            "firstname": "Moritz",
            "height": {
                "feets": "6",
                "inches": "11",
                "meters": "2.11"
            },
            "id": 1037,
            "lastname": "Wagner",
            "leagues": {
                "sacramento": {
                    "active": true,
                    "jersey": 15,
                    "pos": "C"
                },
                "standard": {
                    "active": true,
                    "jersey": 21,
                    "pos": "F-C"
                },
                "vegas": {
                    "active": true,
                    "jersey": 20,
                    "pos": "C"
                }
            },
            "nba": {
                "pro": 3,
                "start": 2018
            },
            "weight": {
                "kilograms": "111.1",
                "pounds": "245"
            }
        },
        {
            "affiliation": null,
            "birth": {
                "country": null,
                "date": null
            },
            "college": null,
            "firstname": "Jeffrey",
            "height": {
                "feets": null,
                "inches": null,
                "meters": null
            },
            "id": 948,
            "lastname": "Carroll",
            "leagues": {
                "sacramento": {
                    "active": true,
                    "jersey": 30,
                    "pos": "G"
                },
                "standard": {
                    "active": false,
                    "jersey": 30,
                    "pos": null
                },
                "vegas": {
                    "active": true,
                    "jersey": 30,
                    "pos": "G"
                }
            },
            "nba": {
                "pro": 0,
                "start": 0
            },
            "weight": {
                "kilograms": null,
                "pounds": null
            }
        },
        {
            "affiliation": "Skyliners Frankfurt/Germany",
            "birth": {
                "country": "Germany",
                "date": "1999-11-08"
            },
            "college": "Skyliners Frankfurt",
            "firstname": "Isaac",
            "height": {
                "feets": "6",
                "inches": "8",
                "meters": "2.03"
            },
            "id": 939,
            "lastname": "Bonga",
            "leagues": {
                "standard": {
                    "active": true,
                    "jersey": 17,
                    "pos": "G"
                },
                "vegas": {
                    "active": true,
                    "jersey": 17,
                    "pos": "G"
                }
            },
            "nba": {
                "pro": 3,
                "start": 2018
            },
            "weight": {
                "kilograms": "81.6",
                "pounds": "180"
            }
        },
        {
            "affiliation": " USA",
            "birth": {
                "country": "USA",
                "date": "1996-07-25"
            },
            "college": null,
            "firstname": "Malik",
            "height": {
                "feets": "6",
                "inches": "10",
                "meters": "2.08"
            },
            "id": 1223,
            "lastname": "Pope",
            "leagues": {
                "sacramento": {
                    "active": true,
                    "jersey": 23,
                    "pos": "F"
                },
                "vegas": {
                    "active": true,
                    "jersey": 23,
                    "pos": "F"
                }
            },
            "nba": {
                "pro": 0,
                "start": 0
            },
            "weight": {
                "kilograms": "99.8",
                "pounds": "220"
            }
        },
        {
            "affiliation": null,
            "birth": {
                "country": null,
                "date": null
            },
            "college": null,
            "firstname": "Joel",
            "height": {
                "feets": null,
                "inches": null,
                "meters": null
            },
            "id": 935,
            "lastname": "Berry II",
            "leagues": {
                "standard": {
                    "active": false,
                    "jersey": 18,
                    "pos": null
                },
                "vegas": {
                    "active": false,
                    "jersey": 4,
                    "pos": null
                }
            },
            "nba": {
                "pro": 0,
                "start": 0
            },
            "weight": {
                "kilograms": null,
                "pounds": null
            }
        },
        {
            "affiliation": "Gonzaga/USA",
            "birth": {
                "country": "USA",
                "date": "1995-05-22"
            },
            "college": "Gonzaga",
            "firstname": "Johnathan",
            "height": {
                "feets": "6",
                "inches": "9",
                "meters": "2.06"
            },
            "id": 1043,
            "lastname": "Williams",
            "leagues": {
                "sacramento": {
                    "active": true,
                    "jersey": 41,
                    "pos": "F"
                },
                "standard": {
                    "active": true,
                    "jersey": 19,
                    "pos": "F"
                },
                "vegas": {
                    "active": true,
                    "jersey": 41,
                    "pos": "F"
                }
            },
            "nba": {
                "pro": 2,
                "start": 0
            },
            "weight": {
                "kilograms": "103.4",
                "pounds": "228"
            }
        },
        {
            "affiliation": "New Mexico State/USA",
            "birth": {
                "country": "USA",
                "date": "1995-04-09"
            },
            "college": "New Mexico State",
            "firstname": "Jemerrio",
            "height": {
                "feets": "6",
                "inches": "5",
                "meters": "1.96"
            },
            "id": 1828,
            "lastname": "Jones",
            "leagues": {
                "standard": {
                    "active": true,
                    "jersey": 32,
                    "pos": "F"
                },
                "vegas": {
                    "active": true,
                    "jersey": 30,
                    "pos": "F"
                }
            },
            "nba": {
                "pro": 1,
                "start": 2018
            },
            "weight": {
                "kilograms": "79.4",
                "pounds": "175"
            }
        },
        {
            "affiliation": "Kentucky/USA",
            "birth": {
                "country": "USA",
                "date": "1986-02-22"
            },
            "college": "Kentucky",
            "firstname": "Rajon",
            "height": {
                "feets": "6",
                "inches": "1",
                "meters": "1.85"
            },
            "id": 455,
            "lastname": "Rondo",
            "leagues": {
                "standard": {
                    "active": true,
                    "jersey": 1,
                    "pos": "G"
                }
            },
            "nba": {
                "pro": 15,
                "start": 2006
            },
            "weight": {
                "kilograms": "81.6",
                "pounds": "180"
            }
        },
        {
            "affiliation": "American/USA",
            "birth": {
                "country": "USA",
                "date": "1985-11-19"
            },
            "college": "American",
            "firstname": "Andre",
            "height": {
                "feets": "6",
                "inches": "3",
                "meters": "1.9"
            },
            "id": 800,
            "lastname": "Ingram",
            "leagues": {
                "standard": {
                    "active": true,
                    "jersey": 20,
                    "pos": "G"
                }
            },
            "nba": {
                "pro": 1,
                "start": 2017
            },
            "weight": {
                "kilograms": "86.2",
                "pounds": "190"
            }
        },
        {
            "affiliation": "Kansas State/USA",
            "birth": {
                "country": "USA",
                "date": "1989-01-09"
            },
            "college": "Kansas State",
            "firstname": "Michael",
            "height": {
                "feets": "6",
                "inches": "9",
                "meters": "2.06"
            },
            "id": 47,
            "lastname": "Beasley",
            "leagues": {
                "standard": {
                    "active": true,
                    "jersey": 30,
                    "pos": "F"
                },
                "vegas": {
                    "active": true,
                    "jersey": 50,
                    "pos": "F"
                }
            },
            "nba": {
                "pro": 11,
                "start": 2008
            },
            "weight": {
                "kilograms": "104.3",
                "pounds": "230"
            }
        },
        {
            "affiliation": "Nevada/USA",
            "birth": {
                "country": "USA",
                "date": "1988-01-19"
            },
            "college": "Nevada",
            "firstname": "JaVale",
            "height": {
                "feets": "7",
                "inches": "0",
                "meters": "2.13"
            },
            "id": 353,
            "lastname": "McGee",
            "leagues": {
                "africa": {
                    "active": true,
                    "jersey": 7,
                    "pos": "C"
                },
                "standard": {
                    "active": true,
                    "jersey": null,
                    "pos": "C-F"
                }
            },
            "nba": {
                "pro": 13,
                "start": 2008
            },
            "weight": {
                "kilograms": "122.5",
                "pounds": "270"
            }
        },
        {
            "affiliation": null,
            "birth": {
                "country": "USA",
                "date": "1987-04-29"
            },
            "college": "Arizona State",
            "firstname": "Jeff",
            "height": {
                "feets": "6",
                "inches": "9",
                "meters": "2.06"
            },
            "id": 29,
            "lastname": "Ayres",
            "leagues": {
                "standard": {
                    "active": false,
                    "jersey": 19,
                    "pos": "F-C"
                },
                "vegas": {
                    "active": true,
                    "jersey": 12,
                    "pos": "F"
                }
            },
            "nba": {
                "pro": 5,
                "start": 2009
            },
            "weight": {
                "kilograms": "113.4",
                "pounds": "250"
            }
        },
        {
            "affiliation": "Cincinnati/USA",
            "birth": {
                "country": "USA",
                "date": "1990-09-05"
            },
            "college": "Cincinnati",
            "firstname": "Lance",
            "height": {
                "feets": "6",
                "inches": "5",
                "meters": "1.96"
            },
            "id": 497,
            "lastname": "Stephenson",
            "leagues": {
                "standard": {
                    "active": true,
                    "jersey": 6,
                    "pos": "F"
                }
            },
            "nba": {
                "pro": 9,
                "start": 2010
            },
            "weight": {
                "kilograms": "95.3",
                "pounds": "210"
            }
        },
        {
            "affiliation": "Iona/USA",
            "birth": {
                "country": "USA",
                "date": "1990-06-08"
            },
            "college": "Iona",
            "firstname": "Scott",
            "height": {
                "feets": "6",
                "inches": "1",
                "meters": "1.85"
            },
            "id": 1507,
            "lastname": "Machado",
            "leagues": {
                "standard": {
                    "active": true,
                    "jersey": 10,
                    "pos": "G"
                },
                "vegas": {
                    "active": true,
                    "jersey": 13,
                    "pos": "G"
                }
            },
            "nba": {
                "pro": 1,
                "start": 2012
            },
            "weight": {
                "kilograms": "93.0",
                "pounds": "205"
            }
        },
        {
            "affiliation": "Georgia/USA",
            "birth": {
                "country": "USA",
                "date": "1993-02-18"
            },
            "college": "Georgia",
            "firstname": "Kentavious",
            "height": {
                "feets": "6",
                "inches": "5",
                "meters": "1.96"
            },
            "id": 89,
            "lastname": "Caldwell-Pope",
            "leagues": {
                "standard": {
                    "active": true,
                    "jersey": 5,
                    "pos": "G"
                }
            },
            "nba": {
                "pro": 8,
                "start": 2013
            },
            "weight": {
                "kilograms": "92.5",
                "pounds": "204"
            }
        },
        {
            "affiliation": "Bucknell/USA",
            "birth": {
                "country": "USA",
                "date": "1991-07-01"
            },
            "college": "Bucknell",
            "firstname": "Mike",
            "height": {
                "feets": "6",
                "inches": "10",
                "meters": "2.08"
            },
            "id": 384,
            "lastname": "Muscala",
            "leagues": {
                "standard": {
                    "active": true,
                    "jersey": 33,
                    "pos": "F-C"
                }
            },
            "nba": {
                "pro": 8,
                "start": 2013
            },
            "weight": {
                "kilograms": "108.9",
                "pounds": "240"
            }
        },
        {
            "affiliation": "North Carolina/USA",
            "birth": {
                "country": "USA",
                "date": "1991-03-16"
            },
            "college": "North Carolina",
            "firstname": "Reggie",
            "height": {
                "feets": "6",
                "inches": "6",
                "meters": "1.98"
            },
            "id": 82,
            "lastname": "Bullock",
            "leagues": {
                "standard": {
                    "active": true,
                    "jersey": 25,
                    "pos": "G-F"
                }
            },
            "nba": {
                "pro": 8,
                "start": 2013
            },
            "weight": {
                "kilograms": "93.0",
                "pounds": "205"
            }
        },
        {
            "affiliation": "UCLA/USA",
            "birth": {
                "country": "USA",
                "date": "1990-09-21"
            },
            "college": "UCLA",
            "firstname": "Travis",
            "height": {
                "feets": "6",
                "inches": "9",
                "meters": "2.06"
            },
            "id": 712,
            "lastname": "Wear",
            "leagues": {
                "sacramento": {
                    "active": true,
                    "jersey": 20,
                    "pos": "F"
                },
                "standard": {
                    "active": true,
                    "jersey": 21,
                    "pos": "F"
                },
                "vegas": {
                    "active": true,
                    "jersey": 20,
                    "pos": "F"
                }
            },
            "nba": {
                "pro": 2,
                "start": 2014
            },
            "weight": {
                "kilograms": "99.3",
                "pounds": "219"
            }
        },
        {
            "affiliation": "Dominguez HS (CA)/USA",
            "birth": {
                "country": "USA",
                "date": "1982-10-02"
            },
            "college": "Dominguez HS (CA)",
            "firstname": "Tyson",
            "height": {
                "feets": "7",
                "inches": "0",
                "meters": "2.13"
            },
            "id": 101,
            "lastname": "Chandler",
            "leagues": {
                "standard": {
                    "active": true,
                    "jersey": 19,
                    "pos": "C"
                }
            },
            "nba": {
                "pro": 19,
                "start": 2001
            },
            "weight": {
                "kilograms": "106.6",
                "pounds": "235"
            }
        },
        {
            "affiliation": "St. Vincent-St. Mary HS (OH)/USA",
            "birth": {
                "country": "USA",
                "date": "1984-12-30"
            },
            "college": "St. Vincent-St. Mary HS (OH)",
            "firstname": "LeBron",
            "height": {
                "feets": "6",
                "inches": "9",
                "meters": "2.06"
            },
            "id": 265,
            "lastname": "James",
            "leagues": {
                "standard": {
                    "active": true,
                    "jersey": 6,
                    "pos": "F"
                }
            },
            "nba": {
                "pro": 18,
                "start": 2003
            },
            "weight": {
                "kilograms": "113.4",
                "pounds": "250"
            }
        },
        {
            "affiliation": null,
            "birth": {
                "country": null,
                "date": null
            },
            "college": null,
            "firstname": "Joel",
            "height": {
                "feets": null,
                "inches": null,
                "meters": null
            },
            "id": 1183,
            "lastname": "Berry II",
            "leagues": {
                "sacramento": {
                    "active": true,
                    "jersey": 11,
                    "pos": "G"
                },
                "vegas": {
                    "active": true,
                    "jersey": 11,
                    "pos": "G"
                }
            },
            "nba": {
                "pro": 0,
                "start": 0
            },
            "weight": {
                "kilograms": null,
                "pounds": null
            }
        },
        {
            "affiliation": null,
            "birth": {
                "country": null,
                "date": null
            },
            "college": null,
            "firstname": "Nick",
            "height": {
                "feets": null,
                "inches": null,
                "meters": null
            },
            "id": 1211,
            "lastname": "King",
            "leagues": {
                "sacramento": {
                    "active": true,
                    "jersey": 55,
                    "pos": "F"
                },
                "vegas": {
                    "active": true,
                    "jersey": 55,
                    "pos": "F"
                }
            },
            "nba": {
                "pro": 0,
                "start": 0
            },
            "weight": {
                "kilograms": null,
                "pounds": null
            }
        },
        {
            "affiliation": null,
            "birth": {
                "country": null,
                "date": null
            },
            "college": null,
            "firstname": "Johnathan",
            "height": {
                "feets": null,
                "inches": null,
                "meters": null
            },
            "id": 1236,
            "lastname": "Williams",
            "leagues": {
                "sacramento": {
                    "active": true,
                    "jersey": 21,
                    "pos": "F"
                },
                "vegas": {
                    "active": true,
                    "jersey": 21,
                    "pos": "F"
                }
            },
            "nba": {
                "pro": 0,
                "start": 0
            },
            "weight": {
                "kilograms": null,
                "pounds": null
            }
        }
    ],
    "results": 35
}