{
    "errors": [],
    "get": "players/",
    "parameters": {
        "season": "2022",
        "team": "17"
    },
    "response": [
        {
            "affiliation": "Ohio State/USA",
            "birth": {
                "country": "USA",
                "date": "1996-02-23"
            },
            "college": "Ohio State",
            "firstname": "D'Angelo",
            "height": {
                "feets": "6",
                "inches": "4",
                "meters": "1.93"
            },
            "id": 462,
            "lastname": "Russell",
            "leagues": {
                "standard": {
                    "active": true,
                    "jersey": null,
                    "pos": "G"
                }
            },
            "nba": {
                "pro": 6,
                "start": 2015
            },
            "weight": {
                "kilograms": "87.5",
                "pounds": "193"
            }
        },
        {
            "affiliation": "Florida State/USA",
            "birth": {
                "country": "USA",
                "date": "1996-11-26"
            },
            "college": "Florida State",
            "firstname": "Malik",
            "height": {
                "feets": "6",
                "inches": "4",
                "meters": "1.93"
            },
            "id": 46,
            "lastname": "Beasley",
            "leagues": {
                "standard": {
                    "active": true,
                    "jersey": 5,
                    "pos": "G"
                },
                "vegas": {
                    "active": true,
                    "jersey": 25,
                    "pos": "G"
                }
            },
            "nba": {
                "pro": 5,
                "start": 2016
            },
            "weight": {
                "kilograms": "84.8",
                "pounds": "187"
            }
        },
        {
            "affiliation": "Vanderbilt/USA",
            "birth": {
                "country": "USA",
                "date": "1995-06-30"
            },
            "college": "Vanderbilt",
            "firstname": "Damian",
            "height": {
                "feets": "6",
                "inches": "11",
                "meters": "2.11"
            },
            "id": 281,
            "lastname": "Jones",
            "leagues": {
                "sacramento": {
                    "active": true,
                    "jersey": 25,
                    "pos": "C"
                },
                "standard": {
                    "active": true,
                    "jersey": 30,
                    "pos": "C"
                },
                "vegas": {
                    "active": true,
                    "jersey": 15,
                    "pos": "C"
                }
            },
            "nba": {
                "pro": 5,
                "start": 2016
            },
            "weight": {
                "kilograms": "111.1",
                "pounds": "245"
            }
        },
        {
            "affiliation": "Tulsa/USA",
            "birth": {
                "country": "USA",
                "date": "1993-10-06"
            },
            "college": "Tulsa",
            "firstname": "Shaquille",
            "height": {
                "feets": null,
                "inches": null,
                "meters": null
            },
            "id": 626,
            "lastname": "Harrison",
            "leagues": {
                "standard": {
                    "active": true,
                    "jersey": 3,
                    "pos": "G"
                },
                "vegas": {
                    "active": true,
                    "jersey": 3,
                    "pos": "G"
                }
            },
            "nba": {
                "pro": 0,
                "start": 2017
            },
            "weight": {
                "kilograms": null,
                "pounds": null
            }
        },
        {
            "affiliation": null,
            "birth": {
                "country": null,
                "date": null
            },
            "college": null,
            "firstname": "Dwayne",
            "height": {
                "feets": null,
                "inches": null,
                "meters": null
            },
            "id": 734,
            "lastname": "Bacon",
            "leagues": {
                "standard": {
                    "active": true,
                    "jersey": 8,
                    "pos": "G-F"
                },
                "vegas": {
                    "active": true,
                    "jersey": 7,
                    "pos": "F"
                }
            },
            "nba": {
                "pro": 0,
                "start": 0
            },
            "weight": {
                "kilograms": null,
                "pounds": null
            }
        },
        {
            "affiliation": "Indiana/USA",
            "birth": {
                "country": "USA",
                "date": "1997-07-31"
            },
            "college": "Indiana",
            "firstname": "Thomas",
            "height": {
                "feets": "6",
                "inches": "10",
                "meters": "2.08"
            },
            "id": 753,
            "lastname": "Bryant",
            "leagues": {
                "standard": {
                    "active": true,
                    "jersey": 13,
                    "pos": "C-F"
                },
                "vegas": {
                    "active": true,
                    "jersey": 13,
                    "pos": "C"
                }
            },
            "nba": {
                "pro": 4,
                "start": 2017
            },
            "weight": {
                "kilograms": "112.5",
                "pounds": "248"
            }
        },
        {
            "affiliation": "Southern Methodist/USA",
            "birth": {
                "country": "USA",
                "date": "1995-02-10"
            },
            "college": "Southern Methodist",
            "firstname": "Sterling",
            "height": {
                "feets": "6",
                "inches": "5",
                "meters": "1.96"
            },
            "id": 751,
            "lastname": "Brown",
            "leagues": {
                "standard": {
                    "active": true,
                    "jersey": null,
                    "pos": "G-F"
                },
                "vegas": {
                    "active": true,
                    "jersey": 23,
                    "pos": "G"
                }
            },
            "nba": {
                "pro": 4,
                "start": 2017
            },
            "weight": {
                "kilograms": "99.3",
                "pounds": "219"
            }
        },
        {
            "affiliation": "Miami/USA",
            "birth": {
                "country": "USA",
                "date": "1995-06-11"
            },
            "college": "Miami",
            "firstname": "Davon",
            "height": {
                "feets": "6",
                "inches": "5",
                "meters": "1.96"
            },
            "id": 865,
            "lastname": "Reed",
            "leagues": {
                "sacramento": {
                    "active": true,
                    "jersey": 31,
                    "pos": "F-G"
                },
                "standard": {
                    "active": true,
                    "jersey": 9,
                    "pos": "G"
                },
                "vegas": {
                    "active": true,
                    "jersey": 34,
                    "pos": "F"
                }
            },
            "nba": {
                "pro": 2,
                "start": 2017
            },
            "weight": {
                "kilograms": "93.4",
                "pounds": "206"
            }
        },
        {
            "affiliation": "Texas/USA",
            "birth": {
                "country": "USA",
                "date": "1998-05-12"
            },
            "college": "Texas",
            "firstname": "Mo",
            "height": {
                "feets": "7",
                "inches": "0",
                "meters": "2.13"
            },
            "id": 932,
            "lastname": "Bamba",
            "leagues": {
                "standard": {
                    "active": true,
                    "jersey": 11,
                    "pos": "C"
                },
                "vegas": {
                    "active": true,
                    "jersey": 5,
                    "pos": "C"
                }
            },
            "nba": {
                "pro": 3,
                "start": 2018
            },
            "weight": {
                "kilograms": "104.8",
                "pounds": "231"
            }
        },
        {
            "affiliation": "Oregon/USA",
            "birth": {
                "country": "USA",
                "date": "1999-07-28"
            },
            "college": "Oregon",
            "firstname": "Troy",
            "height": {
                "feets": "6",
                "inches": "6",
                "meters": "1.98"
            },
            "id": 945,
            "lastname": "Brown Jr.",
            "leagues": {
                "standard": {
                    "active": true,
                    "jersey": 7,
                    "pos": "G-F"
                },
                "vegas": {
                    "active": true,
                    "jersey": 6,
                    "pos": "F"
                }
            },
            "nba": {
                "pro": 3,
                "start": 2018
            },
            "weight": {
                "kilograms": "97.5",
                "pounds": "215"
            }
        },
        {
            "affiliation": "Kentucky/USA",
            "birth": {
                "country": "USA",
                "date": "1999-04-03"
            },
            "college": "Kentucky",
            "firstname": "Jarred",
            "height": {
                "feets": "6",
                "inches": "9",
                "meters": "2.06"
            },
            "id": 1036,
            "lastname": "Vanderbilt",
            "leagues": {
                "standard": {
                    "active": true,
                    "jersey": 8,
                    "pos": "F"
                },
                "vegas": {
                    "active": true,
                    "jersey": 8,
                    "pos": "F"
                }
            },
            "nba": {
                "pro": 3,
                "start": 2018
            },
            "weight": {
                "kilograms": "97.1",
                "pounds": "214"
            }
        },
        {
            "affiliation": "Miami/USA",
            "birth": {
                "country": "USA",
                "date": "1998-12-14"
            },
            "college": "Miami",
            "firstname": "Lonnie",
            "height": {
                "feets": "6",
                "inches": "4",
                "meters": "1.93"
            },
            "id": 1038,
            "lastname": "Walker IV",
            "leagues": {
                "standard": {
                    "active": true,
                    "jersey": 4,
                    "pos": "G-F"
                },
                "utah": {
                    "active": true,
                    "jersey": 1,
                    "pos": "G"
                },
                "vegas": {
                    "active": true,
                    "jersey": 1,
                    "pos": "G"
                }
            },
            "nba": {
                "pro": 3,
                "start": 2018
            },
            "weight": {
                "kilograms": "92.5",
                "pounds": "204"
            }
        },
        {
            "affiliation": "Gonzaga/Japan",
            "birth": {
                "country": "Japan",
                "date": "1998-02-08"
            },
            "college": "Gonzaga",
            "firstname": "Rui",
            "height": {
                "feets": "6",
                "inches": "8",
                "meters": "2.03"
            },
            "id": 1862,
            "lastname": "Hachimura",
            "leagues": {
                "standard": {
                    "active": true,
                    "jersey": 8,
                    "pos": "F"
                },
                "vegas": {
                    "active": true,
                    "jersey": 8,
                    "pos": "F"
                }
            },
            "nba": {
                "pro": 2,
                "start": 2019
            },
            "weight": {
                "kilograms": "104.3",
                "pounds": "230"
            }
        },
        {
            "affiliation": "Kentucky/South Sudan",
            "birth": {
                "country": "South Sudan",
                "date": "1997-03-26"
            },
            "college": "Kentucky",
            "firstname": "Wenyen",
            "height": {
                "feets": "6",
                "inches": "9",
                "meters": "2.06"
            },
            "id": 970,
            "lastname": "Gabriel",
            "leagues": {
                "sacramento": {
                    "active": true,
                    "jersey": 32,
                    "pos": "F"
                },
                "standard": {
                    "active": true,
                    "jersey": 35,
                    "pos": "F"
                },
                "vegas": {
                    "active": true,
                    "jersey": 32,
                    "pos": "F"
                }
            },
            "nba": {
                "pro": 2,
                "start": 2019
            },
            "weight": {
                "kilograms": "93.0",
                "pounds": "205"
            }
        },
        {
            "affiliation": "Oakland/USA",
            "birth": {
                "country": "USA",
                "date": "1995-08-03"
            },
            "college": "Oakland",
            "firstname": "Kendrick",
            "height": {
                "feets": "6",
                "inches": "2",
                "meters": "1.88"
            },
            "id": 1007,
            "lastname": "Nunn",
            "leagues": {
                "sacramento": {
                    "active": true,
                    "jersey": 25,
                    "pos": "G"
                },
                "standard": {
                    "active": true,
                    "jersey": 12,
                    "pos": "G"
                },
                "vegas": {
                    "active": true,
                    "jersey": 25,
                    "pos": "G"
                }
            },
            "nba": {
                "pro": 2,
                "start": 2019
            },
            "weight": {
                "kilograms": "86.2",
                "pounds": "190"
            }
        },
        {
            "affiliation": null,
            "birth": {
                "country": null,
                "date": null
            },
            "college": null,
            "firstname": "Juan",
            "height": {
                "feets": null,
                "inches": null,
                "meters": null
            },
            "id": 1934,
            "lastname": "Toscano-Anderson",
            "leagues": {
                "sacramento": {
                    "active": true,
                    "jersey": 8,
                    "pos": "F"
                },
                "standard": {
                    "active": true,
                    "jersey": 95,
                    "pos": "F"
                },
                "vegas": {
                    "active": true,
                    "jersey": 8,
                    "pos": "F"
                }
            },
            "nba": {
                "pro": 0,
                "start": 0
            },
            "weight": {
                "kilograms": null,
                "pounds": null
            }
        },
        {
            "affiliation": "Tennessee-Chattanooga/USA",
            "birth": {
                "country": "USA",
                "date": "1997-04-17"
            },
            "college": "Tennessee-Chattanooga",
            "firstname": "Matt",
            "height": {
                "feets": "6",
                "inches": "7",
                "meters": "2.01"
            },
            "id": 3195,
            "lastname": "Ryan",
            "leagues": {
                "standard": {
                    "active": true,
                    "jersey": 37,
                    "pos": "F"
                },
                "vegas": {
                    "active": true,
                    "jersey": 37,
                    "pos": "F"
                }
            },
            "nba": {
                "pro": 0,
                "start": 2021
            },
            "weight": {
                "kilograms": "97.5",
                "pounds": "215"
            }
        },
        {
            "affiliation": "Oklahoma/USA",
            "birth": {
                "country": "USA",
                "date": "1998-05-29"
            },
            "college": "Oklahoma",
            "firstname": "Austin",
            "height": {
                "feets": "6",
                "inches": "5",
                "meters": "1.96"
            },
            "id": 2845,
            "lastname": "Reaves",
            "leagues": {
                "sacramento": {
                    "active": true,
                    "jersey": 31,
                    "pos": "G"
                },
                "standard": {
                    "active": true,
                    "jersey": 15,
                    "pos": "G"
                },
                "vegas": {
                    "active": true,
                    "jersey": 31,
                    "pos": "G"
                }
            },
            "nba": {
                "pro": 0,
                "start": 2021
            },
            "weight": {
                "kilograms": "89.4",
                "pounds": "197"
            }
        },
        {
            "affiliation": null,
            "birth": {
                "country": null,
                "date": null
            },
            "college": null,
            "firstname": "Scotty",
            "height": {
                "feets": null,
                "inches": null,
                "meters": null
            },
            "id": 3477,
            "lastname": "Pippen Jr.",
            "leagues": {
                "sacramento": {
                    "active": true,
                    "jersey": 1,
                    "pos": "G"
                },
                "standard": {
                    "active": true,
                    "jersey": 14,
                    "pos": "G"
                },
                "vegas": {
                    "active": true,
                    "jersey": 1,
                    "pos": "G"
                }
            },
            "nba": {
                "pro": 0,
                "start": 0
            },
            "weight": {
                "kilograms": null,
                "pounds": null
            }
        },
        {
            "affiliation": "Virginia/USA",
            "birth": {
                "country": "USA",
                "date": "1997-08-25"
            },
            "college": "Virginia",
            "firstname": "Jay",
            "height": {
                "feets": null,
                "inches": null,
                "meters": null
            },
            "id": 2814,
            "lastname": "Huff",
            "leagues": {
                "sacramento": {
                    "active": true,
                    "jersey": 30,
                    "pos": "C"
                },
                "standard": {
                    "active": true,
                    "jersey": 30,
                    "pos": "F"
                },
                "vegas": {
                    "active": true,
                    "jersey": 30,
                    "pos": "C"
                }
            },
            "nba": {
                "pro": 0,
                "start": 2021
            },
            "weight": {
                "kilograms": null,
                "pounds": null
            }
        },
        {
            "affiliation": null,
            "birth": {
                "country": null,
                "date": null
            },
            "college": null,
            "firstname": "Max",
            "height": {
                "feets": null,
                "inches": null,
                "meters": null
            },
            "id": 3427,
            "lastname": "Christie",
            "leagues": {
                "sacramento": {
                    "active": true,
                    "jersey": 10,
                    "pos": "G"
                },
                "standard": {
                    "active": true,
                    "jersey": 10,
                    "pos": "G"
                },
                "vegas": {
                    "active": true,
                    "jersey": 10,
                    "pos": "G"
                }
            },
            "nba": {
                "pro": 0,
                "start": 0
            },
            "weight": {
                "kilograms": null,
                "pounds": null
            }
        },
        {
            "affiliation": null,
            "birth": {
                "country": null,
                "date": null
            },
            "college": null,
            "firstname": "Cole",
            "height": {
                "feets": null,
                "inches": null,
                "meters": null
            },
            "id": 3493,
            "lastname": "Swider",
            "leagues": {
                "sacramento": {
                    "active": true,
                    "jersey": 21,
                    "pos": "F"
                },
                "standard": {
                    "active": true,
                    "jersey": 20,
                    "pos": "F"
                },
                "vegas": {
                    "active": true,
                    "jersey": 21,
                    "pos": "F"
                }
            },
            "nba": {
                "pro": 0,
                "start": 0
            },
            "weight": {
                "kilograms": null,
                "pounds": null
            }
        },
        {
            "affiliation": "UCLA/USA",
            "birth": {
                "country": "USA",
                "date": "1988-11-12"
            },
            "college": "UCLA",
            "firstname": "Russell",
            "height": {
                "feets": "6",
                "inches": "3",
                "meters": "1.9"
            },
            "id": 544,
            "lastname": "Westbrook",
            "leagues": {
                "standard": {
                    "active": true,
                    "jersey": null,
                    "pos": "G"
                }
            },
            "nba": {
                "pro": 13,
                "start": 2008
            },
            "weight": {
                "kilograms": "90.7",
                "pounds": "200"
            }
        },
        {
            "affiliation": "Arkansas/USA",
            "birth": {
                "country": "USA",
                "date": "1988-07-12"
            },
            "college": "Arkansas",
            "firstname": "Patrick",
            "height": {
                "feets": "6",
                "inches": "1",
                "meters": "1.85"
            },
            "id": 53,
            "lastname": "Beverley",
            "leagues": {
                "standard": {
                    "active": true,
                    "jersey": 21,
                    "pos": "G"
                }
            },
            "nba": {
                "pro": 9,
                "start": 2012
            },
            "weight": {
                "kilograms": "81.6",
                "pounds": "180"
            }
        },
        {
            "affiliation": "Texas-Austin/Canada",
            "birth": {
                "country": "Canada",
                "date": "1991-03-13"
            },
            "college": "Texas-Austin",
            "firstname": "Tristan",
            "height": {
                "feets": "6",
                "inches": "9",
                "meters": "2.06"
            },
            "id": 515,
            "lastname": "Thompson",
            "leagues": {
                "standard": {
                    "active": true,
                    "jersey": 3,
                    "pos": "C-F"
                }
            },
            "nba": {
                "pro": 10,
                "start": 2011
            },
            "weight": {
                "kilograms": "115.2",
                "pounds": "254"
            }
        },
        {
            "affiliation": "Kentucky/USA",
            "birth": {
                "country": "USA",
                "date": "1993-03-11"
            },
            "college": "Kentucky",
            "firstname": "Anthony",
            "height": {
                "feets": "6",
                "inches": "10",
                "meters": "2.08"
            },
            "id": 126,
            "lastname": "Davis",
            "leagues": {
                "standard": {
                    "active": true,
                    "jersey": 3,
                    "pos": "F-C"
                }
            },
            "nba": {
                "pro": 9,
                "start": 2012
            },
            "weight": {
                "kilograms": "114.8",
                "pounds": "253"
            }
        },
        {
            "affiliation": "Braunschweig/Germany",
            "birth": {
                "country": "Germany",
                "date": "1993-09-15"
            },
            "college": "Braunschweig",
            "firstname": "Dennis",
            "height": {
                "feets": "6",
                "inches": "1",
                "meters": "1.85"
            },
            "id": 472,
            "lastname": "Schroder",
            "leagues": {
                "standard": {
                    "active": true,
                    "jersey": 17,
                    "pos": "G"
                }
            },
            "nba": {
                "pro": 8,
                "start": 2013
            },
            "weight": {
                "kilograms": "78.0",
                "pounds": "172"
            }
        },
        {
            "affiliation": "St. Vincent-St. Mary HS (OH)/USA",
            "birth": {
                "country": "USA",
                "date": "1984-12-30"
            },
            "college": "St. Vincent-St. Mary HS (OH)",
            "firstname": "LeBron",
            "height": {
                "feets": "6",
                "inches": "9",
                "meters": "2.06"
            },
            "id": 265,
            "lastname": "James",
            "leagues": {
                "standard": {
                    "active": true,
                    "jersey": 6,
                    "pos": "F"
                }
            },
            "nba": {
                "pro": 18,
                "start": 2003
            },
            "weight": {
                "kilograms": "113.4",
                "pounds": "250"
            }
        }
    ],
    "results": 28
}