{
    "errors": [],
    "get": "players/",
    "parameters": {
        "season": "2021",
        "team": "17"
    },
    "response": [
        {
            "affiliation": "Arizona/USA",
            "birth": {
                "country": "USA",
                "date": "1996-05-29"
            },
            "college": "Arizona",
            "firstname": "Stanley",
            "height": {
                "feets": "6",
                "inches": "6",
                "meters": "1.98"
            },
            "id": 276,
            "lastname": "Johnson",
            "leagues": {
                "standard": {
                    "active": true,
                    "jersey": 3,
                    "pos": "F-G"
                }
            },
            "nba": {
                "pro": 6,
                "start": 2015
            },
            "weight": {
                "kilograms": "109.8",
                "pounds": "242"
            }
        },
        {
            "affiliation": "Kentucky/USA",
            "birth": {
                "country": "USA",
                "date": "1998-02-04"
            },
            "college": "Kentucky",
            "firstname": "Malik",
            "height": {
                "feets": "6",
                "inches": "3",
                "meters": "1.9"
            },
            "id": 842,
            "lastname": "Monk",
            "leagues": {
                "standard": {
                    "active": true,
                    "jersey": null,
                    "pos": "G"
                },
                "vegas": {
                    "active": true,
                    "jersey": 1,
                    "pos": "G"
                }
            },
            "nba": {
                "pro": 4,
                "start": 2017
            },
            "weight": {
                "kilograms": "90.7",
                "pounds": "200"
            }
        },
        {
            "affiliation": "Nevada/USA",
            "birth": {
                "country": "USA",
                "date": "1996-07-11"
            },
            "college": "Nevada",
            "firstname": "Cameron",
            "height": {
                "feets": "6",
                "inches": "8",
                "meters": "2.03"
            },
            "id": 1011,
            "lastname": "Oliver",
            "leagues": {
                "sacramento": {
                    "active": true,
                    "jersey": 27,
                    "pos": "F"
                },
                "standard": {
                    "active": true,
                    "jersey": 21,
                    "pos": "F"
                },
                "vegas": {
                    "active": true,
                    "jersey": 27,
                    "pos": "F"
                }
            },
            "nba": {
                "pro": 1,
                "start": 2020
            },
            "weight": {
                "kilograms": "108.4",
                "pounds": "239"
            }
        },
        {
            "affiliation": "Kentucky/South Sudan",
            "birth": {
                "country": "South Sudan",
                "date": "1997-03-26"
            },
            "college": "Kentucky",
            "firstname": "Wenyen",
            "height": {
                "feets": "6",
                "inches": "9",
                "meters": "2.06"
            },
            "id": 970,
            "lastname": "Gabriel",
            "leagues": {
                "sacramento": {
                    "active": true,
                    "jersey": 32,
                    "pos": "F"
                },
                "standard": {
                    "active": true,
                    "jersey": 35,
                    "pos": "F"
                },
                "vegas": {
                    "active": true,
                    "jersey": 32,
                    "pos": "F"
                }
            },
            "nba": {
                "pro": 2,
                "start": 2019
            },
            "weight": {
                "kilograms": "93.0",
                "pounds": "205"
            }
        },
        {
            "affiliation": "Oakland/USA",
            "birth": {
                "country": "USA",
                "date": "1995-08-03"
            },
            "college": "Oakland",
            "firstname": "Kendrick",
            "height": {
                "feets": "6",
                "inches": "2",
                "meters": "1.88"
            },
            "id": 1007,
            "lastname": "Nunn",
            "leagues": {
                "sacramento": {
                    "active": true,
                    "jersey": 25,
                    "pos": "G"
                },
                "standard": {
                    "active": true,
                    "jersey": 12,
                    "pos": "G"
                },
                "vegas": {
                    "active": true,
                    "jersey": 25,
                    "pos": "G"
                }
            },
            "nba": {
                "pro": 2,
                "start": 2019
            },
            "weight": {
                "kilograms": "86.2",
                "pounds": "190"
            }
        },
        {
            "affiliation": "New Mexico State/USA",
            "birth": {
                "country": "USA",
                "date": "1995-04-09"
            },
            "college": "New Mexico State",
            "firstname": "Jemerrio",
            "height": {
                "feets": "6",
                "inches": "5",
                "meters": "1.96"
            },
            "id": 1828,
            "lastname": "Jones",
            "leagues": {
                "standard": {
                    "active": true,
                    "jersey": 32,
                    "pos": "F"
                },
                "vegas": {
                    "active": true,
                    "jersey": 30,
                    "pos": "F"
                }
            },
            "nba": {
                "pro": 1,
                "start": 2018
            },
            "weight": {
                "kilograms": "79.4",
                "pounds": "175"
            }
        },
        {
            "affiliation": "Virginia Tech/USA",
            "birth": {
                "country": "USA",
                "date": "1997-10-12"
            },
            "college": "Virginia Tech",
            "firstname": "Justin",
            "height": {
                "feets": "6",
                "inches": "1",
                "meters": "1.85"
            },
            "id": 2207,
            "lastname": "Robinson",
            "leagues": {
                "sacramento": {
                    "active": true,
                    "jersey": 55,
                    "pos": "G"
                },
                "standard": {
                    "active": true,
                    "jersey": 55,
                    "pos": "G"
                },
                "utah": {
                    "active": true,
                    "jersey": 5,
                    "pos": "G"
                },
                "vegas": {
                    "active": true,
                    "jersey": 5,
                    "pos": "G"
                }
            },
            "nba": {
                "pro": 2,
                "start": 2019
            },
            "weight": {
                "kilograms": "88.5",
                "pounds": "195"
            }
        },
        {
            "affiliation": "Limoges/France",
            "birth": {
                "country": "France",
                "date": "2000-12-23"
            },
            "college": "Limoges",
            "firstname": "Sekou",
            "height": {
                "feets": "6",
                "inches": "9",
                "meters": "2.06"
            },
            "id": 1856,
            "lastname": "Doumbouya",
            "leagues": {
                "standard": {
                    "active": true,
                    "jersey": 45,
                    "pos": "F"
                },
                "vegas": {
                    "active": true,
                    "jersey": 45,
                    "pos": "F"
                }
            },
            "nba": {
                "pro": 2,
                "start": 2019
            },
            "weight": {
                "kilograms": "104.3",
                "pounds": "230"
            }
        },
        {
            "affiliation": "Iowa State/USA",
            "birth": {
                "country": "USA",
                "date": "2000-11-25"
            },
            "college": "Iowa State",
            "firstname": "Talen",
            "height": {
                "feets": "6",
                "inches": "4",
                "meters": "1.93"
            },
            "id": 1867,
            "lastname": "Horton-Tucker",
            "leagues": {
                "sacramento": {
                    "active": true,
                    "jersey": 5,
                    "pos": "G"
                },
                "standard": {
                    "active": true,
                    "jersey": null,
                    "pos": "G"
                },
                "vegas": {
                    "active": true,
                    "jersey": 5,
                    "pos": "G"
                }
            },
            "nba": {
                "pro": 2,
                "start": 2019
            },
            "weight": {
                "kilograms": "106.1",
                "pounds": "234"
            }
        },
        {
            "affiliation": "North Carolina-Wilmington/USA",
            "birth": {
                "country": "USA",
                "date": "1996-10-08"
            },
            "college": "North Carolina-Wilmington",
            "firstname": "Devontae",
            "height": {
                "feets": "6",
                "inches": "7",
                "meters": "2.01"
            },
            "id": 2387,
            "lastname": "Cacok",
            "leagues": {
                "sacramento": {
                    "active": true,
                    "jersey": 12,
                    "pos": "F-C"
                },
                "standard": {
                    "active": true,
                    "jersey": 18,
                    "pos": "F"
                },
                "vegas": {
                    "active": true,
                    "jersey": 12,
                    "pos": "F-C"
                }
            },
            "nba": {
                "pro": 2,
                "start": 2019
            },
            "weight": {
                "kilograms": "108.9",
                "pounds": "240"
            }
        },
        {
            "affiliation": "Northwestern/USA",
            "birth": {
                "country": "USA",
                "date": "1995-12-19"
            },
            "college": "Northwestern",
            "firstname": "Vic",
            "height": {
                "feets": "6",
                "inches": "7",
                "meters": "2.01"
            },
            "id": 2418,
            "lastname": "Law",
            "leagues": {
                "sacramento": {
                    "active": true,
                    "jersey": 27,
                    "pos": "F"
                },
                "standard": {
                    "active": true,
                    "jersey": 23,
                    "pos": "F"
                },
                "utah": {
                    "active": true,
                    "jersey": 70,
                    "pos": "G"
                },
                "vegas": {
                    "active": true,
                    "jersey": 70,
                    "pos": "G"
                }
            },
            "nba": {
                "pro": 1,
                "start": 0
            },
            "weight": {
                "kilograms": "91.2",
                "pounds": "201"
            }
        },
        {
            "affiliation": null,
            "birth": {
                "country": null,
                "date": null
            },
            "college": null,
            "firstname": "Yoeli",
            "height": {
                "feets": null,
                "inches": null,
                "meters": null
            },
            "id": 2576,
            "lastname": "Childs",
            "leagues": {
                "sacramento": {
                    "active": true,
                    "jersey": 50,
                    "pos": "F"
                },
                "standard": {
                    "active": false,
                    "jersey": 22,
                    "pos": null
                },
                "vegas": {
                    "active": true,
                    "jersey": 50,
                    "pos": "F"
                }
            },
            "nba": {
                "pro": 0,
                "start": 0
            },
            "weight": {
                "kilograms": null,
                "pounds": null
            }
        },
        {
            "affiliation": "Arkansas/USA",
            "birth": {
                "country": "USA",
                "date": "1998-07-21"
            },
            "college": "Arkansas",
            "firstname": "Mason",
            "height": {
                "feets": "6",
                "inches": "4",
                "meters": "1.93"
            },
            "id": 2605,
            "lastname": "Jones",
            "leagues": {
                "sacramento": {
                    "active": true,
                    "jersey": 17,
                    "pos": "G"
                },
                "standard": {
                    "active": true,
                    "jersey": 40,
                    "pos": "G"
                },
                "vegas": {
                    "active": true,
                    "jersey": 17,
                    "pos": "G"
                }
            },
            "nba": {
                "pro": 1,
                "start": 2020
            },
            "weight": {
                "kilograms": "90.7",
                "pounds": "200"
            }
        },
        {
            "affiliation": "Oregon State/USA",
            "birth": {
                "country": "USA",
                "date": "1996-06-03"
            },
            "college": "Oregon State",
            "firstname": "Tres",
            "height": {
                "feets": "6",
                "inches": "7",
                "meters": "2.01"
            },
            "id": 2926,
            "lastname": "Tinkle",
            "leagues": {
                "sacramento": {
                    "active": true,
                    "jersey": 30,
                    "pos": "F"
                },
                "vegas": {
                    "active": true,
                    "jersey": 30,
                    "pos": "F"
                }
            },
            "nba": {
                "pro": 0,
                "start": 0
            },
            "weight": {
                "kilograms": "102.1",
                "pounds": "225"
            }
        },
        {
            "affiliation": "New Mexico State/USA",
            "birth": {
                "country": "USA",
                "date": "1997-02-25"
            },
            "college": "New Mexico State",
            "firstname": "Trevelin",
            "height": {
                "feets": "6",
                "inches": "6",
                "meters": "1.98"
            },
            "id": 2671,
            "lastname": "Queen",
            "leagues": {
                "sacramento": {
                    "active": true,
                    "jersey": 21,
                    "pos": "G"
                },
                "standard": {
                    "active": true,
                    "jersey": 8,
                    "pos": "G"
                },
                "utah": {
                    "active": true,
                    "jersey": 9,
                    "pos": "G"
                },
                "vegas": {
                    "active": true,
                    "jersey": 9,
                    "pos": "G"
                }
            },
            "nba": {
                "pro": 0,
                "start": 2021
            },
            "weight": {
                "kilograms": "86.2",
                "pounds": "190"
            }
        },
        {
            "affiliation": null,
            "birth": {
                "country": null,
                "date": null
            },
            "college": null,
            "firstname": "Romaro",
            "height": {
                "feets": null,
                "inches": null,
                "meters": null
            },
            "id": 2591,
            "lastname": "Gill",
            "leagues": {
                "sacramento": {
                    "active": true,
                    "jersey": 38,
                    "pos": "C"
                },
                "standard": {
                    "active": false,
                    "jersey": 17,
                    "pos": null
                },
                "vegas": {
                    "active": true,
                    "jersey": 38,
                    "pos": "C"
                }
            },
            "nba": {
                "pro": 0,
                "start": 0
            },
            "weight": {
                "kilograms": null,
                "pounds": null
            }
        },
        {
            "affiliation": "Michigan/USA",
            "birth": {
                "country": "USA",
                "date": "1997-02-11"
            },
            "college": "Michigan",
            "firstname": "Zavier",
            "height": {
                "feets": null,
                "inches": null,
                "meters": null
            },
            "id": 2678,
            "lastname": "Simpson",
            "leagues": {
                "sacramento": {
                    "active": true,
                    "jersey": 35,
                    "pos": "G"
                },
                "standard": {
                    "active": true,
                    "jersey": 9,
                    "pos": "G"
                },
                "vegas": {
                    "active": true,
                    "jersey": 41,
                    "pos": "G"
                }
            },
            "nba": {
                "pro": 0,
                "start": 2021
            },
            "weight": {
                "kilograms": null,
                "pounds": null
            }
        },
        {
            "affiliation": "Gonzaga/France",
            "birth": {
                "country": "France",
                "date": "2000-03-05"
            },
            "college": "Gonzaga",
            "firstname": "Joel",
            "height": {
                "feets": null,
                "inches": null,
                "meters": null
            },
            "id": 2787,
            "lastname": "Ayayi",
            "leagues": {
                "sacramento": {
                    "active": true,
                    "jersey": 11,
                    "pos": "G"
                },
                "standard": {
                    "active": true,
                    "jersey": 17,
                    "pos": "G"
                },
                "vegas": {
                    "active": true,
                    "jersey": 19,
                    "pos": "G"
                }
            },
            "nba": {
                "pro": 0,
                "start": 2021
            },
            "weight": {
                "kilograms": null,
                "pounds": null
            }
        },
        {
            "affiliation": "Oklahoma/USA",
            "birth": {
                "country": "USA",
                "date": "1998-05-29"
            },
            "college": "Oklahoma",
            "firstname": "Austin",
            "height": {
                "feets": "6",
                "inches": "5",
                "meters": "1.96"
            },
            "id": 2845,
            "lastname": "Reaves",
            "leagues": {
                "sacramento": {
                    "active": true,
                    "jersey": 31,
                    "pos": "G"
                },
                "standard": {
                    "active": true,
                    "jersey": 15,
                    "pos": "G"
                },
                "vegas": {
                    "active": true,
                    "jersey": 31,
                    "pos": "G"
                }
            },
            "nba": {
                "pro": 0,
                "start": 2021
            },
            "weight": {
                "kilograms": "89.4",
                "pounds": "197"
            }
        },
        {
            "affiliation": "Michigan/USA",
            "birth": {
                "country": "USA",
                "date": "1998-12-04"
            },
            "college": "Michigan",
            "firstname": "Chaundee",
            "height": {
                "feets": "6",
                "inches": "5",
                "meters": "1.96"
            },
            "id": 2794,
            "lastname": "Brown Jr.",
            "leagues": {
                "sacramento": {
                    "active": true,
                    "jersey": 15,
                    "pos": "G"
                },
                "standard": {
                    "active": true,
                    "jersey": 38,
                    "pos": "F"
                },
                "vegas": {
                    "active": true,
                    "jersey": 45,
                    "pos": "G"
                }
            },
            "nba": {
                "pro": 0,
                "start": 2021
            },
            "weight": {
                "kilograms": "97.5",
                "pounds": "215"
            }
        },
        {
            "affiliation": "Virginia/USA",
            "birth": {
                "country": "USA",
                "date": "1997-08-25"
            },
            "college": "Virginia",
            "firstname": "Jay",
            "height": {
                "feets": null,
                "inches": null,
                "meters": null
            },
            "id": 2814,
            "lastname": "Huff",
            "leagues": {
                "sacramento": {
                    "active": true,
                    "jersey": 30,
                    "pos": "C"
                },
                "standard": {
                    "active": true,
                    "jersey": 30,
                    "pos": "F"
                },
                "vegas": {
                    "active": true,
                    "jersey": 30,
                    "pos": "C"
                }
            },
            "nba": {
                "pro": 0,
                "start": 2021
            },
            "weight": {
                "kilograms": null,
                "pounds": null
            }
        },
        {
            "affiliation": "Texas Tech/USA",
            "birth": {
                "country": "USA",
                "date": "1999-01-06"
            },
            "college": "Texas Tech",
            "firstname": "Mac",
            "height": {
                "feets": "6",
                "inches": "2",
                "meters": "1.88"
            },
            "id": 2833,
            "lastname": "McClung",
            "leagues": {
                "sacramento": {
                    "active": true,
                    "jersey": 55,
                    "pos": "G"
                },
                "standard": {
                    "active": true,
                    "jersey": 37,
                    "pos": "G"
                },
                "vegas": {
                    "active": true,
                    "jersey": 55,
                    "pos": "G"
                }
            },
            "nba": {
                "pro": 0,
                "start": 2021
            },
            "weight": {
                "kilograms": "83.9",
                "pounds": "185"
            }
        },
        {
            "affiliation": "Kentucky/USA",
            "birth": {
                "country": "USA",
                "date": "1986-02-22"
            },
            "college": "Kentucky",
            "firstname": "Rajon",
            "height": {
                "feets": "6",
                "inches": "1",
                "meters": "1.85"
            },
            "id": 455,
            "lastname": "Rondo",
            "leagues": {
                "standard": {
                    "active": true,
                    "jersey": 1,
                    "pos": "G"
                }
            },
            "nba": {
                "pro": 15,
                "start": 2006
            },
            "weight": {
                "kilograms": "81.6",
                "pounds": "180"
            }
        },
        {
            "affiliation": "UCLA/USA",
            "birth": {
                "country": "USA",
                "date": "1988-11-12"
            },
            "college": "UCLA",
            "firstname": "Russell",
            "height": {
                "feets": "6",
                "inches": "3",
                "meters": "1.9"
            },
            "id": 544,
            "lastname": "Westbrook",
            "leagues": {
                "standard": {
                    "active": true,
                    "jersey": null,
                    "pos": "G"
                }
            },
            "nba": {
                "pro": 13,
                "start": 2008
            },
            "weight": {
                "kilograms": "90.7",
                "pounds": "200"
            }
        },
        {
            "affiliation": "Texas-Austin/USA",
            "birth": {
                "country": "USA",
                "date": "1987-11-10"
            },
            "college": "Texas-Austin",
            "firstname": "D.J.",
            "height": {
                "feets": "5",
                "inches": "11",
                "meters": "1.8"
            },
            "id": 28,
            "lastname": "Augustin",
            "leagues": {
                "standard": {
                    "active": true,
                    "jersey": 4,
                    "pos": "G"
                }
            },
            "nba": {
                "pro": 13,
                "start": 2008
            },
            "weight": {
                "kilograms": "83.0",
                "pounds": "183"
            }
        },
        {
            "affiliation": "Texas A&M/USA",
            "birth": {
                "country": "USA",
                "date": "1988-07-21"
            },
            "college": "Texas A&M",
            "firstname": "DeAndre",
            "height": {
                "feets": "6",
                "inches": "11",
                "meters": "2.11"
            },
            "id": 286,
            "lastname": "Jordan",
            "leagues": {
                "standard": {
                    "active": true,
                    "jersey": 6,
                    "pos": "C"
                }
            },
            "nba": {
                "pro": 13,
                "start": 2008
            },
            "weight": {
                "kilograms": "120.2",
                "pounds": "265"
            }
        },
        {
            "affiliation": "UCLA/USA",
            "birth": {
                "country": "USA",
                "date": "1987-08-23"
            },
            "college": "UCLA",
            "firstname": "Darren",
            "height": {
                "feets": null,
                "inches": null,
                "meters": null
            },
            "id": 111,
            "lastname": "Collison",
            "leagues": {
                "standard": {
                    "active": false,
                    "jersey": 21,
                    "pos": null
                }
            },
            "nba": {
                "pro": 0,
                "start": 2009
            },
            "weight": {
                "kilograms": null,
                "pounds": null
            }
        },
        {
            "affiliation": "North Carolina/USA",
            "birth": {
                "country": "USA",
                "date": "1987-11-29"
            },
            "college": "North Carolina",
            "firstname": "Wayne",
            "height": {
                "feets": "6",
                "inches": "4",
                "meters": "1.93"
            },
            "id": 157,
            "lastname": "Ellington",
            "leagues": {
                "standard": {
                    "active": true,
                    "jersey": 2,
                    "pos": "G"
                }
            },
            "nba": {
                "pro": 12,
                "start": 2009
            },
            "weight": {
                "kilograms": "93.9",
                "pounds": "207"
            }
        },
        {
            "affiliation": "Texas-Austin/USA",
            "birth": {
                "country": "USA",
                "date": "1990-11-26"
            },
            "college": "Texas-Austin",
            "firstname": "Avery",
            "height": {
                "feets": "6",
                "inches": "3",
                "meters": "1.9"
            },
            "id": 68,
            "lastname": "Bradley",
            "leagues": {
                "standard": {
                    "active": true,
                    "jersey": 20,
                    "pos": "G"
                }
            },
            "nba": {
                "pro": 11,
                "start": 2010
            },
            "weight": {
                "kilograms": "81.6",
                "pounds": "180"
            }
        },
        {
            "affiliation": "Washington/USA",
            "birth": {
                "country": "USA",
                "date": "1989-02-07"
            },
            "college": "Washington",
            "firstname": "Isaiah",
            "height": {
                "feets": "5",
                "inches": "9",
                "meters": "1.75"
            },
            "id": 510,
            "lastname": "Thomas",
            "leagues": {
                "standard": {
                    "active": true,
                    "jersey": 4,
                    "pos": "G"
                }
            },
            "nba": {
                "pro": 10,
                "start": 2011
            },
            "weight": {
                "kilograms": "83.9",
                "pounds": "185"
            }
        },
        {
            "affiliation": "Kentucky/USA",
            "birth": {
                "country": "USA",
                "date": "1993-03-11"
            },
            "college": "Kentucky",
            "firstname": "Anthony",
            "height": {
                "feets": "6",
                "inches": "10",
                "meters": "2.08"
            },
            "id": 126,
            "lastname": "Davis",
            "leagues": {
                "standard": {
                    "active": true,
                    "jersey": 3,
                    "pos": "F-C"
                }
            },
            "nba": {
                "pro": 9,
                "start": 2012
            },
            "weight": {
                "kilograms": "114.8",
                "pounds": "253"
            }
        },
        {
            "affiliation": "Old Dominion/USA",
            "birth": {
                "country": "USA",
                "date": "1989-07-01"
            },
            "college": "Old Dominion",
            "firstname": "Kent",
            "height": {
                "feets": "6",
                "inches": "4",
                "meters": "1.93"
            },
            "id": 44,
            "lastname": "Bazemore",
            "leagues": {
                "standard": {
                    "active": true,
                    "jersey": 24,
                    "pos": "G-F"
                }
            },
            "nba": {
                "pro": 9,
                "start": 2012
            },
            "weight": {
                "kilograms": "88.5",
                "pounds": "195"
            }
        },
        {
            "affiliation": "St. Vincent-St. Mary HS (OH)/USA",
            "birth": {
                "country": "USA",
                "date": "1984-12-30"
            },
            "college": "St. Vincent-St. Mary HS (OH)",
            "firstname": "LeBron",
            "height": {
                "feets": "6",
                "inches": "9",
                "meters": "2.06"
            },
            "id": 265,
            "lastname": "James",
            "leagues": {
                "standard": {
                    "active": true,
                    "jersey": 6,
                    "pos": "F"
                }
            },
            "nba": {
                "pro": 18,
                "start": 2003
            },
            "weight": {
                "kilograms": "113.4",
                "pounds": "250"
            }
        },
        {
            "affiliation": "Syracuse/USA",
            "birth": {
                "country": "USA",
                "date": "1984-05-29"
            },
            "college": "Syracuse",
            "firstname": "Carmelo",
            "height": {
                "feets": "6",
                "inches": "7",
                "meters": "2.01"
            },
            "id": 21,
            "lastname": "Anthony",
            "leagues": {
                "standard": {
                    "active": true,
                    "jersey": 7,
                    "pos": "F"
                }
            },
            "nba": {
                "pro": 18,
                "start": 2003
            },
            "weight": {
                "kilograms": "108.0",
                "pounds": "238"
            }
        },
        {
            "affiliation": null,
            "birth": {
                "country": null,
                "date": "1997-05-22"
            },
            "college": "King",
            "firstname": "Jordan",
            "height": {
                "feets": "6",
                "inches": "2",
                "meters": "1.88"
            },
            "id": 2879,
            "lastname": "Floyd",
            "leagues": {
                "sacramento": {
                    "active": true,
                    "jersey": 36,
                    "pos": "G"
                },
                "vegas": {
                    "active": true,
                    "jersey": 36,
                    "pos": "G"
                }
            },
            "nba": {
                "pro": 0,
                "start": 0
            },
            "weight": {
                "kilograms": "77.1",
                "pounds": "170"
            }
        },
        {
            "affiliation": null,
            "birth": {
                "country": null,
                "date": "2000-04-14"
            },
            "college": "Syracuse",
            "firstname": "Alan",
            "height": {
                "feets": "6",
                "inches": "5",
                "meters": "1.96"
            },
            "id": 2883,
            "lastname": "Griffin",
            "leagues": {
                "sacramento": {
                    "active": true,
                    "jersey": 37,
                    "pos": "F"
                },
                "vegas": {
                    "active": true,
                    "jersey": 37,
                    "pos": "F"
                }
            },
            "nba": {
                "pro": 0,
                "start": 0
            },
            "weight": {
                "kilograms": "86.2",
                "pounds": "190"
            }
        },
        {
            "affiliation": null,
            "birth": {
                "country": null,
                "date": "1996-06-11"
            },
            "college": "South Dakota",
            "firstname": "Tyler",
            "height": {
                "feets": "6",
                "inches": "10",
                "meters": "2.08"
            },
            "id": 3049,
            "lastname": "Hagedorn",
            "leagues": {
                "vegas": {
                    "active": true,
                    "jersey": 68,
                    "pos": "F"
                }
            },
            "nba": {
                "pro": 0,
                "start": 0
            },
            "weight": {
                "kilograms": "104.3",
                "pounds": "230"
            }
        },
        {
            "affiliation": "SW Atlanta Christian Academy (GA)/USA",
            "birth": {
                "country": "USA",
                "date": "1985-12-08"
            },
            "college": "SW Atlanta Christian Academy (GA)",
            "firstname": "Dwight",
            "height": {
                "feets": "6",
                "inches": "10",
                "meters": "2.08"
            },
            "id": 250,
            "lastname": "Howard",
            "leagues": {
                "standard": {
                    "active": true,
                    "jersey": 39,
                    "pos": "C-F"
                }
            },
            "nba": {
                "pro": 17,
                "start": 2004
            },
            "weight": {
                "kilograms": "120.2",
                "pounds": "265"
            }
        },
        {
            "affiliation": "UCLA/USA",
            "birth": {
                "country": "USA",
                "date": "1985-06-30"
            },
            "college": "UCLA",
            "firstname": "Trevor",
            "height": {
                "feets": null,
                "inches": null,
                "meters": null
            },
            "id": 23,
            "lastname": "Ariza",
            "leagues": {
                "standard": {
                    "active": false,
                    "jersey": 1,
                    "pos": null
                }
            },
            "nba": {
                "pro": 0,
                "start": 2004
            },
            "weight": {
                "kilograms": null,
                "pounds": null
            }
        }
    ],
    "results": 39
}