{
    "errors": [],
    "get": "players/",
    "parameters": {
        "season": "2015",
        "team": "17"
    },
    "response": [
        {
            "affiliation": "Louisiana State/USA",
            "birth": {
                "country": "USA",
                "date": "1985-04-30"
            },
            "college": "Louisiana State",
            "firstname": "Brandon",
            "height": {
                "feets": "6",
                "inches": "8",
                "meters": "2.03"
            },
            "id": 39,
            "lastname": "Bass",
            "leagues": {
                "standard": {
                    "active": false,
                    "jersey": 30,
                    "pos": "F"
                }
            },
            "nba": {
                "pro": 11,
                "start": 2005
            },
            "weight": {
                "kilograms": "113.4",
                "pounds": "250"
            }
        },
        {
            "affiliation": "South Gwinnett HS (GA)/USA",
            "birth": {
                "country": "USA",
                "date": "1986-10-27"
            },
            "college": "South Gwinnett HS (GA)",
            "firstname": "Lou",
            "height": {
                "feets": "6",
                "inches": "2",
                "meters": "1.88"
            },
            "id": 553,
            "lastname": "Williams",
            "leagues": {
                "standard": {
                    "active": true,
                    "jersey": 6,
                    "pos": "G"
                }
            },
            "nba": {
                "pro": 16,
                "start": 2005
            },
            "weight": {
                "kilograms": "79.4",
                "pounds": "175"
            }
        },
        {
            "affiliation": null,
            "birth": {
                "country": null,
                "date": null
            },
            "college": null,
            "firstname": "Anthony",
            "height": {
                "feets": null,
                "inches": null,
                "meters": null
            },
            "id": 73,
            "lastname": "Brown",
            "leagues": {
                "sacramento": {
                    "active": true,
                    "jersey": null,
                    "pos": null
                },
                "standard": {
                    "active": false,
                    "jersey": 22,
                    "pos": null
                },
                "vegas": {
                    "active": true,
                    "jersey": 38,
                    "pos": "F"
                }
            },
            "nba": {
                "pro": 0,
                "start": 0
            },
            "weight": {
                "kilograms": null,
                "pounds": null
            }
        },
        {
            "affiliation": "Ohio State/USA",
            "birth": {
                "country": "USA",
                "date": "1996-02-23"
            },
            "college": "Ohio State",
            "firstname": "D'Angelo",
            "height": {
                "feets": "6",
                "inches": "4",
                "meters": "1.93"
            },
            "id": 462,
            "lastname": "Russell",
            "leagues": {
                "standard": {
                    "active": true,
                    "jersey": null,
                    "pos": "G"
                }
            },
            "nba": {
                "pro": 6,
                "start": 2015
            },
            "weight": {
                "kilograms": "87.5",
                "pounds": "193"
            }
        },
        {
            "affiliation": null,
            "birth": {
                "country": null,
                "date": null
            },
            "college": null,
            "firstname": "Jonathan",
            "height": {
                "feets": null,
                "inches": null,
                "meters": null
            },
            "id": 579,
            "lastname": "Holmes",
            "leagues": {
                "standard": {
                    "active": false,
                    "jersey": 33,
                    "pos": null
                },
                "vegas": {
                    "active": true,
                    "jersey": 7,
                    "pos": "F"
                }
            },
            "nba": {
                "pro": 0,
                "start": 0
            },
            "weight": {
                "kilograms": null,
                "pounds": null
            }
        },
        {
            "affiliation": "Florida/USA",
            "birth": {
                "country": "USA",
                "date": "1994-03-08"
            },
            "college": "Florida",
            "firstname": "Michael",
            "height": {
                "feets": "6",
                "inches": "3",
                "meters": "1.9"
            },
            "id": 1831,
            "lastname": "Frazier",
            "leagues": {
                "standard": {
                    "active": true,
                    "jersey": 21,
                    "pos": "G"
                },
                "vegas": {
                    "active": true,
                    "jersey": 21,
                    "pos": "G"
                }
            },
            "nba": {
                "pro": 1,
                "start": 0
            },
            "weight": {
                "kilograms": "90.7",
                "pounds": "200"
            }
        },
        {
            "affiliation": "Wyoming/USA",
            "birth": {
                "country": "USA",
                "date": "1993-01-01"
            },
            "college": "Wyoming",
            "firstname": "Larry",
            "height": {
                "feets": "6",
                "inches": "7",
                "meters": "2.01"
            },
            "id": 385,
            "lastname": "Nance Jr.",
            "leagues": {
                "standard": {
                    "active": true,
                    "jersey": 22,
                    "pos": "F-C"
                }
            },
            "nba": {
                "pro": 6,
                "start": 2015
            },
            "weight": {
                "kilograms": "111.1",
                "pounds": "245"
            }
        },
        {
            "affiliation": null,
            "birth": {
                "country": "Brazil",
                "date": "1983-05-25"
            },
            "college": null,
            "firstname": "Marcelo",
            "height": {
                "feets": "6",
                "inches": "3",
                "meters": "1.9"
            },
            "id": 251,
            "lastname": "Huertas",
            "leagues": {
                "standard": {
                    "active": false,
                    "jersey": 4,
                    "pos": "G"
                }
            },
            "nba": {
                "pro": 0,
                "start": 2015
            },
            "weight": {
                "kilograms": "90.7",
                "pounds": "200"
            }
        },
        {
            "affiliation": "St. John's/USA",
            "birth": {
                "country": "USA",
                "date": "1979-11-13"
            },
            "college": "St. John's (NY)",
            "firstname": "Metta",
            "height": {
                "feets": "6",
                "inches": "7",
                "meters": "2.01"
            },
            "id": 562,
            "lastname": "World Peace",
            "leagues": {
                "standard": {
                    "active": false,
                    "jersey": 37,
                    "pos": "F"
                }
            },
            "nba": {
                "pro": 16,
                "start": 1999
            },
            "weight": {
                "kilograms": "117.9",
                "pounds": "260"
            }
        },
        {
            "affiliation": "USC/USA",
            "birth": {
                "country": "USA",
                "date": "1985-06-01"
            },
            "college": "Southern California",
            "firstname": "Nick",
            "height": {
                "feets": "6",
                "inches": "7",
                "meters": "2.01"
            },
            "id": 569,
            "lastname": "Young",
            "leagues": {
                "standard": {
                    "active": true,
                    "jersey": 34,
                    "pos": "G-F"
                }
            },
            "nba": {
                "pro": 11,
                "start": 2007
            },
            "weight": {
                "kilograms": "95.3",
                "pounds": "210"
            }
        },
        {
            "affiliation": "Georgetown/USA",
            "birth": {
                "country": "USA",
                "date": "1986-12-11"
            },
            "college": "Georgetown",
            "firstname": "Roy",
            "height": {
                "feets": "7",
                "inches": "2",
                "meters": "2.18"
            },
            "id": 233,
            "lastname": "Hibbert",
            "leagues": {
                "standard": {
                    "active": false,
                    "jersey": 34,
                    "pos": "C"
                }
            },
            "nba": {
                "pro": 8,
                "start": 2008
            },
            "weight": {
                "kilograms": "122.5",
                "pounds": "270"
            }
        },
        {
            "affiliation": null,
            "birth": {
                "country": "Canada",
                "date": "1989-06-06"
            },
            "college": "Gonzaga",
            "firstname": "Robert",
            "height": {
                "feets": "7",
                "inches": "0",
                "meters": "2.13"
            },
            "id": 464,
            "lastname": "Sacre",
            "leagues": {
                "standard": {
                    "active": false,
                    "jersey": 50,
                    "pos": "C"
                }
            },
            "nba": {
                "pro": 3,
                "start": 2012
            },
            "weight": {
                "kilograms": "122.5",
                "pounds": "270"
            }
        },
        {
            "affiliation": "Duke/USA",
            "birth": {
                "country": "USA",
                "date": "1991-04-09"
            },
            "college": "Duke",
            "firstname": "Ryan",
            "height": {
                "feets": "6",
                "inches": "11",
                "meters": "2.11"
            },
            "id": 294,
            "lastname": "Kelly",
            "leagues": {
                "standard": {
                    "active": false,
                    "jersey": 30,
                    "pos": "F"
                }
            },
            "nba": {
                "pro": 3,
                "start": 2013
            },
            "weight": {
                "kilograms": "104.3",
                "pounds": "230"
            }
        },
        {
            "affiliation": "Missouri/USA",
            "birth": {
                "country": "USA",
                "date": "1992-06-07"
            },
            "college": "Missouri",
            "firstname": "Jordan",
            "height": {
                "feets": "6",
                "inches": "4",
                "meters": "1.93"
            },
            "id": 109,
            "lastname": "Clarkson",
            "leagues": {
                "standard": {
                    "active": true,
                    "jersey": null,
                    "pos": "G"
                }
            },
            "nba": {
                "pro": 7,
                "start": 2014
            },
            "weight": {
                "kilograms": "88.0",
                "pounds": "194"
            }
        },
        {
            "affiliation": null,
            "birth": {
                "country": null,
                "date": null
            },
            "college": null,
            "firstname": "Jabari",
            "height": {
                "feets": null,
                "inches": null,
                "meters": null
            },
            "id": 708,
            "lastname": "Brown",
            "leagues": {
                "standard": {
                    "active": false,
                    "jersey": 23,
                    "pos": null
                }
            },
            "nba": {
                "pro": 0,
                "start": 0
            },
            "weight": {
                "kilograms": null,
                "pounds": null
            }
        },
        {
            "affiliation": "Kentucky/USA",
            "birth": {
                "country": "USA",
                "date": "1994-11-29"
            },
            "college": "Kentucky",
            "firstname": "Julius",
            "height": {
                "feets": "6",
                "inches": "8",
                "meters": "2.03"
            },
            "id": 441,
            "lastname": "Randle",
            "leagues": {
                "standard": {
                    "active": true,
                    "jersey": 30,
                    "pos": "F-C"
                }
            },
            "nba": {
                "pro": 7,
                "start": 2014
            },
            "weight": {
                "kilograms": "113.4",
                "pounds": "250"
            }
        },
        {
            "affiliation": "Kansas/USA",
            "birth": {
                "country": "USA",
                "date": "1991-11-22"
            },
            "college": "Kansas",
            "firstname": "Tarik",
            "height": {
                "feets": "6",
                "inches": "9",
                "meters": "2.06"
            },
            "id": 56,
            "lastname": "Black",
            "leagues": {
                "standard": {
                    "active": true,
                    "jersey": 28,
                    "pos": "F"
                },
                "vegas": {
                    "active": true,
                    "jersey": 28,
                    "pos": "F"
                }
            },
            "nba": {
                "pro": 4,
                "start": 2014
            },
            "weight": {
                "kilograms": "117.9",
                "pounds": "260"
            }
        },
        {
            "affiliation": null,
            "birth": {
                "country": "USA",
                "date": "1978-08-23"
            },
            "college": "Lower Merion HS (PA)",
            "firstname": "Kobe",
            "height": {
                "feets": "6",
                "inches": "6",
                "meters": "1.98"
            },
            "id": 79,
            "lastname": "Bryant",
            "leagues": {
                "standard": {
                    "active": false,
                    "jersey": 24,
                    "pos": "F-G"
                }
            },
            "nba": {
                "pro": 19,
                "start": 1996
            },
            "weight": {
                "kilograms": "96.2",
                "pounds": "212"
            }
        }
    ],
    "results": 18
}