{
    "errors": [],
    "get": "players/",
    "parameters": {
        "season": "2023",
        "team": "17"
    },
    "response": [
        {
            "affiliation": "Ohio State/USA",
            "birth": {
                "country": "USA",
                "date": "1996-02-23"
            },
            "college": "Ohio State",
            "firstname": "D'Angelo",
            "height": {
                "feets": "6",
                "inches": "4",
                "meters": "1.93"
            },
            "id": 462,
            "lastname": "Russell",
            "leagues": {
                "standard": {
                    "active": true,
                    "jersey": null,
                    "pos": "G"
                }
            },
            "nba": {
                "pro": 6,
                "start": 2015
            },
            "weight": {
                "kilograms": "87.5",
                "pounds": "193"
            }
        },
        {
            "affiliation": "UNLV/USA",
            "birth": {
                "country": "USA",
                "date": "1995-09-27"
            },
            "college": "UNLV",
            "firstname": "Christian",
            "height": {
                "feets": "6",
                "inches": "9",
                "meters": "2.06"
            },
            "id": 560,
            "lastname": "Wood",
            "leagues": {
                "standard": {
                    "active": true,
                    "jersey": 35,
                    "pos": "F"
                },
                "vegas": {
                    "active": true,
                    "jersey": 35,
                    "pos": "C"
                }
            },
            "nba": {
                "pro": 5,
                "start": 2015
            },
            "weight": {
                "kilograms": "97.1",
                "pounds": "214"
            }
        },
        {
            "affiliation": "Baylor/USA",
            "birth": {
                "country": "USA",
                "date": "1994-03-22"
            },
            "college": "Baylor",
            "firstname": "Taurean",
            "height": {
                "feets": "6",
                "inches": "6",
                "meters": "1.98"
            },
            "id": 437,
            "lastname": "Prince",
            "leagues": {
                "standard": {
                    "active": true,
                    "jersey": 12,
                    "pos": "F"
                }
            },
            "nba": {
                "pro": 5,
                "start": 2016
            },
            "weight": {
                "kilograms": "98.9",
                "pounds": "218"
            }
        },
        {
            "affiliation": "Kentucky/USA",
            "birth": {
                "country": "USA",
                "date": "1999-04-03"
            },
            "college": "Kentucky",
            "firstname": "Jarred",
            "height": {
                "feets": "6",
                "inches": "9",
                "meters": "2.06"
            },
            "id": 1036,
            "lastname": "Vanderbilt",
            "leagues": {
                "standard": {
                    "active": true,
                    "jersey": 8,
                    "pos": "F"
                },
                "vegas": {
                    "active": true,
                    "jersey": 8,
                    "pos": "F"
                }
            },
            "nba": {
                "pro": 3,
                "start": 2018
            },
            "weight": {
                "kilograms": "97.1",
                "pounds": "214"
            }
        },
        {
            "affiliation": "Gonzaga/Japan",
            "birth": {
                "country": "Japan",
                "date": "1998-02-08"
            },
            "college": "Gonzaga",
            "firstname": "Rui",
            "height": {
                "feets": "6",
                "inches": "8",
                "meters": "2.03"
            },
            "id": 1862,
            "lastname": "Hachimura",
            "leagues": {
                "standard": {
                    "active": true,
                    "jersey": 8,
                    "pos": "F"
                },
                "vegas": {
                    "active": true,
                    "jersey": 8,
                    "pos": "F"
                }
            },
            "nba": {
                "pro": 2,
                "start": 2019
            },
            "weight": {
                "kilograms": "104.3",
                "pounds": "230"
            }
        },
        {
            "affiliation": "California-Santa Barbara/USA",
            "birth": {
                "country": "USA",
                "date": "1996-06-14"
            },
            "college": "California-Santa Barbara",
            "firstname": "Gabe",
            "height": {
                "feets": "6",
                "inches": "3",
                "meters": "1.9"
            },
            "id": 1775,
            "lastname": "Vincent",
            "leagues": {
                "sacramento": {
                    "active": true,
                    "jersey": 2,
                    "pos": "G"
                },
                "standard": {
                    "active": true,
                    "jersey": 2,
                    "pos": "G"
                },
                "vegas": {
                    "active": true,
                    "jersey": 2,
                    "pos": "G"
                }
            },
            "nba": {
                "pro": 2,
                "start": 2019
            },
            "weight": {
                "kilograms": "90.7",
                "pounds": "200"
            }
        },
        {
            "affiliation": "Duke/USA",
            "birth": {
                "country": "USA",
                "date": "1999-09-01"
            },
            "college": "Duke",
            "firstname": "Cam",
            "height": {
                "feets": "6",
                "inches": "8",
                "meters": "2.03"
            },
            "id": 1889,
            "lastname": "Reddish",
            "leagues": {
                "standard": {
                    "active": true,
                    "jersey": null,
                    "pos": "F-G"
                }
            },
            "nba": {
                "pro": 2,
                "start": 2019
            },
            "weight": {
                "kilograms": "98.4",
                "pounds": "217"
            }
        },
        {
            "affiliation": "Texas/USA",
            "birth": {
                "country": "USA",
                "date": "2000-05-23"
            },
            "college": "Texas",
            "firstname": "Jaxson",
            "height": {
                "feets": "6",
                "inches": "11",
                "meters": "2.11"
            },
            "id": 1864,
            "lastname": "Hayes",
            "leagues": {
                "standard": {
                    "active": true,
                    "jersey": 10,
                    "pos": "C-F"
                },
                "vegas": {
                    "active": true,
                    "jersey": 10,
                    "pos": "F-C"
                }
            },
            "nba": {
                "pro": 2,
                "start": 2019
            },
            "weight": {
                "kilograms": "99.8",
                "pounds": "220"
            }
        },
        {
            "affiliation": "Belmont/USA",
            "birth": {
                "country": "USA",
                "date": "1996-09-22"
            },
            "college": "Belmont",
            "firstname": "Dylan",
            "height": {
                "feets": "6",
                "inches": "6",
                "meters": "1.98"
            },
            "id": 1903,
            "lastname": "Windler",
            "leagues": {
                "standard": {
                    "active": true,
                    "jersey": 9,
                    "pos": "G-F"
                },
                "utah": {
                    "active": true,
                    "jersey": 9,
                    "pos": "F"
                },
                "vegas": {
                    "active": true,
                    "jersey": 9,
                    "pos": "G-F"
                }
            },
            "nba": {
                "pro": 1,
                "start": 2020
            },
            "weight": {
                "kilograms": "88.9",
                "pounds": "196"
            }
        },
        {
            "affiliation": "Louisiana State/USA",
            "birth": {
                "country": "USA",
                "date": "1997-09-05"
            },
            "college": "Louisiana State",
            "firstname": "Skylar",
            "height": {
                "feets": "6",
                "inches": "4",
                "meters": "1.93"
            },
            "id": 2620,
            "lastname": "Mays",
            "leagues": {
                "standard": {
                    "active": true,
                    "jersey": 4,
                    "pos": "G"
                },
                "vegas": {
                    "active": true,
                    "jersey": 4,
                    "pos": "G"
                }
            },
            "nba": {
                "pro": 1,
                "start": 2020
            },
            "weight": {
                "kilograms": "93.0",
                "pounds": "205"
            }
        },
        {
            "affiliation": "Oklahoma/USA",
            "birth": {
                "country": "USA",
                "date": "1998-05-29"
            },
            "college": "Oklahoma",
            "firstname": "Austin",
            "height": {
                "feets": "6",
                "inches": "5",
                "meters": "1.96"
            },
            "id": 2845,
            "lastname": "Reaves",
            "leagues": {
                "sacramento": {
                    "active": true,
                    "jersey": 31,
                    "pos": "G"
                },
                "standard": {
                    "active": true,
                    "jersey": 15,
                    "pos": "G"
                },
                "vegas": {
                    "active": true,
                    "jersey": 31,
                    "pos": "G"
                }
            },
            "nba": {
                "pro": 0,
                "start": 2021
            },
            "weight": {
                "kilograms": "89.4",
                "pounds": "197"
            }
        },
        {
            "affiliation": null,
            "birth": {
                "country": null,
                "date": null
            },
            "college": null,
            "firstname": "Scotty",
            "height": {
                "feets": null,
                "inches": null,
                "meters": null
            },
            "id": 3477,
            "lastname": "Pippen Jr.",
            "leagues": {
                "sacramento": {
                    "active": true,
                    "jersey": 1,
                    "pos": "G"
                },
                "standard": {
                    "active": true,
                    "jersey": 14,
                    "pos": "G"
                },
                "vegas": {
                    "active": true,
                    "jersey": 1,
                    "pos": "G"
                }
            },
            "nba": {
                "pro": 0,
                "start": 0
            },
            "weight": {
                "kilograms": null,
                "pounds": null
            }
        },
        {
            "affiliation": null,
            "birth": {
                "country": null,
                "date": null
            },
            "college": null,
            "firstname": "Max",
            "height": {
                "feets": null,
                "inches": null,
                "meters": null
            },
            "id": 3427,
            "lastname": "Christie",
            "leagues": {
                "sacramento": {
                    "active": true,
                    "jersey": 10,
                    "pos": "G"
                },
                "standard": {
                    "active": true,
                    "jersey": 10,
                    "pos": "G"
                },
                "vegas": {
                    "active": true,
                    "jersey": 10,
                    "pos": "G"
                }
            },
            "nba": {
                "pro": 0,
                "start": 0
            },
            "weight": {
                "kilograms": null,
                "pounds": null
            }
        },
        {
            "affiliation": null,
            "birth": {
                "country": null,
                "date": null
            },
            "college": null,
            "firstname": "Bryce",
            "height": {
                "feets": null,
                "inches": null,
                "meters": null
            },
            "id": 3525,
            "lastname": "Hamilton",
            "leagues": {
                "sacramento": {
                    "active": true,
                    "jersey": 53,
                    "pos": "G-F"
                },
                "standard": {
                    "active": true,
                    "jersey": 53,
                    "pos": "G"
                },
                "vegas": {
                    "active": true,
                    "jersey": 53,
                    "pos": "G-F"
                }
            },
            "nba": {
                "pro": 0,
                "start": 0
            },
            "weight": {
                "kilograms": null,
                "pounds": null
            }
        },
        {
            "affiliation": null,
            "birth": {
                "country": null,
                "date": null
            },
            "college": "TCU",
            "firstname": "Damion",
            "height": {
                "feets": "6",
                "inches": null,
                "meters": null
            },
            "id": 3986,
            "lastname": "Baugh",
            "leagues": {
                "standard": {
                    "active": true,
                    "jersey": 18,
                    "pos": "G"
                }
            },
            "nba": {
                "pro": 0,
                "start": 0
            },
            "weight": {
                "kilograms": null,
                "pounds": "194"
            }
        },
        {
            "affiliation": null,
            "birth": {
                "country": null,
                "date": null
            },
            "college": "Florida",
            "firstname": "Colin",
            "height": {
                "feets": "6",
                "inches": null,
                "meters": null
            },
            "id": 3987,
            "lastname": "Castleton",
            "leagues": {
                "standard": {
                    "active": true,
                    "jersey": 14,
                    "pos": "C"
                }
            },
            "nba": {
                "pro": 0,
                "start": 0
            },
            "weight": {
                "kilograms": null,
                "pounds": "231"
            }
        },
        {
            "affiliation": null,
            "birth": {
                "country": null,
                "date": null
            },
            "college": "Florida",
            "firstname": "Alex",
            "height": {
                "feets": "6",
                "inches": null,
                "meters": null
            },
            "id": 3988,
            "lastname": "Fudge",
            "leagues": {
                "standard": {
                    "active": true,
                    "jersey": 17,
                    "pos": "F"
                }
            },
            "nba": {
                "pro": 0,
                "start": 0
            },
            "weight": {
                "kilograms": null,
                "pounds": "189"
            }
        },
        {
            "affiliation": null,
            "birth": {
                "country": null,
                "date": null
            },
            "college": "Missouri",
            "firstname": "D'Moi",
            "height": {
                "feets": "6",
                "inches": null,
                "meters": null
            },
            "id": 3989,
            "lastname": "Hodge",
            "leagues": {
                "standard": {
                    "active": true,
                    "jersey": 55,
                    "pos": "G"
                }
            },
            "nba": {
                "pro": 0,
                "start": 0
            },
            "weight": {
                "kilograms": null,
                "pounds": "185"
            }
        },
        {
            "affiliation": null,
            "birth": {
                "country": null,
                "date": null
            },
            "college": "Indiana",
            "firstname": "Jalen",
            "height": {
                "feets": "6",
                "inches": null,
                "meters": null
            },
            "id": 3990,
            "lastname": "HoodSchifino",
            "leagues": {
                "standard": {
                    "active": true,
                    "jersey": null,
                    "pos": "G"
                }
            },
            "nba": {
                "pro": 0,
                "start": 0
            },
            "weight": {
                "kilograms": null,
                "pounds": "215"
            }
        },
        {
            "affiliation": null,
            "birth": {
                "country": null,
                "date": null
            },
            "college": "Pepperdine",
            "firstname": "Maxwell",
            "height": {
                "feets": "6",
                "inches": null,
                "meters": null
            },
            "id": 3991,
            "lastname": "Lewis",
            "leagues": {
                "standard": {
                    "active": true,
                    "jersey": 21,
                    "pos": "F"
                }
            },
            "nba": {
                "pro": 0,
                "start": 0
            },
            "weight": {
                "kilograms": null,
                "pounds": "205"
            }
        },
        {
            "affiliation": null,
            "birth": {
                "country": null,
                "date": null
            },
            "college": null,
            "firstname": "Vincent",
            "height": {
                "feets": "6",
                "inches": null,
                "meters": null
            },
            "id": 3992,
            "lastname": "ValerioBodon",
            "leagues": {
                "standard": {
                    "active": true,
                    "jersey": 27,
                    "pos": "SF"
                }
            },
            "nba": {
                "pro": 0,
                "start": 0
            },
            "weight": {
                "kilograms": null,
                "pounds": "200"
            }
        },
        {
            "affiliation": null,
            "birth": {
                "country": null,
                "date": null
            },
            "college": "Duke",
            "firstname": "Harry III",
            "height": {
                "feets": "6",
                "inches": null,
                "meters": null
            },
            "id": 4041,
            "lastname": "Giles",
            "leagues": {
                "standard": {
                    "active": true,
                    "jersey": 14,
                    "pos": "F"
                }
            },
            "nba": {
                "pro": 0,
                "start": 0
            },
            "weight": {
                "kilograms": null,
                "pounds": "240"
            }
        },
        {
            "affiliation": "Kentucky/USA",
            "birth": {
                "country": "USA",
                "date": "1993-03-11"
            },
            "college": "Kentucky",
            "firstname": "Anthony",
            "height": {
                "feets": "6",
                "inches": "10",
                "meters": "2.08"
            },
            "id": 126,
            "lastname": "Davis",
            "leagues": {
                "standard": {
                    "active": true,
                    "jersey": 3,
                    "pos": "F-C"
                }
            },
            "nba": {
                "pro": 9,
                "start": 2012
            },
            "weight": {
                "kilograms": "114.8",
                "pounds": "253"
            }
        },
        {
            "affiliation": "Colorado/USA",
            "birth": {
                "country": "USA",
                "date": "1993-04-06"
            },
            "college": "Colorado",
            "firstname": "Spencer",
            "height": {
                "feets": "6",
                "inches": "6",
                "meters": "1.98"
            },
            "id": 142,
            "lastname": "Dinwiddie",
            "leagues": {
                "standard": {
                    "active": true,
                    "jersey": 26,
                    "pos": "G"
                }
            },
            "nba": {
                "pro": 7,
                "start": 2014
            },
            "weight": {
                "kilograms": "97.5",
                "pounds": "215"
            }
        },
        {
            "affiliation": "St. Vincent-St. Mary HS (OH)/USA",
            "birth": {
                "country": "USA",
                "date": "1984-12-30"
            },
            "college": "St. Vincent-St. Mary HS (OH)",
            "firstname": "LeBron",
            "height": {
                "feets": "6",
                "inches": "9",
                "meters": "2.06"
            },
            "id": 265,
            "lastname": "James",
            "leagues": {
                "standard": {
                    "active": true,
                    "jersey": 6,
                    "pos": "F"
                }
            },
            "nba": {
                "pro": 18,
                "start": 2003
            },
            "weight": {
                "kilograms": "113.4",
                "pounds": "250"
            }
        }
    ],
    "results": 25
}