{
    "errors": [],
    "get": "players/",
    "parameters": {
        "season": "2022",
        "team": "20"
    },
    "response": [
        {
            "affiliation": "Kentucky/USA",
            "birth": {
                "country": "USA",
                "date": "1997-07-18"
            },
            "college": "Kentucky",
            "firstname": "Bam",
            "height": {
                "feets": "6",
                "inches": "9",
                "meters": "2.06"
            },
            "id": 724,
            "lastname": "Adebayo",
            "leagues": {
                "sacramento": {
                    "active": true,
                    "jersey": 13,
                    "pos": "C-F"
                },
                "standard": {
                    "active": true,
                    "jersey": 13,
                    "pos": "C-F"
                },
                "vegas": {
                    "active": true,
                    "jersey": 13,
                    "pos": "C-F"
                }
            },
            "nba": {
                "pro": 4,
                "start": 2017
            },
            "weight": {
                "kilograms": "115.7",
                "pounds": "255"
            }
        },
        {
            "affiliation": null,
            "birth": {
                "country": null,
                "date": null
            },
            "college": null,
            "firstname": "Mychal",
            "height": {
                "feets": null,
                "inches": null,
                "meters": null
            },
            "id": 2201,
            "lastname": "Mulder",
            "leagues": {
                "sacramento": {
                    "active": true,
                    "jersey": 12,
                    "pos": "G"
                },
                "standard": {
                    "active": true,
                    "jersey": 15,
                    "pos": "G"
                },
                "vegas": {
                    "active": true,
                    "jersey": 12,
                    "pos": "G"
                }
            },
            "nba": {
                "pro": 0,
                "start": 0
            },
            "weight": {
                "kilograms": null,
                "pounds": null
            }
        },
        {
            "affiliation": null,
            "birth": {
                "country": null,
                "date": null
            },
            "college": null,
            "firstname": "Caleb",
            "height": {
                "feets": null,
                "inches": null,
                "meters": null
            },
            "id": 2242,
            "lastname": "Martin",
            "leagues": {
                "standard": {
                    "active": true,
                    "jersey": 16,
                    "pos": "F"
                },
                "vegas": {
                    "active": true,
                    "jersey": 10,
                    "pos": "G-F"
                }
            },
            "nba": {
                "pro": 0,
                "start": 0
            },
            "weight": {
                "kilograms": null,
                "pounds": null
            }
        },
        {
            "affiliation": "Michigan/USA",
            "birth": {
                "country": "USA",
                "date": "1994-04-22"
            },
            "college": "Michigan",
            "firstname": "Duncan",
            "height": {
                "feets": "6",
                "inches": "7",
                "meters": "2.01"
            },
            "id": 1018,
            "lastname": "Robinson",
            "leagues": {
                "sacramento": {
                    "active": true,
                    "jersey": 55,
                    "pos": "F"
                },
                "standard": {
                    "active": true,
                    "jersey": 55,
                    "pos": "F"
                },
                "vegas": {
                    "active": true,
                    "jersey": 55,
                    "pos": "F"
                }
            },
            "nba": {
                "pro": 3,
                "start": 2018
            },
            "weight": {
                "kilograms": "97.5",
                "pounds": "215"
            }
        },
        {
            "affiliation": "California-Santa Barbara/USA",
            "birth": {
                "country": "USA",
                "date": "1996-06-14"
            },
            "college": "California-Santa Barbara",
            "firstname": "Gabe",
            "height": {
                "feets": "6",
                "inches": "3",
                "meters": "1.9"
            },
            "id": 1775,
            "lastname": "Vincent",
            "leagues": {
                "sacramento": {
                    "active": true,
                    "jersey": 2,
                    "pos": "G"
                },
                "standard": {
                    "active": true,
                    "jersey": 2,
                    "pos": "G"
                },
                "vegas": {
                    "active": true,
                    "jersey": 2,
                    "pos": "G"
                }
            },
            "nba": {
                "pro": 2,
                "start": 2019
            },
            "weight": {
                "kilograms": "90.7",
                "pounds": "200"
            }
        },
        {
            "affiliation": "Wheeling Jesuit/USA",
            "birth": {
                "country": "USA",
                "date": "1996-12-09"
            },
            "college": "Wheeling Jesuit",
            "firstname": "Haywood",
            "height": {
                "feets": "6",
                "inches": "4",
                "meters": "1.93"
            },
            "id": 1815,
            "lastname": "Highsmith",
            "leagues": {
                "sacramento": {
                    "active": true,
                    "jersey": 24,
                    "pos": "F"
                },
                "standard": {
                    "active": true,
                    "jersey": 24,
                    "pos": "F"
                },
                "vegas": {
                    "active": true,
                    "jersey": 24,
                    "pos": "F"
                }
            },
            "nba": {
                "pro": 1,
                "start": 2018
            },
            "weight": {
                "kilograms": "99.8",
                "pounds": "220"
            }
        },
        {
            "affiliation": "DePaul/USA",
            "birth": {
                "country": "USA",
                "date": "1996-03-28"
            },
            "college": "DePaul",
            "firstname": "Max",
            "height": {
                "feets": "6",
                "inches": "5",
                "meters": "1.96"
            },
            "id": 2051,
            "lastname": "Strus",
            "leagues": {
                "sacramento": {
                    "active": true,
                    "jersey": 31,
                    "pos": "G-F"
                },
                "standard": {
                    "active": true,
                    "jersey": 31,
                    "pos": "G-F"
                },
                "vegas": {
                    "active": true,
                    "jersey": 31,
                    "pos": "G-F"
                }
            },
            "nba": {
                "pro": 2,
                "start": 2019
            },
            "weight": {
                "kilograms": "99.8",
                "pounds": "220"
            }
        },
        {
            "affiliation": "Kentucky/USA",
            "birth": {
                "country": "USA",
                "date": "2000-01-20"
            },
            "college": "Kentucky",
            "firstname": "Tyler",
            "height": {
                "feets": "6",
                "inches": "5",
                "meters": "1.96"
            },
            "id": 1866,
            "lastname": "Herro",
            "leagues": {
                "sacramento": {
                    "active": true,
                    "jersey": 14,
                    "pos": "G"
                },
                "standard": {
                    "active": true,
                    "jersey": 14,
                    "pos": "G"
                },
                "vegas": {
                    "active": true,
                    "jersey": 14,
                    "pos": "G"
                }
            },
            "nba": {
                "pro": 2,
                "start": 2019
            },
            "weight": {
                "kilograms": "88.5",
                "pounds": "195"
            }
        },
        {
            "affiliation": "Georgetown/Turkey",
            "birth": {
                "country": "Turkey",
                "date": "1998-06-19"
            },
            "college": "Georgetown",
            "firstname": "Omer",
            "height": {
                "feets": "6",
                "inches": "11",
                "meters": "2.11"
            },
            "id": 2785,
            "lastname": "Yurtseven",
            "leagues": {
                "sacramento": {
                    "active": true,
                    "jersey": 77,
                    "pos": "C"
                },
                "standard": {
                    "active": true,
                    "jersey": 77,
                    "pos": "C"
                },
                "vegas": {
                    "active": true,
                    "jersey": 77,
                    "pos": "C"
                }
            },
            "nba": {
                "pro": 0,
                "start": 2021
            },
            "weight": {
                "kilograms": "124.7",
                "pounds": "275"
            }
        },
        {
            "affiliation": "Kansas/USA",
            "birth": {
                "country": "USA",
                "date": "1998-11-09"
            },
            "college": "Kansas",
            "firstname": "Marcus",
            "height": {
                "feets": "6",
                "inches": "5",
                "meters": "1.96"
            },
            "id": 2880,
            "lastname": "Garrett",
            "leagues": {
                "sacramento": {
                    "active": true,
                    "jersey": 51,
                    "pos": "G"
                },
                "standard": {
                    "active": true,
                    "jersey": null,
                    "pos": "G"
                },
                "vegas": {
                    "active": true,
                    "jersey": null,
                    "pos": "G"
                }
            },
            "nba": {
                "pro": 0,
                "start": 2021
            },
            "weight": {
                "kilograms": "93.0",
                "pounds": "205"
            }
        },
        {
            "affiliation": null,
            "birth": {
                "country": null,
                "date": null
            },
            "college": null,
            "firstname": "Darius",
            "height": {
                "feets": null,
                "inches": null,
                "meters": null
            },
            "id": 3430,
            "lastname": "Days",
            "leagues": {
                "standard": {
                    "active": true,
                    "jersey": null,
                    "pos": "F"
                },
                "vegas": {
                    "active": true,
                    "jersey": 38,
                    "pos": "F"
                }
            },
            "nba": {
                "pro": 0,
                "start": 0
            },
            "weight": {
                "kilograms": null,
                "pounds": null
            }
        },
        {
            "affiliation": null,
            "birth": {
                "country": null,
                "date": null
            },
            "college": null,
            "firstname": "Dru",
            "height": {
                "feets": null,
                "inches": null,
                "meters": null
            },
            "id": 3360,
            "lastname": "Smith",
            "leagues": {
                "standard": {
                    "active": true,
                    "jersey": 9,
                    "pos": "G"
                },
                "vegas": {
                    "active": true,
                    "jersey": 9,
                    "pos": "G"
                }
            },
            "nba": {
                "pro": 0,
                "start": 0
            },
            "weight": {
                "kilograms": null,
                "pounds": null
            }
        },
        {
            "affiliation": null,
            "birth": {
                "country": null,
                "date": null
            },
            "college": null,
            "firstname": "Nikola",
            "height": {
                "feets": null,
                "inches": null,
                "meters": null
            },
            "id": 3453,
            "lastname": "Jovic",
            "leagues": {
                "sacramento": {
                    "active": true,
                    "jersey": 5,
                    "pos": "F"
                },
                "standard": {
                    "active": true,
                    "jersey": 5,
                    "pos": "F"
                },
                "vegas": {
                    "active": true,
                    "jersey": 5,
                    "pos": "F"
                }
            },
            "nba": {
                "pro": 0,
                "start": 0
            },
            "weight": {
                "kilograms": null,
                "pounds": null
            }
        },
        {
            "affiliation": null,
            "birth": {
                "country": null,
                "date": null
            },
            "college": null,
            "firstname": "Orlando",
            "height": {
                "feets": null,
                "inches": null,
                "meters": null
            },
            "id": 3482,
            "lastname": "Robinson",
            "leagues": {
                "sacramento": {
                    "active": true,
                    "jersey": 59,
                    "pos": "C"
                },
                "standard": {
                    "active": true,
                    "jersey": 25,
                    "pos": "C"
                },
                "vegas": {
                    "active": true,
                    "jersey": 59,
                    "pos": "C"
                }
            },
            "nba": {
                "pro": 0,
                "start": 0
            },
            "weight": {
                "kilograms": null,
                "pounds": null
            }
        },
        {
            "affiliation": null,
            "birth": {
                "country": null,
                "date": null
            },
            "college": null,
            "firstname": "Jamaree",
            "height": {
                "feets": null,
                "inches": null,
                "meters": null
            },
            "id": 3418,
            "lastname": "Bouyea",
            "leagues": {
                "sacramento": {
                    "active": true,
                    "jersey": 52,
                    "pos": "G"
                },
                "standard": {
                    "active": true,
                    "jersey": 11,
                    "pos": "G"
                },
                "vegas": {
                    "active": true,
                    "jersey": 52,
                    "pos": "G"
                }
            },
            "nba": {
                "pro": 0,
                "start": 0
            },
            "weight": {
                "kilograms": null,
                "pounds": null
            }
        },
        {
            "affiliation": null,
            "birth": {
                "country": null,
                "date": null
            },
            "college": null,
            "firstname": "Jamal",
            "height": {
                "feets": null,
                "inches": null,
                "meters": null
            },
            "id": 3424,
            "lastname": "Cain",
            "leagues": {
                "sacramento": {
                    "active": true,
                    "jersey": 54,
                    "pos": "F"
                },
                "standard": {
                    "active": true,
                    "jersey": 8,
                    "pos": "F"
                },
                "vegas": {
                    "active": true,
                    "jersey": 54,
                    "pos": "F"
                }
            },
            "nba": {
                "pro": 0,
                "start": 0
            },
            "weight": {
                "kilograms": null,
                "pounds": null
            }
        },
        {
            "affiliation": "Villanova/USA",
            "birth": {
                "country": "USA",
                "date": "1986-03-25"
            },
            "college": "Villanova",
            "firstname": "Kyle",
            "height": {
                "feets": "6",
                "inches": "0",
                "meters": "1.83"
            },
            "id": 327,
            "lastname": "Lowry",
            "leagues": {
                "standard": {
                    "active": true,
                    "jersey": 7,
                    "pos": "G"
                }
            },
            "nba": {
                "pro": 15,
                "start": 2006
            },
            "weight": {
                "kilograms": "88.9",
                "pounds": "196"
            }
        },
        {
            "affiliation": "UCLA/USA",
            "birth": {
                "country": "USA",
                "date": "1988-09-07"
            },
            "college": "UCLA",
            "firstname": "Kevin",
            "height": {
                "feets": "6",
                "inches": "8",
                "meters": "2.03"
            },
            "id": 326,
            "lastname": "Love",
            "leagues": {
                "standard": {
                    "active": true,
                    "jersey": null,
                    "pos": "F-C"
                }
            },
            "nba": {
                "pro": 13,
                "start": 2008
            },
            "weight": {
                "kilograms": "113.9",
                "pounds": "251"
            }
        },
        {
            "affiliation": "Marquette/USA",
            "birth": {
                "country": "USA",
                "date": "1989-09-14"
            },
            "college": "Marquette",
            "firstname": "Jimmy",
            "height": {
                "feets": "6",
                "inches": "7",
                "meters": "2.01"
            },
            "id": 86,
            "lastname": "Butler",
            "leagues": {
                "standard": {
                    "active": true,
                    "jersey": 22,
                    "pos": "F"
                }
            },
            "nba": {
                "pro": 10,
                "start": 2011
            },
            "weight": {
                "kilograms": "104.3",
                "pounds": "230"
            }
        },
        {
            "affiliation": "Indiana/USA",
            "birth": {
                "country": "USA",
                "date": "1992-10-05"
            },
            "college": "Indiana",
            "firstname": "Cody",
            "height": {
                "feets": null,
                "inches": null,
                "meters": null
            },
            "id": 571,
            "lastname": "Zeller",
            "leagues": {
                "standard": {
                    "active": true,
                    "jersey": 40,
                    "pos": "F-C"
                }
            },
            "nba": {
                "pro": 0,
                "start": 2013
            },
            "weight": {
                "kilograms": null,
                "pounds": null
            }
        },
        {
            "affiliation": "Southern California/USA",
            "birth": {
                "country": "USA",
                "date": "1989-08-12"
            },
            "college": "Southern California",
            "firstname": "Dewayne",
            "height": {
                "feets": "7",
                "inches": "0",
                "meters": "2.13"
            },
            "id": 131,
            "lastname": "Dedmon",
            "leagues": {
                "standard": {
                    "active": true,
                    "jersey": 21,
                    "pos": "C"
                }
            },
            "nba": {
                "pro": 8,
                "start": 2013
            },
            "weight": {
                "kilograms": "111.1",
                "pounds": "245"
            }
        },
        {
            "affiliation": "Indiana/USA",
            "birth": {
                "country": "USA",
                "date": "1992-05-04"
            },
            "college": "Indiana",
            "firstname": "Victor",
            "height": {
                "feets": "6",
                "inches": "4",
                "meters": "1.93"
            },
            "id": 403,
            "lastname": "Oladipo",
            "leagues": {
                "standard": {
                    "active": true,
                    "jersey": 4,
                    "pos": "G"
                }
            },
            "nba": {
                "pro": 8,
                "start": 2013
            },
            "weight": {
                "kilograms": "96.6",
                "pounds": "213"
            }
        },
        {
            "affiliation": "Florida/USA",
            "birth": {
                "country": "USA",
                "date": "1980-06-09"
            },
            "college": "Florida",
            "firstname": "Udonis",
            "height": {
                "feets": "6",
                "inches": "8",
                "meters": "2.03"
            },
            "id": 225,
            "lastname": "Haslem",
            "leagues": {
                "standard": {
                    "active": true,
                    "jersey": 40,
                    "pos": "F"
                }
            },
            "nba": {
                "pro": 18,
                "start": 2003
            },
            "weight": {
                "kilograms": "106.6",
                "pounds": "235"
            }
        }
    ],
    "results": 23
}