{
    "errors": [],
    "get": "players/",
    "parameters": {
        "season": "2020",
        "team": "20"
    },
    "response": [
        {
            "affiliation": "Kentucky/USA",
            "birth": {
                "country": "USA",
                "date": "1997-07-18"
            },
            "college": "Kentucky",
            "firstname": "Bam",
            "height": {
                "feets": "6",
                "inches": "9",
                "meters": "2.06"
            },
            "id": 724,
            "lastname": "Adebayo",
            "leagues": {
                "sacramento": {
                    "active": true,
                    "jersey": 13,
                    "pos": "C-F"
                },
                "standard": {
                    "active": true,
                    "jersey": 13,
                    "pos": "C-F"
                },
                "vegas": {
                    "active": true,
                    "jersey": 13,
                    "pos": "C-F"
                }
            },
            "nba": {
                "pro": 4,
                "start": 2017
            },
            "weight": {
                "kilograms": "115.7",
                "pounds": "255"
            }
        },
        {
            "affiliation": "Michigan/USA",
            "birth": {
                "country": "USA",
                "date": "1994-04-22"
            },
            "college": "Michigan",
            "firstname": "Duncan",
            "height": {
                "feets": "6",
                "inches": "7",
                "meters": "2.01"
            },
            "id": 1018,
            "lastname": "Robinson",
            "leagues": {
                "sacramento": {
                    "active": true,
                    "jersey": 55,
                    "pos": "F"
                },
                "standard": {
                    "active": true,
                    "jersey": 55,
                    "pos": "F"
                },
                "vegas": {
                    "active": true,
                    "jersey": 55,
                    "pos": "F"
                }
            },
            "nba": {
                "pro": 3,
                "start": 2018
            },
            "weight": {
                "kilograms": "97.5",
                "pounds": "215"
            }
        },
        {
            "affiliation": "Oakland/USA",
            "birth": {
                "country": "USA",
                "date": "1995-08-03"
            },
            "college": "Oakland",
            "firstname": "Kendrick",
            "height": {
                "feets": "6",
                "inches": "2",
                "meters": "1.88"
            },
            "id": 1007,
            "lastname": "Nunn",
            "leagues": {
                "sacramento": {
                    "active": true,
                    "jersey": 25,
                    "pos": "G"
                },
                "standard": {
                    "active": true,
                    "jersey": 12,
                    "pos": "G"
                },
                "vegas": {
                    "active": true,
                    "jersey": 25,
                    "pos": "G"
                }
            },
            "nba": {
                "pro": 2,
                "start": 2019
            },
            "weight": {
                "kilograms": "86.2",
                "pounds": "190"
            }
        },
        {
            "affiliation": "La Salle/USA",
            "birth": {
                "country": "USA",
                "date": "1995-12-21"
            },
            "college": "La Salle",
            "firstname": "BJ",
            "height": {
                "feets": "6",
                "inches": "6",
                "meters": "1.98"
            },
            "id": 1067,
            "lastname": "Johnson",
            "leagues": {
                "sacramento": {
                    "active": true,
                    "jersey": 9,
                    "pos": "F"
                },
                "standard": {
                    "active": true,
                    "jersey": 20,
                    "pos": "F"
                },
                "vegas": {
                    "active": true,
                    "jersey": 13,
                    "pos": "F"
                }
            },
            "nba": {
                "pro": 2,
                "start": 2018
            },
            "weight": {
                "kilograms": "90.7",
                "pounds": "200"
            }
        },
        {
            "affiliation": "California-Santa Barbara/USA",
            "birth": {
                "country": "USA",
                "date": "1996-06-14"
            },
            "college": "California-Santa Barbara",
            "firstname": "Gabe",
            "height": {
                "feets": "6",
                "inches": "3",
                "meters": "1.9"
            },
            "id": 1775,
            "lastname": "Vincent",
            "leagues": {
                "sacramento": {
                    "active": true,
                    "jersey": 2,
                    "pos": "G"
                },
                "standard": {
                    "active": true,
                    "jersey": 2,
                    "pos": "G"
                },
                "vegas": {
                    "active": true,
                    "jersey": 2,
                    "pos": "G"
                }
            },
            "nba": {
                "pro": 2,
                "start": 2019
            },
            "weight": {
                "kilograms": "90.7",
                "pounds": "200"
            }
        },
        {
            "affiliation": "DePaul/USA",
            "birth": {
                "country": "USA",
                "date": "1996-03-28"
            },
            "college": "DePaul",
            "firstname": "Max",
            "height": {
                "feets": "6",
                "inches": "5",
                "meters": "1.96"
            },
            "id": 2051,
            "lastname": "Strus",
            "leagues": {
                "sacramento": {
                    "active": true,
                    "jersey": 31,
                    "pos": "G-F"
                },
                "standard": {
                    "active": true,
                    "jersey": 31,
                    "pos": "G-F"
                },
                "vegas": {
                    "active": true,
                    "jersey": 31,
                    "pos": "G-F"
                }
            },
            "nba": {
                "pro": 2,
                "start": 2019
            },
            "weight": {
                "kilograms": "99.8",
                "pounds": "220"
            }
        },
        {
            "affiliation": "Kentucky/USA",
            "birth": {
                "country": "USA",
                "date": "2000-01-20"
            },
            "college": "Kentucky",
            "firstname": "Tyler",
            "height": {
                "feets": "6",
                "inches": "5",
                "meters": "1.96"
            },
            "id": 1866,
            "lastname": "Herro",
            "leagues": {
                "sacramento": {
                    "active": true,
                    "jersey": 14,
                    "pos": "G"
                },
                "standard": {
                    "active": true,
                    "jersey": 14,
                    "pos": "G"
                },
                "vegas": {
                    "active": true,
                    "jersey": 14,
                    "pos": "G"
                }
            },
            "nba": {
                "pro": 2,
                "start": 2019
            },
            "weight": {
                "kilograms": "88.5",
                "pounds": "195"
            }
        },
        {
            "affiliation": "Stanford/USA",
            "birth": {
                "country": "USA",
                "date": "1999-04-28"
            },
            "college": "Stanford",
            "firstname": "KZ",
            "height": {
                "feets": null,
                "inches": null,
                "meters": null
            },
            "id": 1884,
            "lastname": "Okpala",
            "leagues": {
                "sacramento": {
                    "active": true,
                    "jersey": 11,
                    "pos": "F"
                },
                "standard": {
                    "active": true,
                    "jersey": 30,
                    "pos": "F-G"
                },
                "vegas": {
                    "active": true,
                    "jersey": 11,
                    "pos": "F"
                }
            },
            "nba": {
                "pro": 0,
                "start": 2019
            },
            "weight": {
                "kilograms": null,
                "pounds": null
            }
        },
        {
            "affiliation": "South Carolina/Gabon",
            "birth": {
                "country": "Gabon",
                "date": "1996-09-19"
            },
            "college": "South Carolina",
            "firstname": "Chris",
            "height": {
                "feets": null,
                "inches": null,
                "meters": null
            },
            "id": 2391,
            "lastname": "Silva",
            "leagues": {
                "standard": {
                    "active": true,
                    "jersey": 30,
                    "pos": "F"
                },
                "vegas": {
                    "active": true,
                    "jersey": 30,
                    "pos": "F"
                }
            },
            "nba": {
                "pro": 0,
                "start": 2019
            },
            "weight": {
                "kilograms": null,
                "pounds": null
            }
        },
        {
            "affiliation": "Memphis/Nigeria",
            "birth": {
                "country": "Nigeria",
                "date": "1999-09-19"
            },
            "college": "Memphis",
            "firstname": "Precious",
            "height": {
                "feets": "6",
                "inches": "8",
                "meters": "2.03"
            },
            "id": 2561,
            "lastname": "Achiuwa",
            "leagues": {
                "sacramento": {
                    "active": true,
                    "jersey": 5,
                    "pos": "F"
                },
                "standard": {
                    "active": true,
                    "jersey": 5,
                    "pos": "F"
                },
                "vegas": {
                    "active": true,
                    "jersey": 5,
                    "pos": "F"
                }
            },
            "nba": {
                "pro": 1,
                "start": 2020
            },
            "weight": {
                "kilograms": "102.1",
                "pounds": "225"
            }
        },
        {
            "affiliation": null,
            "birth": {
                "country": null,
                "date": null
            },
            "college": null,
            "firstname": "Paul",
            "height": {
                "feets": null,
                "inches": null,
                "meters": null
            },
            "id": 2583,
            "lastname": "Eboua",
            "leagues": {
                "standard": {
                    "active": false,
                    "jersey": 98,
                    "pos": null
                },
                "vegas": {
                    "active": true,
                    "jersey": 41,
                    "pos": "F"
                }
            },
            "nba": {
                "pro": 0,
                "start": 0
            },
            "weight": {
                "kilograms": null,
                "pounds": null
            }
        },
        {
            "affiliation": null,
            "birth": {
                "country": null,
                "date": null
            },
            "college": null,
            "firstname": "Breein",
            "height": {
                "feets": null,
                "inches": null,
                "meters": null
            },
            "id": 2660,
            "lastname": "Tyree",
            "leagues": {
                "standard": {
                    "active": true,
                    "jersey": 15,
                    "pos": "G"
                }
            },
            "nba": {
                "pro": 0,
                "start": 0
            },
            "weight": {
                "kilograms": null,
                "pounds": null
            }
        },
        {
            "affiliation": "Union Olimpija/Slovenia",
            "birth": {
                "country": "Slovenia",
                "date": "1986-05-06"
            },
            "college": "Union Olimpija",
            "firstname": "Goran",
            "height": {
                "feets": "6",
                "inches": "3",
                "meters": "1.9"
            },
            "id": 146,
            "lastname": "Dragic",
            "leagues": {
                "standard": {
                    "active": true,
                    "jersey": 7,
                    "pos": "G"
                }
            },
            "nba": {
                "pro": 13,
                "start": 2008
            },
            "weight": {
                "kilograms": "86.2",
                "pounds": "190"
            }
        },
        {
            "affiliation": "Texas-Austin/USA",
            "birth": {
                "country": "USA",
                "date": "1990-11-26"
            },
            "college": "Texas-Austin",
            "firstname": "Avery",
            "height": {
                "feets": "6",
                "inches": "3",
                "meters": "1.9"
            },
            "id": 68,
            "lastname": "Bradley",
            "leagues": {
                "standard": {
                    "active": true,
                    "jersey": 20,
                    "pos": "G"
                }
            },
            "nba": {
                "pro": 11,
                "start": 2010
            },
            "weight": {
                "kilograms": "81.6",
                "pounds": "180"
            }
        },
        {
            "affiliation": "Fenerbahce/Serbia",
            "birth": {
                "country": "Serbia",
                "date": "1988-05-09"
            },
            "college": "Fenerbahce",
            "firstname": "Nemanja",
            "height": {
                "feets": "6",
                "inches": "9",
                "meters": "2.06"
            },
            "id": 55,
            "lastname": "Bjelica",
            "leagues": {
                "standard": {
                    "active": true,
                    "jersey": 8,
                    "pos": "F"
                }
            },
            "nba": {
                "pro": 6,
                "start": 2015
            },
            "weight": {
                "kilograms": "106.1",
                "pounds": "234"
            }
        },
        {
            "affiliation": "Marquette/USA",
            "birth": {
                "country": "USA",
                "date": "1989-09-14"
            },
            "college": "Marquette",
            "firstname": "Jimmy",
            "height": {
                "feets": "6",
                "inches": "7",
                "meters": "2.01"
            },
            "id": 86,
            "lastname": "Butler",
            "leagues": {
                "standard": {
                    "active": true,
                    "jersey": 22,
                    "pos": "F"
                }
            },
            "nba": {
                "pro": 10,
                "start": 2011
            },
            "weight": {
                "kilograms": "104.3",
                "pounds": "230"
            }
        },
        {
            "affiliation": "Illinois/USA",
            "birth": {
                "country": "USA",
                "date": "1992-02-27"
            },
            "college": "Illinois",
            "firstname": "Meyers",
            "height": {
                "feets": null,
                "inches": null,
                "meters": null
            },
            "id": 315,
            "lastname": "Leonard",
            "leagues": {
                "standard": {
                    "active": false,
                    "jersey": 99,
                    "pos": null
                }
            },
            "nba": {
                "pro": 0,
                "start": 2012
            },
            "weight": {
                "kilograms": null,
                "pounds": null
            }
        },
        {
            "affiliation": "St. John's/USA",
            "birth": {
                "country": "USA",
                "date": "1993-05-11"
            },
            "college": "St. John's, N.Y.",
            "firstname": "Maurice",
            "height": {
                "feets": "6",
                "inches": "7",
                "meters": "2.01"
            },
            "id": 217,
            "lastname": "Harkless",
            "leagues": {
                "standard": {
                    "active": false,
                    "jersey": 7,
                    "pos": null
                }
            },
            "nba": {
                "pro": 9,
                "start": 2012
            },
            "weight": {
                "kilograms": "99.8",
                "pounds": "220"
            }
        },
        {
            "affiliation": "Southern California/USA",
            "birth": {
                "country": "USA",
                "date": "1989-08-12"
            },
            "college": "Southern California",
            "firstname": "Dewayne",
            "height": {
                "feets": "7",
                "inches": "0",
                "meters": "2.13"
            },
            "id": 131,
            "lastname": "Dedmon",
            "leagues": {
                "standard": {
                    "active": true,
                    "jersey": 21,
                    "pos": "C"
                }
            },
            "nba": {
                "pro": 8,
                "start": 2013
            },
            "weight": {
                "kilograms": "111.1",
                "pounds": "245"
            }
        },
        {
            "affiliation": "Gonzaga/Canada",
            "birth": {
                "country": "Canada",
                "date": "1991-04-19"
            },
            "college": "Gonzaga",
            "firstname": "Kelly",
            "height": {
                "feets": "6",
                "inches": "11",
                "meters": "2.11"
            },
            "id": 404,
            "lastname": "Olynyk",
            "leagues": {
                "standard": {
                    "active": true,
                    "jersey": 41,
                    "pos": "F-C"
                }
            },
            "nba": {
                "pro": 8,
                "start": 2013
            },
            "weight": {
                "kilograms": "108.9",
                "pounds": "240"
            }
        },
        {
            "affiliation": "Indiana/USA",
            "birth": {
                "country": "USA",
                "date": "1992-05-04"
            },
            "college": "Indiana",
            "firstname": "Victor",
            "height": {
                "feets": "6",
                "inches": "4",
                "meters": "1.93"
            },
            "id": 403,
            "lastname": "Oladipo",
            "leagues": {
                "standard": {
                    "active": true,
                    "jersey": 4,
                    "pos": "G"
                }
            },
            "nba": {
                "pro": 8,
                "start": 2013
            },
            "weight": {
                "kilograms": "96.6",
                "pounds": "213"
            }
        },
        {
            "affiliation": "Florida/USA",
            "birth": {
                "country": "USA",
                "date": "1980-06-09"
            },
            "college": "Florida",
            "firstname": "Udonis",
            "height": {
                "feets": "6",
                "inches": "8",
                "meters": "2.03"
            },
            "id": 225,
            "lastname": "Haslem",
            "leagues": {
                "standard": {
                    "active": true,
                    "jersey": 40,
                    "pos": "F"
                }
            },
            "nba": {
                "pro": 18,
                "start": 2003
            },
            "weight": {
                "kilograms": "106.6",
                "pounds": "235"
            }
        },
        {
            "affiliation": "Arizona/USA",
            "birth": {
                "country": "USA",
                "date": "1984-01-28"
            },
            "college": "Arizona",
            "firstname": "Andre",
            "height": {
                "feets": "6",
                "inches": "6",
                "meters": "1.98"
            },
            "id": 256,
            "lastname": "Iguodala",
            "leagues": {
                "standard": {
                    "active": true,
                    "jersey": 9,
                    "pos": "G-F"
                }
            },
            "nba": {
                "pro": 17,
                "start": 2004
            },
            "weight": {
                "kilograms": "97.5",
                "pounds": "215"
            }
        },
        {
            "affiliation": "UCLA/USA",
            "birth": {
                "country": "USA",
                "date": "1985-06-30"
            },
            "college": "UCLA",
            "firstname": "Trevor",
            "height": {
                "feets": null,
                "inches": null,
                "meters": null
            },
            "id": 23,
            "lastname": "Ariza",
            "leagues": {
                "standard": {
                    "active": false,
                    "jersey": 1,
                    "pos": null
                }
            },
            "nba": {
                "pro": 0,
                "start": 2004
            },
            "weight": {
                "kilograms": null,
                "pounds": null
            }
        }
    ],
    "results": 24
}