{
    "errors": [],
    "get": "players/",
    "parameters": {
        "season": "2016",
        "team": "20"
    },
    "response": [
        {
            "affiliation": "Duke/USA",
            "birth": {
                "country": "USA",
                "date": "1996-03-26"
            },
            "college": "Duke",
            "firstname": "Justise",
            "height": {
                "feets": "6",
                "inches": "6",
                "meters": "1.98"
            },
            "id": 558,
            "lastname": "Winslow",
            "leagues": {
                "standard": {
                    "active": true,
                    "jersey": 26,
                    "pos": "F-G"
                }
            },
            "nba": {
                "pro": 6,
                "start": 2015
            },
            "weight": {
                "kilograms": "100.7",
                "pounds": "222"
            }
        },
        {
            "affiliation": "Tennessee/USA",
            "birth": {
                "country": "USA",
                "date": "1993-09-15"
            },
            "college": "Tennessee",
            "firstname": "Josh",
            "height": {
                "feets": "6",
                "inches": "5",
                "meters": "1.96"
            },
            "id": 446,
            "lastname": "Richardson",
            "leagues": {
                "standard": {
                    "active": true,
                    "jersey": 7,
                    "pos": "G"
                }
            },
            "nba": {
                "pro": 6,
                "start": 2015
            },
            "weight": {
                "kilograms": "90.7",
                "pounds": "200"
            }
        },
        {
            "affiliation": null,
            "birth": {
                "country": "Dominican Republic",
                "date": "1993-04-06"
            },
            "college": "Westchester CC NY",
            "firstname": "Luis",
            "height": {
                "feets": "6",
                "inches": "7",
                "meters": "2.01"
            },
            "id": 370,
            "lastname": "Montero",
            "leagues": {
                "standard": {
                    "active": false,
                    "jersey": 44,
                    "pos": "G"
                }
            },
            "nba": {
                "pro": 0,
                "start": 2015
            },
            "weight": {
                "kilograms": "83.9",
                "pounds": "185"
            }
        },
        {
            "affiliation": null,
            "birth": {
                "country": null,
                "date": null
            },
            "college": null,
            "firstname": "Briante",
            "height": {
                "feets": null,
                "inches": null,
                "meters": null
            },
            "id": 542,
            "lastname": "Weber",
            "leagues": {
                "standard": {
                    "active": false,
                    "jersey": 11,
                    "pos": null
                }
            },
            "nba": {
                "pro": 0,
                "start": 0
            },
            "weight": {
                "kilograms": null,
                "pounds": null
            }
        },
        {
            "affiliation": null,
            "birth": {
                "country": null,
                "date": null
            },
            "college": null,
            "firstname": "Stefan",
            "height": {
                "feets": null,
                "inches": null,
                "meters": null
            },
            "id": 606,
            "lastname": "Jankovic",
            "leagues": {
                "standard": {
                    "active": false,
                    "jersey": 29,
                    "pos": null
                }
            },
            "nba": {
                "pro": 0,
                "start": 0
            },
            "weight": {
                "kilograms": null,
                "pounds": null
            }
        },
        {
            "affiliation": null,
            "birth": {
                "country": null,
                "date": null
            },
            "college": null,
            "firstname": "Okaro",
            "height": {
                "feets": null,
                "inches": null,
                "meters": null
            },
            "id": 610,
            "lastname": "White",
            "leagues": {
                "standard": {
                    "active": false,
                    "jersey": 9,
                    "pos": null
                },
                "vegas": {
                    "active": true,
                    "jersey": 9,
                    "pos": "F"
                }
            },
            "nba": {
                "pro": 0,
                "start": 0
            },
            "weight": {
                "kilograms": null,
                "pounds": null
            }
        },
        {
            "affiliation": null,
            "birth": {
                "country": null,
                "date": null
            },
            "college": null,
            "firstname": "Marcus",
            "height": {
                "feets": null,
                "inches": null,
                "meters": null
            },
            "id": 620,
            "lastname": "Georges-Hunt",
            "leagues": {
                "standard": {
                    "active": false,
                    "jersey": 30,
                    "pos": null
                },
                "vegas": {
                    "active": true,
                    "jersey": 30,
                    "pos": "G"
                }
            },
            "nba": {
                "pro": 0,
                "start": 0
            },
            "weight": {
                "kilograms": null,
                "pounds": null
            }
        },
        {
            "affiliation": null,
            "birth": {
                "country": null,
                "date": null
            },
            "college": null,
            "firstname": "Vashil",
            "height": {
                "feets": null,
                "inches": null,
                "meters": null
            },
            "id": 634,
            "lastname": "Fernandez",
            "leagues": {
                "standard": {
                    "active": false,
                    "jersey": 14,
                    "pos": null
                }
            },
            "nba": {
                "pro": 0,
                "start": 0
            },
            "weight": {
                "kilograms": null,
                "pounds": null
            }
        },
        {
            "affiliation": "Duke/USA",
            "birth": {
                "country": "USA",
                "date": "1987-02-28"
            },
            "college": "Duke",
            "firstname": "Josh",
            "height": {
                "feets": "6",
                "inches": "10",
                "meters": "2.08"
            },
            "id": 357,
            "lastname": "McRoberts",
            "leagues": {
                "standard": {
                    "active": false,
                    "jersey": 4,
                    "pos": "F"
                }
            },
            "nba": {
                "pro": 9,
                "start": 2007
            },
            "weight": {
                "kilograms": "108.9",
                "pounds": "240"
            }
        },
        {
            "affiliation": "Union Olimpija/Slovenia",
            "birth": {
                "country": "Slovenia",
                "date": "1986-05-06"
            },
            "college": "Union Olimpija",
            "firstname": "Goran",
            "height": {
                "feets": "6",
                "inches": "3",
                "meters": "1.9"
            },
            "id": 146,
            "lastname": "Dragic",
            "leagues": {
                "standard": {
                    "active": true,
                    "jersey": 7,
                    "pos": "G"
                }
            },
            "nba": {
                "pro": 13,
                "start": 2008
            },
            "weight": {
                "kilograms": "86.2",
                "pounds": "190"
            }
        },
        {
            "affiliation": "Wake Forest/USA",
            "birth": {
                "country": "USA",
                "date": "1987-02-20"
            },
            "college": "Wake Forest",
            "firstname": "James",
            "height": {
                "feets": null,
                "inches": null,
                "meters": null
            },
            "id": 274,
            "lastname": "Johnson",
            "leagues": {
                "standard": {
                    "active": true,
                    "jersey": 16,
                    "pos": "F"
                }
            },
            "nba": {
                "pro": 0,
                "start": 2009
            },
            "weight": {
                "kilograms": null,
                "pounds": null
            }
        },
        {
            "affiliation": "North Carolina/USA",
            "birth": {
                "country": "USA",
                "date": "1987-11-29"
            },
            "college": "North Carolina",
            "firstname": "Wayne",
            "height": {
                "feets": "6",
                "inches": "4",
                "meters": "1.93"
            },
            "id": 157,
            "lastname": "Ellington",
            "leagues": {
                "standard": {
                    "active": true,
                    "jersey": 2,
                    "pos": "G"
                }
            },
            "nba": {
                "pro": 12,
                "start": 2009
            },
            "weight": {
                "kilograms": "93.9",
                "pounds": "207"
            }
        },
        {
            "affiliation": null,
            "birth": {
                "country": null,
                "date": null
            },
            "college": null,
            "firstname": "Luke",
            "height": {
                "feets": null,
                "inches": null,
                "meters": null
            },
            "id": 30,
            "lastname": "Babbitt",
            "leagues": {
                "standard": {
                    "active": true,
                    "jersey": 22,
                    "pos": "F"
                }
            },
            "nba": {
                "pro": 0,
                "start": 0
            },
            "weight": {
                "kilograms": null,
                "pounds": null
            }
        },
        {
            "affiliation": "Marshall/USA",
            "birth": {
                "country": "USA",
                "date": "1989-06-13"
            },
            "college": "Marshall",
            "firstname": "Hassan",
            "height": {
                "feets": "7",
                "inches": "0",
                "meters": "2.13"
            },
            "id": 546,
            "lastname": "Whiteside",
            "leagues": {
                "africa": {
                    "active": true,
                    "jersey": 21,
                    "pos": "C"
                },
                "standard": {
                    "active": true,
                    "jersey": 21,
                    "pos": "C"
                }
            },
            "nba": {
                "pro": 9,
                "start": 2010
            },
            "weight": {
                "kilograms": "120.2",
                "pounds": "265"
            }
        },
        {
            "affiliation": "Arizona/USA",
            "birth": {
                "country": "USA",
                "date": "1991-05-25"
            },
            "college": "Arizona",
            "firstname": "Derrick",
            "height": {
                "feets": "6",
                "inches": "8",
                "meters": "2.03"
            },
            "id": 552,
            "lastname": "Williams",
            "leagues": {
                "standard": {
                    "active": false,
                    "jersey": 3,
                    "pos": "F"
                }
            },
            "nba": {
                "pro": 5,
                "start": 2011
            },
            "weight": {
                "kilograms": "108.9",
                "pounds": "240"
            }
        },
        {
            "affiliation": null,
            "birth": {
                "country": null,
                "date": null
            },
            "college": null,
            "firstname": "Keith",
            "height": {
                "feets": null,
                "inches": null,
                "meters": null
            },
            "id": 687,
            "lastname": "Benson",
            "leagues": {
                "standard": {
                    "active": false,
                    "jersey": 34,
                    "pos": null
                }
            },
            "nba": {
                "pro": 0,
                "start": 0
            },
            "weight": {
                "kilograms": null,
                "pounds": null
            }
        },
        {
            "affiliation": "Syracuse/USA",
            "birth": {
                "country": "USA",
                "date": "1991-12-10"
            },
            "college": "Syracuse",
            "firstname": "Dion",
            "height": {
                "feets": "6",
                "inches": "3",
                "meters": "1.9"
            },
            "id": 537,
            "lastname": "Waiters",
            "leagues": {
                "standard": {
                    "active": true,
                    "jersey": 18,
                    "pos": "G"
                }
            },
            "nba": {
                "pro": 8,
                "start": 2012
            },
            "weight": {
                "kilograms": "95.3",
                "pounds": "210"
            }
        },
        {
            "affiliation": "St. Louis/USA",
            "birth": {
                "country": "USA",
                "date": "1990-05-16"
            },
            "college": "Saint Louis",
            "firstname": "Willie",
            "height": {
                "feets": "6",
                "inches": "11",
                "meters": "2.11"
            },
            "id": 445,
            "lastname": "Reed",
            "leagues": {
                "standard": {
                    "active": false,
                    "jersey": 35,
                    "pos": "F-C"
                },
                "utah": {
                    "active": true,
                    "jersey": 36,
                    "pos": "F-C"
                },
                "vegas": {
                    "active": true,
                    "jersey": 36,
                    "pos": "C"
                }
            },
            "nba": {
                "pro": 1,
                "start": 2015
            },
            "weight": {
                "kilograms": "111.1",
                "pounds": "245"
            }
        },
        {
            "affiliation": "Kansas State/USA",
            "birth": {
                "country": "USA",
                "date": "1991-07-29"
            },
            "college": "Kansas State",
            "firstname": "Rodney",
            "height": {
                "feets": "6",
                "inches": "4",
                "meters": "1.93"
            },
            "id": 354,
            "lastname": "McGruder",
            "leagues": {
                "standard": {
                    "active": true,
                    "jersey": 17,
                    "pos": "G"
                }
            },
            "nba": {
                "pro": 5,
                "start": 2016
            },
            "weight": {
                "kilograms": "93.0",
                "pounds": "205"
            }
        },
        {
            "affiliation": "Fresno State/USA",
            "birth": {
                "country": "USA",
                "date": "1992-05-07"
            },
            "college": "Fresno State",
            "firstname": "Tyler",
            "height": {
                "feets": null,
                "inches": null,
                "meters": null
            },
            "id": 277,
            "lastname": "Johnson",
            "leagues": {
                "standard": {
                    "active": false,
                    "jersey": 28,
                    "pos": null
                }
            },
            "nba": {
                "pro": 0,
                "start": 2014
            },
            "weight": {
                "kilograms": null,
                "pounds": null
            }
        },
        {
            "affiliation": "Georgia Tech/USA",
            "birth": {
                "country": "USA",
                "date": "1984-03-24"
            },
            "college": "Georgia Tech",
            "firstname": "Chris",
            "height": {
                "feets": "6",
                "inches": "11",
                "meters": "2.11"
            },
            "id": 67,
            "lastname": "Bosh",
            "leagues": {
                "standard": {
                    "active": false,
                    "jersey": 1,
                    "pos": "F"
                }
            },
            "nba": {
                "pro": 13,
                "start": 2003
            },
            "weight": {
                "kilograms": "106.6",
                "pounds": "235"
            }
        },
        {
            "affiliation": "Florida/USA",
            "birth": {
                "country": "USA",
                "date": "1980-06-09"
            },
            "college": "Florida",
            "firstname": "Udonis",
            "height": {
                "feets": "6",
                "inches": "8",
                "meters": "2.03"
            },
            "id": 225,
            "lastname": "Haslem",
            "leagues": {
                "standard": {
                    "active": true,
                    "jersey": 40,
                    "pos": "F"
                }
            },
            "nba": {
                "pro": 18,
                "start": 2003
            },
            "weight": {
                "kilograms": "106.6",
                "pounds": "235"
            }
        },
        {
            "affiliation": "Breil Milano/Slovenia",
            "birth": {
                "country": "Slovenia",
                "date": "1982-07-05"
            },
            "college": "Sempeter, Slovenia",
            "firstname": "Beno",
            "height": {
                "feets": "6",
                "inches": "3",
                "meters": "1.9"
            },
            "id": 523,
            "lastname": "Udrih",
            "leagues": {
                "standard": {
                    "active": false,
                    "jersey": 19,
                    "pos": "G"
                }
            },
            "nba": {
                "pro": 12,
                "start": 2004
            },
            "weight": {
                "kilograms": "93.0",
                "pounds": "205"
            }
        }
    ],
    "results": 23
}