{
    "errors": [],
    "get": "players/",
    "parameters": {
        "season": "2021",
        "team": "20"
    },
    "response": [
        {
            "affiliation": "Kentucky/USA",
            "birth": {
                "country": "USA",
                "date": "1997-07-18"
            },
            "college": "Kentucky",
            "firstname": "Bam",
            "height": {
                "feets": "6",
                "inches": "9",
                "meters": "2.06"
            },
            "id": 724,
            "lastname": "Adebayo",
            "leagues": {
                "sacramento": {
                    "active": true,
                    "jersey": 13,
                    "pos": "C-F"
                },
                "standard": {
                    "active": true,
                    "jersey": 13,
                    "pos": "C-F"
                },
                "vegas": {
                    "active": true,
                    "jersey": 13,
                    "pos": "C-F"
                }
            },
            "nba": {
                "pro": 4,
                "start": 2017
            },
            "weight": {
                "kilograms": "115.7",
                "pounds": "255"
            }
        },
        {
            "affiliation": null,
            "birth": {
                "country": null,
                "date": null
            },
            "college": null,
            "firstname": "Mychal",
            "height": {
                "feets": null,
                "inches": null,
                "meters": null
            },
            "id": 2201,
            "lastname": "Mulder",
            "leagues": {
                "sacramento": {
                    "active": true,
                    "jersey": 12,
                    "pos": "G"
                },
                "standard": {
                    "active": true,
                    "jersey": 15,
                    "pos": "G"
                },
                "vegas": {
                    "active": true,
                    "jersey": 12,
                    "pos": "G"
                }
            },
            "nba": {
                "pro": 0,
                "start": 0
            },
            "weight": {
                "kilograms": null,
                "pounds": null
            }
        },
        {
            "affiliation": null,
            "birth": {
                "country": null,
                "date": null
            },
            "college": null,
            "firstname": "Caleb",
            "height": {
                "feets": null,
                "inches": null,
                "meters": null
            },
            "id": 2242,
            "lastname": "Martin",
            "leagues": {
                "standard": {
                    "active": true,
                    "jersey": 16,
                    "pos": "F"
                },
                "vegas": {
                    "active": true,
                    "jersey": 10,
                    "pos": "G-F"
                }
            },
            "nba": {
                "pro": 0,
                "start": 0
            },
            "weight": {
                "kilograms": null,
                "pounds": null
            }
        },
        {
            "affiliation": " USA",
            "birth": {
                "country": "USA",
                "date": "1998-06-11"
            },
            "college": null,
            "firstname": "Brandon",
            "height": {
                "feets": "7",
                "inches": "1",
                "meters": "2.16"
            },
            "id": 996,
            "lastname": "McCoy",
            "leagues": {
                "standard": {
                    "active": false,
                    "jersey": 12,
                    "pos": null
                },
                "vegas": {
                    "active": true,
                    "jersey": 72,
                    "pos": "C"
                }
            },
            "nba": {
                "pro": 0,
                "start": 0
            },
            "weight": {
                "kilograms": "113.4",
                "pounds": "250"
            }
        },
        {
            "affiliation": "Michigan/USA",
            "birth": {
                "country": "USA",
                "date": "1994-04-22"
            },
            "college": "Michigan",
            "firstname": "Duncan",
            "height": {
                "feets": "6",
                "inches": "7",
                "meters": "2.01"
            },
            "id": 1018,
            "lastname": "Robinson",
            "leagues": {
                "sacramento": {
                    "active": true,
                    "jersey": 55,
                    "pos": "F"
                },
                "standard": {
                    "active": true,
                    "jersey": 55,
                    "pos": "F"
                },
                "vegas": {
                    "active": true,
                    "jersey": 55,
                    "pos": "F"
                }
            },
            "nba": {
                "pro": 3,
                "start": 2018
            },
            "weight": {
                "kilograms": "97.5",
                "pounds": "215"
            }
        },
        {
            "affiliation": "California-Santa Barbara/USA",
            "birth": {
                "country": "USA",
                "date": "1996-06-14"
            },
            "college": "California-Santa Barbara",
            "firstname": "Gabe",
            "height": {
                "feets": "6",
                "inches": "3",
                "meters": "1.9"
            },
            "id": 1775,
            "lastname": "Vincent",
            "leagues": {
                "sacramento": {
                    "active": true,
                    "jersey": 2,
                    "pos": "G"
                },
                "standard": {
                    "active": true,
                    "jersey": 2,
                    "pos": "G"
                },
                "vegas": {
                    "active": true,
                    "jersey": 2,
                    "pos": "G"
                }
            },
            "nba": {
                "pro": 2,
                "start": 2019
            },
            "weight": {
                "kilograms": "90.7",
                "pounds": "200"
            }
        },
        {
            "affiliation": "Wheeling Jesuit/USA",
            "birth": {
                "country": "USA",
                "date": "1996-12-09"
            },
            "college": "Wheeling Jesuit",
            "firstname": "Haywood",
            "height": {
                "feets": "6",
                "inches": "4",
                "meters": "1.93"
            },
            "id": 1815,
            "lastname": "Highsmith",
            "leagues": {
                "sacramento": {
                    "active": true,
                    "jersey": 24,
                    "pos": "F"
                },
                "standard": {
                    "active": true,
                    "jersey": 24,
                    "pos": "F"
                },
                "vegas": {
                    "active": true,
                    "jersey": 24,
                    "pos": "F"
                }
            },
            "nba": {
                "pro": 1,
                "start": 2018
            },
            "weight": {
                "kilograms": "99.8",
                "pounds": "220"
            }
        },
        {
            "affiliation": "Arizona State/USA",
            "birth": {
                "country": "USA",
                "date": "1995-11-17"
            },
            "college": "Arizona State",
            "firstname": "Zylan",
            "height": {
                "feets": "6",
                "inches": "8",
                "meters": "2.03"
            },
            "id": 2077,
            "lastname": "Cheatham",
            "leagues": {
                "standard": {
                    "active": true,
                    "jersey": 45,
                    "pos": "C"
                },
                "vegas": {
                    "active": true,
                    "jersey": 45,
                    "pos": "F"
                }
            },
            "nba": {
                "pro": 1,
                "start": 2019
            },
            "weight": {
                "kilograms": "99.8",
                "pounds": "220"
            }
        },
        {
            "affiliation": "DePaul/USA",
            "birth": {
                "country": "USA",
                "date": "1996-03-28"
            },
            "college": "DePaul",
            "firstname": "Max",
            "height": {
                "feets": "6",
                "inches": "5",
                "meters": "1.96"
            },
            "id": 2051,
            "lastname": "Strus",
            "leagues": {
                "sacramento": {
                    "active": true,
                    "jersey": 31,
                    "pos": "G-F"
                },
                "standard": {
                    "active": true,
                    "jersey": 31,
                    "pos": "G-F"
                },
                "vegas": {
                    "active": true,
                    "jersey": 31,
                    "pos": "G-F"
                }
            },
            "nba": {
                "pro": 2,
                "start": 2019
            },
            "weight": {
                "kilograms": "99.8",
                "pounds": "220"
            }
        },
        {
            "affiliation": "Kentucky/USA",
            "birth": {
                "country": "USA",
                "date": "2000-01-20"
            },
            "college": "Kentucky",
            "firstname": "Tyler",
            "height": {
                "feets": "6",
                "inches": "5",
                "meters": "1.96"
            },
            "id": 1866,
            "lastname": "Herro",
            "leagues": {
                "sacramento": {
                    "active": true,
                    "jersey": 14,
                    "pos": "G"
                },
                "standard": {
                    "active": true,
                    "jersey": 14,
                    "pos": "G"
                },
                "vegas": {
                    "active": true,
                    "jersey": 14,
                    "pos": "G"
                }
            },
            "nba": {
                "pro": 2,
                "start": 2019
            },
            "weight": {
                "kilograms": "88.5",
                "pounds": "195"
            }
        },
        {
            "affiliation": "Stanford/USA",
            "birth": {
                "country": "USA",
                "date": "1999-04-28"
            },
            "college": "Stanford",
            "firstname": "KZ",
            "height": {
                "feets": null,
                "inches": null,
                "meters": null
            },
            "id": 1884,
            "lastname": "Okpala",
            "leagues": {
                "sacramento": {
                    "active": true,
                    "jersey": 11,
                    "pos": "F"
                },
                "standard": {
                    "active": true,
                    "jersey": 30,
                    "pos": "F-G"
                },
                "vegas": {
                    "active": true,
                    "jersey": 11,
                    "pos": "F"
                }
            },
            "nba": {
                "pro": 0,
                "start": 2019
            },
            "weight": {
                "kilograms": null,
                "pounds": null
            }
        },
        {
            "affiliation": "Virginia/USA",
            "birth": {
                "country": "USA",
                "date": "1997-08-11"
            },
            "college": "Virginia",
            "firstname": "Kyle",
            "height": {
                "feets": "6",
                "inches": "1",
                "meters": "1.85"
            },
            "id": 1861,
            "lastname": "Guy",
            "leagues": {
                "sacramento": {
                    "active": true,
                    "jersey": 50,
                    "pos": "G"
                },
                "standard": {
                    "active": true,
                    "jersey": 5,
                    "pos": "G"
                },
                "vegas": {
                    "active": true,
                    "jersey": 50,
                    "pos": "G"
                }
            },
            "nba": {
                "pro": 2,
                "start": 2019
            },
            "weight": {
                "kilograms": "75.8",
                "pounds": "167"
            }
        },
        {
            "affiliation": null,
            "birth": {
                "country": null,
                "date": null
            },
            "college": null,
            "firstname": "Aric",
            "height": {
                "feets": null,
                "inches": null,
                "meters": null
            },
            "id": 1917,
            "lastname": "Holman",
            "leagues": {
                "sacramento": {
                    "active": true,
                    "jersey": 35,
                    "pos": "F"
                },
                "standard": {
                    "active": true,
                    "jersey": 35,
                    "pos": "F-C"
                },
                "vegas": {
                    "active": true,
                    "jersey": 35,
                    "pos": "F-C"
                }
            },
            "nba": {
                "pro": 0,
                "start": 0
            },
            "weight": {
                "kilograms": null,
                "pounds": null
            }
        },
        {
            "affiliation": "South Carolina/Gabon",
            "birth": {
                "country": "Gabon",
                "date": "1996-09-19"
            },
            "college": "South Carolina",
            "firstname": "Chris",
            "height": {
                "feets": null,
                "inches": null,
                "meters": null
            },
            "id": 2391,
            "lastname": "Silva",
            "leagues": {
                "standard": {
                    "active": true,
                    "jersey": 30,
                    "pos": "F"
                },
                "vegas": {
                    "active": true,
                    "jersey": 30,
                    "pos": "F"
                }
            },
            "nba": {
                "pro": 0,
                "start": 2019
            },
            "weight": {
                "kilograms": null,
                "pounds": null
            }
        },
        {
            "affiliation": "Georgetown/Turkey",
            "birth": {
                "country": "Turkey",
                "date": "1998-06-19"
            },
            "college": "Georgetown",
            "firstname": "Omer",
            "height": {
                "feets": "6",
                "inches": "11",
                "meters": "2.11"
            },
            "id": 2785,
            "lastname": "Yurtseven",
            "leagues": {
                "sacramento": {
                    "active": true,
                    "jersey": 77,
                    "pos": "C"
                },
                "standard": {
                    "active": true,
                    "jersey": 77,
                    "pos": "C"
                },
                "vegas": {
                    "active": true,
                    "jersey": 77,
                    "pos": "C"
                }
            },
            "nba": {
                "pro": 0,
                "start": 2021
            },
            "weight": {
                "kilograms": "124.7",
                "pounds": "275"
            }
        },
        {
            "affiliation": "Kansas/USA",
            "birth": {
                "country": "USA",
                "date": "1998-11-09"
            },
            "college": "Kansas",
            "firstname": "Marcus",
            "height": {
                "feets": "6",
                "inches": "5",
                "meters": "1.96"
            },
            "id": 2880,
            "lastname": "Garrett",
            "leagues": {
                "sacramento": {
                    "active": true,
                    "jersey": 51,
                    "pos": "G"
                },
                "standard": {
                    "active": true,
                    "jersey": null,
                    "pos": "G"
                },
                "vegas": {
                    "active": true,
                    "jersey": null,
                    "pos": "G"
                }
            },
            "nba": {
                "pro": 0,
                "start": 2021
            },
            "weight": {
                "kilograms": "93.0",
                "pounds": "205"
            }
        },
        {
            "affiliation": "Mississippi State/USA",
            "birth": {
                "country": "USA",
                "date": "1999-07-28"
            },
            "college": "Mississippi State",
            "firstname": "DJ",
            "height": {
                "feets": "6",
                "inches": "6",
                "meters": "1.98"
            },
            "id": 2922,
            "lastname": "Stewart",
            "leagues": {
                "sacramento": {
                    "active": true,
                    "jersey": 60,
                    "pos": "G-F"
                },
                "standard": {
                    "active": true,
                    "jersey": 18,
                    "pos": "G"
                },
                "vegas": {
                    "active": true,
                    "jersey": 16,
                    "pos": "G"
                }
            },
            "nba": {
                "pro": 0,
                "start": 0
            },
            "weight": {
                "kilograms": "93.0",
                "pounds": "205"
            }
        },
        {
            "affiliation": "Louisiana State/USA",
            "birth": {
                "country": "USA",
                "date": "1999-06-03"
            },
            "college": "Louisiana State",
            "firstname": "Javonte",
            "height": {
                "feets": "6",
                "inches": "4",
                "meters": "1.93"
            },
            "id": 2917,
            "lastname": "Smart",
            "leagues": {
                "sacramento": {
                    "active": true,
                    "jersey": 15,
                    "pos": "G"
                },
                "standard": {
                    "active": true,
                    "jersey": 15,
                    "pos": "G"
                },
                "vegas": {
                    "active": true,
                    "jersey": 15,
                    "pos": "G"
                }
            },
            "nba": {
                "pro": 0,
                "start": 2021
            },
            "weight": {
                "kilograms": "93.0",
                "pounds": "205"
            }
        },
        {
            "affiliation": "Houston/USA",
            "birth": {
                "country": "USA",
                "date": "1998-01-23"
            },
            "college": "Houston",
            "firstname": "DeJon",
            "height": {
                "feets": "6",
                "inches": "5",
                "meters": "1.96"
            },
            "id": 2884,
            "lastname": "Jarreau",
            "leagues": {
                "sacramento": {
                    "active": true,
                    "jersey": 53,
                    "pos": "G"
                },
                "standard": {
                    "active": true,
                    "jersey": 33,
                    "pos": "G"
                },
                "vegas": {
                    "active": true,
                    "jersey": 53,
                    "pos": "G"
                }
            },
            "nba": {
                "pro": 0,
                "start": 2021
            },
            "weight": {
                "kilograms": "83.9",
                "pounds": "185"
            }
        },
        {
            "affiliation": "TCU/USA",
            "birth": {
                "country": "USA",
                "date": "1999-03-22"
            },
            "college": "TCU",
            "firstname": "RJ",
            "height": {
                "feets": "6",
                "inches": "5",
                "meters": "1.96"
            },
            "id": 2901,
            "lastname": "Nembhard Jr.",
            "leagues": {
                "sacramento": {
                    "active": true,
                    "jersey": 59,
                    "pos": "G"
                },
                "standard": {
                    "active": true,
                    "jersey": 5,
                    "pos": "G"
                },
                "vegas": {
                    "active": true,
                    "jersey": 5,
                    "pos": "G"
                }
            },
            "nba": {
                "pro": 0,
                "start": 2021
            },
            "weight": {
                "kilograms": "90.7",
                "pounds": "200"
            }
        },
        {
            "affiliation": "Arkansas/USA",
            "birth": {
                "country": "USA",
                "date": "1999-03-01"
            },
            "college": "Arkansas",
            "firstname": "Justin",
            "height": {
                "feets": "6",
                "inches": "7",
                "meters": "2.01"
            },
            "id": 2919,
            "lastname": "Smith",
            "leagues": {
                "sacramento": {
                    "active": true,
                    "jersey": 61,
                    "pos": "F"
                },
                "standard": {
                    "active": true,
                    "jersey": null,
                    "pos": "F"
                },
                "utah": {
                    "active": true,
                    "jersey": 19,
                    "pos": "F"
                },
                "vegas": {
                    "active": true,
                    "jersey": 19,
                    "pos": "F"
                }
            },
            "nba": {
                "pro": 0,
                "start": 0
            },
            "weight": {
                "kilograms": "104.3",
                "pounds": "230"
            }
        },
        {
            "affiliation": "Wisconsin/USA",
            "birth": {
                "country": "USA",
                "date": "1998-04-06"
            },
            "college": "Wisconsin",
            "firstname": "Micah",
            "height": {
                "feets": null,
                "inches": null,
                "meters": null
            },
            "id": 3358,
            "lastname": "Potter",
            "leagues": {
                "standard": {
                    "active": true,
                    "jersey": 20,
                    "pos": "C"
                },
                "vegas": {
                    "active": true,
                    "jersey": 20,
                    "pos": "F"
                }
            },
            "nba": {
                "pro": 0,
                "start": 2021
            },
            "weight": {
                "kilograms": null,
                "pounds": null
            }
        },
        {
            "affiliation": null,
            "birth": {
                "country": null,
                "date": null
            },
            "college": null,
            "firstname": "Dru",
            "height": {
                "feets": null,
                "inches": null,
                "meters": null
            },
            "id": 3360,
            "lastname": "Smith",
            "leagues": {
                "standard": {
                    "active": true,
                    "jersey": 9,
                    "pos": "G"
                },
                "vegas": {
                    "active": true,
                    "jersey": 9,
                    "pos": "G"
                }
            },
            "nba": {
                "pro": 0,
                "start": 0
            },
            "weight": {
                "kilograms": null,
                "pounds": null
            }
        },
        {
            "affiliation": "Villanova/USA",
            "birth": {
                "country": "USA",
                "date": "1986-03-25"
            },
            "college": "Villanova",
            "firstname": "Kyle",
            "height": {
                "feets": "6",
                "inches": "0",
                "meters": "1.83"
            },
            "id": 327,
            "lastname": "Lowry",
            "leagues": {
                "standard": {
                    "active": true,
                    "jersey": 7,
                    "pos": "G"
                }
            },
            "nba": {
                "pro": 15,
                "start": 2006
            },
            "weight": {
                "kilograms": "88.9",
                "pounds": "196"
            }
        },
        {
            "affiliation": "Texas/USA",
            "birth": {
                "country": "USA",
                "date": "1985-05-05"
            },
            "college": "Texas",
            "firstname": "P.J.",
            "height": {
                "feets": "6",
                "inches": "5",
                "meters": "1.96"
            },
            "id": 520,
            "lastname": "Tucker",
            "leagues": {
                "standard": {
                    "active": true,
                    "jersey": 17,
                    "pos": "F"
                }
            },
            "nba": {
                "pro": 10,
                "start": 2006
            },
            "weight": {
                "kilograms": "111.1",
                "pounds": "245"
            }
        },
        {
            "affiliation": null,
            "birth": {
                "country": null,
                "date": null
            },
            "college": null,
            "firstname": "Mario",
            "height": {
                "feets": null,
                "inches": null,
                "meters": null
            },
            "id": 759,
            "lastname": "Chalmers",
            "leagues": {
                "standard": {
                    "active": false,
                    "jersey": 15,
                    "pos": null
                }
            },
            "nba": {
                "pro": 0,
                "start": 0
            },
            "weight": {
                "kilograms": null,
                "pounds": null
            }
        },
        {
            "affiliation": "Kansas/USA",
            "birth": {
                "country": "USA",
                "date": "1989-09-02"
            },
            "college": "Kansas",
            "firstname": "Markieff",
            "height": {
                "feets": "6",
                "inches": "9",
                "meters": "2.06"
            },
            "id": 374,
            "lastname": "Morris",
            "leagues": {
                "standard": {
                    "active": true,
                    "jersey": 13,
                    "pos": "F"
                }
            },
            "nba": {
                "pro": 10,
                "start": 2011
            },
            "weight": {
                "kilograms": "111.1",
                "pounds": "245"
            }
        },
        {
            "affiliation": "Marquette/USA",
            "birth": {
                "country": "USA",
                "date": "1989-09-14"
            },
            "college": "Marquette",
            "firstname": "Jimmy",
            "height": {
                "feets": "6",
                "inches": "7",
                "meters": "2.01"
            },
            "id": 86,
            "lastname": "Butler",
            "leagues": {
                "standard": {
                    "active": true,
                    "jersey": 22,
                    "pos": "F"
                }
            },
            "nba": {
                "pro": 10,
                "start": 2011
            },
            "weight": {
                "kilograms": "104.3",
                "pounds": "230"
            }
        },
        {
            "affiliation": "Southern California/USA",
            "birth": {
                "country": "USA",
                "date": "1989-08-12"
            },
            "college": "Southern California",
            "firstname": "Dewayne",
            "height": {
                "feets": "7",
                "inches": "0",
                "meters": "2.13"
            },
            "id": 131,
            "lastname": "Dedmon",
            "leagues": {
                "standard": {
                    "active": true,
                    "jersey": 21,
                    "pos": "C"
                }
            },
            "nba": {
                "pro": 8,
                "start": 2013
            },
            "weight": {
                "kilograms": "111.1",
                "pounds": "245"
            }
        },
        {
            "affiliation": "Indiana/USA",
            "birth": {
                "country": "USA",
                "date": "1992-05-04"
            },
            "college": "Indiana",
            "firstname": "Victor",
            "height": {
                "feets": "6",
                "inches": "4",
                "meters": "1.93"
            },
            "id": 403,
            "lastname": "Oladipo",
            "leagues": {
                "standard": {
                    "active": true,
                    "jersey": 4,
                    "pos": "G"
                }
            },
            "nba": {
                "pro": 8,
                "start": 2013
            },
            "weight": {
                "kilograms": "96.6",
                "pounds": "213"
            }
        },
        {
            "affiliation": "Michigan/Canada",
            "birth": {
                "country": "Canada",
                "date": "1993-10-07"
            },
            "college": "Michigan",
            "firstname": "Nik",
            "height": {
                "feets": "6",
                "inches": "6",
                "meters": "1.98"
            },
            "id": 496,
            "lastname": "Stauskas",
            "leagues": {
                "standard": {
                    "active": true,
                    "jersey": 13,
                    "pos": "G"
                }
            },
            "nba": {
                "pro": 5,
                "start": 2014
            },
            "weight": {
                "kilograms": "93.9",
                "pounds": "207"
            }
        },
        {
            "affiliation": "Florida/USA",
            "birth": {
                "country": "USA",
                "date": "1980-06-09"
            },
            "college": "Florida",
            "firstname": "Udonis",
            "height": {
                "feets": "6",
                "inches": "8",
                "meters": "2.03"
            },
            "id": 225,
            "lastname": "Haslem",
            "leagues": {
                "standard": {
                    "active": true,
                    "jersey": 40,
                    "pos": "F"
                }
            },
            "nba": {
                "pro": 18,
                "start": 2003
            },
            "weight": {
                "kilograms": "106.6",
                "pounds": "235"
            }
        },
        {
            "affiliation": null,
            "birth": {
                "country": null,
                "date": "1998-01-14"
            },
            "college": "Mississippi State",
            "firstname": "Tyson",
            "height": {
                "feets": "6",
                "inches": "4",
                "meters": "1.93"
            },
            "id": 2875,
            "lastname": "Carter",
            "leagues": {
                "sacramento": {
                    "active": true,
                    "jersey": 57,
                    "pos": "G"
                },
                "vegas": {
                    "active": true,
                    "jersey": 57,
                    "pos": "G"
                }
            },
            "nba": {
                "pro": 0,
                "start": 0
            },
            "weight": {
                "kilograms": "79.4",
                "pounds": "175"
            }
        },
        {
            "affiliation": null,
            "birth": {
                "country": null,
                "date": "1998-04-06"
            },
            "college": "Wisconsin",
            "firstname": "Micah",
            "height": {
                "feets": "6",
                "inches": "10",
                "meters": "2.08"
            },
            "id": 2907,
            "lastname": "Potter",
            "leagues": {
                "sacramento": {
                    "active": true,
                    "jersey": 65,
                    "pos": "F-C"
                },
                "vegas": {
                    "active": true,
                    "jersey": 65,
                    "pos": "F-C"
                }
            },
            "nba": {
                "pro": 0,
                "start": 0
            },
            "weight": {
                "kilograms": "113.4",
                "pounds": "250"
            }
        },
        {
            "affiliation": null,
            "birth": {
                "country": null,
                "date": "1997-12-30"
            },
            "college": "Missouri",
            "firstname": "Dru",
            "height": {
                "feets": "6",
                "inches": "3",
                "meters": "1.9"
            },
            "id": 2918,
            "lastname": "Smith",
            "leagues": {
                "sacramento": {
                    "active": true,
                    "jersey": 54,
                    "pos": "G"
                },
                "vegas": {
                    "active": true,
                    "jersey": 54,
                    "pos": "G"
                }
            },
            "nba": {
                "pro": 0,
                "start": 0
            },
            "weight": {
                "kilograms": "90.7",
                "pounds": "200"
            }
        }
    ],
    "results": 35
}