{
    "errors": [],
    "get": "players/",
    "parameters": {
        "season": "2019",
        "team": "20"
    },
    "response": [
        {
            "affiliation": "Duke/USA",
            "birth": {
                "country": "USA",
                "date": "1996-03-26"
            },
            "college": "Duke",
            "firstname": "Justise",
            "height": {
                "feets": "6",
                "inches": "6",
                "meters": "1.98"
            },
            "id": 558,
            "lastname": "Winslow",
            "leagues": {
                "standard": {
                    "active": true,
                    "jersey": 26,
                    "pos": "F-G"
                }
            },
            "nba": {
                "pro": 6,
                "start": 2015
            },
            "weight": {
                "kilograms": "100.7",
                "pounds": "222"
            }
        },
        {
            "affiliation": "UNLV/USA",
            "birth": {
                "country": "USA",
                "date": "1997-02-15"
            },
            "college": "UNLV",
            "firstname": "Derrick",
            "height": {
                "feets": "6",
                "inches": "6",
                "meters": "1.98"
            },
            "id": 283,
            "lastname": "Jones Jr.",
            "leagues": {
                "sacramento": {
                    "active": true,
                    "jersey": 5,
                    "pos": "F-G"
                },
                "standard": {
                    "active": true,
                    "jersey": 5,
                    "pos": "F"
                },
                "vegas": {
                    "active": true,
                    "jersey": 5,
                    "pos": "F-G"
                }
            },
            "nba": {
                "pro": 5,
                "start": 2016
            },
            "weight": {
                "kilograms": "95.3",
                "pounds": "210"
            }
        },
        {
            "affiliation": "Kentucky/USA",
            "birth": {
                "country": "USA",
                "date": "1997-07-18"
            },
            "college": "Kentucky",
            "firstname": "Bam",
            "height": {
                "feets": "6",
                "inches": "9",
                "meters": "2.06"
            },
            "id": 724,
            "lastname": "Adebayo",
            "leagues": {
                "sacramento": {
                    "active": true,
                    "jersey": 13,
                    "pos": "C-F"
                },
                "standard": {
                    "active": true,
                    "jersey": 13,
                    "pos": "C-F"
                },
                "vegas": {
                    "active": true,
                    "jersey": 13,
                    "pos": "C-F"
                }
            },
            "nba": {
                "pro": 4,
                "start": 2017
            },
            "weight": {
                "kilograms": "115.7",
                "pounds": "255"
            }
        },
        {
            "affiliation": "Dayton/USA",
            "birth": {
                "country": "USA",
                "date": "1994-07-01"
            },
            "college": "Dayton",
            "firstname": "Charles",
            "height": {
                "feets": "6",
                "inches": "5",
                "meters": "1.96"
            },
            "id": 763,
            "lastname": "Cooke",
            "leagues": {
                "sacramento": {
                    "active": true,
                    "jersey": 54,
                    "pos": "G"
                },
                "standard": {
                    "active": true,
                    "jersey": 4,
                    "pos": "G"
                },
                "vegas": {
                    "active": true,
                    "jersey": 54,
                    "pos": "G"
                }
            },
            "nba": {
                "pro": 1,
                "start": 2017
            },
            "weight": {
                "kilograms": "88.9",
                "pounds": "196"
            }
        },
        {
            "affiliation": "Miami/USA",
            "birth": {
                "country": "USA",
                "date": "1995-06-11"
            },
            "college": "Miami",
            "firstname": "Davon",
            "height": {
                "feets": "6",
                "inches": "5",
                "meters": "1.96"
            },
            "id": 865,
            "lastname": "Reed",
            "leagues": {
                "sacramento": {
                    "active": true,
                    "jersey": 31,
                    "pos": "F-G"
                },
                "standard": {
                    "active": true,
                    "jersey": 9,
                    "pos": "G"
                },
                "vegas": {
                    "active": true,
                    "jersey": 34,
                    "pos": "F"
                }
            },
            "nba": {
                "pro": 2,
                "start": 2017
            },
            "weight": {
                "kilograms": "93.4",
                "pounds": "206"
            }
        },
        {
            "affiliation": null,
            "birth": {
                "country": null,
                "date": null
            },
            "college": null,
            "firstname": "Mychal",
            "height": {
                "feets": null,
                "inches": null,
                "meters": null
            },
            "id": 2201,
            "lastname": "Mulder",
            "leagues": {
                "sacramento": {
                    "active": true,
                    "jersey": 12,
                    "pos": "G"
                },
                "standard": {
                    "active": true,
                    "jersey": 15,
                    "pos": "G"
                },
                "vegas": {
                    "active": true,
                    "jersey": 12,
                    "pos": "G"
                }
            },
            "nba": {
                "pro": 0,
                "start": 0
            },
            "weight": {
                "kilograms": null,
                "pounds": null
            }
        },
        {
            "affiliation": "Georgia/USA",
            "birth": {
                "country": "USA",
                "date": "1996-08-14"
            },
            "college": "Georgia",
            "firstname": "Yante",
            "height": {
                "feets": "6",
                "inches": "8",
                "meters": "2.03"
            },
            "id": 995,
            "lastname": "Maten",
            "leagues": {
                "sacramento": {
                    "active": true,
                    "jersey": null,
                    "pos": "F"
                },
                "standard": {
                    "active": true,
                    "jersey": 26,
                    "pos": "F"
                },
                "vegas": {
                    "active": true,
                    "jersey": 61,
                    "pos": "F"
                }
            },
            "nba": {
                "pro": 1,
                "start": 2018
            },
            "weight": {
                "kilograms": "108.9",
                "pounds": "240"
            }
        },
        {
            "affiliation": "Michigan/USA",
            "birth": {
                "country": "USA",
                "date": "1994-04-22"
            },
            "college": "Michigan",
            "firstname": "Duncan",
            "height": {
                "feets": "6",
                "inches": "7",
                "meters": "2.01"
            },
            "id": 1018,
            "lastname": "Robinson",
            "leagues": {
                "sacramento": {
                    "active": true,
                    "jersey": 55,
                    "pos": "F"
                },
                "standard": {
                    "active": true,
                    "jersey": 55,
                    "pos": "F"
                },
                "vegas": {
                    "active": true,
                    "jersey": 55,
                    "pos": "F"
                }
            },
            "nba": {
                "pro": 3,
                "start": 2018
            },
            "weight": {
                "kilograms": "97.5",
                "pounds": "215"
            }
        },
        {
            "affiliation": null,
            "birth": {
                "country": null,
                "date": null
            },
            "college": null,
            "firstname": "Daryl",
            "height": {
                "feets": null,
                "inches": null,
                "meters": null
            },
            "id": 993,
            "lastname": "Macon",
            "leagues": {
                "standard": {
                    "active": false,
                    "jersey": 15,
                    "pos": null
                },
                "vegas": {
                    "active": true,
                    "jersey": 3,
                    "pos": "G"
                }
            },
            "nba": {
                "pro": 0,
                "start": 0
            },
            "weight": {
                "kilograms": null,
                "pounds": null
            }
        },
        {
            "affiliation": "Oakland/USA",
            "birth": {
                "country": "USA",
                "date": "1995-08-03"
            },
            "college": "Oakland",
            "firstname": "Kendrick",
            "height": {
                "feets": "6",
                "inches": "2",
                "meters": "1.88"
            },
            "id": 1007,
            "lastname": "Nunn",
            "leagues": {
                "sacramento": {
                    "active": true,
                    "jersey": 25,
                    "pos": "G"
                },
                "standard": {
                    "active": true,
                    "jersey": 12,
                    "pos": "G"
                },
                "vegas": {
                    "active": true,
                    "jersey": 25,
                    "pos": "G"
                }
            },
            "nba": {
                "pro": 2,
                "start": 2019
            },
            "weight": {
                "kilograms": "86.2",
                "pounds": "190"
            }
        },
        {
            "affiliation": "California-Santa Barbara/USA",
            "birth": {
                "country": "USA",
                "date": "1996-06-14"
            },
            "college": "California-Santa Barbara",
            "firstname": "Gabe",
            "height": {
                "feets": "6",
                "inches": "3",
                "meters": "1.9"
            },
            "id": 1775,
            "lastname": "Vincent",
            "leagues": {
                "sacramento": {
                    "active": true,
                    "jersey": 2,
                    "pos": "G"
                },
                "standard": {
                    "active": true,
                    "jersey": 2,
                    "pos": "G"
                },
                "vegas": {
                    "active": true,
                    "jersey": 2,
                    "pos": "G"
                }
            },
            "nba": {
                "pro": 2,
                "start": 2019
            },
            "weight": {
                "kilograms": "90.7",
                "pounds": "200"
            }
        },
        {
            "affiliation": null,
            "birth": {
                "country": null,
                "date": null
            },
            "college": null,
            "firstname": "Trey",
            "height": {
                "feets": null,
                "inches": null,
                "meters": null
            },
            "id": 1922,
            "lastname": "Mourning",
            "leagues": {
                "sacramento": {
                    "active": true,
                    "jersey": 71,
                    "pos": "F"
                },
                "standard": {
                    "active": true,
                    "jersey": null,
                    "pos": "F"
                },
                "vegas": {
                    "active": true,
                    "jersey": 71,
                    "pos": "F"
                }
            },
            "nba": {
                "pro": 0,
                "start": 0
            },
            "weight": {
                "kilograms": null,
                "pounds": null
            }
        },
        {
            "affiliation": "Kentucky/USA",
            "birth": {
                "country": "USA",
                "date": "2000-01-20"
            },
            "college": "Kentucky",
            "firstname": "Tyler",
            "height": {
                "feets": "6",
                "inches": "5",
                "meters": "1.96"
            },
            "id": 1866,
            "lastname": "Herro",
            "leagues": {
                "sacramento": {
                    "active": true,
                    "jersey": 14,
                    "pos": "G"
                },
                "standard": {
                    "active": true,
                    "jersey": 14,
                    "pos": "G"
                },
                "vegas": {
                    "active": true,
                    "jersey": 14,
                    "pos": "G"
                }
            },
            "nba": {
                "pro": 2,
                "start": 2019
            },
            "weight": {
                "kilograms": "88.5",
                "pounds": "195"
            }
        },
        {
            "affiliation": "Stanford/USA",
            "birth": {
                "country": "USA",
                "date": "1999-04-28"
            },
            "college": "Stanford",
            "firstname": "KZ",
            "height": {
                "feets": null,
                "inches": null,
                "meters": null
            },
            "id": 1884,
            "lastname": "Okpala",
            "leagues": {
                "sacramento": {
                    "active": true,
                    "jersey": 11,
                    "pos": "F"
                },
                "standard": {
                    "active": true,
                    "jersey": 30,
                    "pos": "F-G"
                },
                "vegas": {
                    "active": true,
                    "jersey": 11,
                    "pos": "F"
                }
            },
            "nba": {
                "pro": 0,
                "start": 2019
            },
            "weight": {
                "kilograms": null,
                "pounds": null
            }
        },
        {
            "affiliation": "Memphis/USA",
            "birth": {
                "country": "USA",
                "date": "1996-06-19"
            },
            "college": "Memphis",
            "firstname": "Jeremiah",
            "height": {
                "feets": "6",
                "inches": "2",
                "meters": "1.88"
            },
            "id": 2388,
            "lastname": "Martin",
            "leagues": {
                "standard": {
                    "active": true,
                    "jersey": 3,
                    "pos": "G"
                },
                "vegas": {
                    "active": true,
                    "jersey": 10,
                    "pos": "G"
                }
            },
            "nba": {
                "pro": 2,
                "start": 2019
            },
            "weight": {
                "kilograms": "83.9",
                "pounds": "185"
            }
        },
        {
            "affiliation": null,
            "birth": {
                "country": null,
                "date": null
            },
            "college": null,
            "firstname": "Kyle",
            "height": {
                "feets": null,
                "inches": null,
                "meters": null
            },
            "id": 2384,
            "lastname": "Alexander",
            "leagues": {
                "standard": {
                    "active": true,
                    "jersey": 17,
                    "pos": "F-C"
                },
                "vegas": {
                    "active": true,
                    "jersey": 42,
                    "pos": "F-C"
                }
            },
            "nba": {
                "pro": 0,
                "start": 0
            },
            "weight": {
                "kilograms": null,
                "pounds": null
            }
        },
        {
            "affiliation": "South Carolina/Gabon",
            "birth": {
                "country": "Gabon",
                "date": "1996-09-19"
            },
            "college": "South Carolina",
            "firstname": "Chris",
            "height": {
                "feets": null,
                "inches": null,
                "meters": null
            },
            "id": 2391,
            "lastname": "Silva",
            "leagues": {
                "standard": {
                    "active": true,
                    "jersey": 30,
                    "pos": "F"
                },
                "vegas": {
                    "active": true,
                    "jersey": 30,
                    "pos": "F"
                }
            },
            "nba": {
                "pro": 0,
                "start": 2019
            },
            "weight": {
                "kilograms": null,
                "pounds": null
            }
        },
        {
            "affiliation": null,
            "birth": {
                "country": null,
                "date": null
            },
            "college": null,
            "firstname": "Skyler",
            "height": {
                "feets": null,
                "inches": null,
                "meters": null
            },
            "id": 2536,
            "lastname": "Flatten",
            "leagues": {
                "standard": {
                    "active": false,
                    "jersey": 18,
                    "pos": null
                }
            },
            "nba": {
                "pro": 0,
                "start": 0
            },
            "weight": {
                "kilograms": null,
                "pounds": null
            }
        },
        {
            "affiliation": "Union Olimpija/Slovenia",
            "birth": {
                "country": "Slovenia",
                "date": "1986-05-06"
            },
            "college": "Union Olimpija",
            "firstname": "Goran",
            "height": {
                "feets": "6",
                "inches": "3",
                "meters": "1.9"
            },
            "id": 146,
            "lastname": "Dragic",
            "leagues": {
                "standard": {
                    "active": true,
                    "jersey": 7,
                    "pos": "G"
                }
            },
            "nba": {
                "pro": 13,
                "start": 2008
            },
            "weight": {
                "kilograms": "86.2",
                "pounds": "190"
            }
        },
        {
            "affiliation": "Wake Forest/USA",
            "birth": {
                "country": "USA",
                "date": "1987-02-20"
            },
            "college": "Wake Forest",
            "firstname": "James",
            "height": {
                "feets": null,
                "inches": null,
                "meters": null
            },
            "id": 274,
            "lastname": "Johnson",
            "leagues": {
                "standard": {
                    "active": true,
                    "jersey": 16,
                    "pos": "F"
                }
            },
            "nba": {
                "pro": 0,
                "start": 2009
            },
            "weight": {
                "kilograms": null,
                "pounds": null
            }
        },
        {
            "affiliation": "Marquette/USA",
            "birth": {
                "country": "USA",
                "date": "1989-09-14"
            },
            "college": "Marquette",
            "firstname": "Jimmy",
            "height": {
                "feets": "6",
                "inches": "7",
                "meters": "2.01"
            },
            "id": 86,
            "lastname": "Butler",
            "leagues": {
                "standard": {
                    "active": true,
                    "jersey": 22,
                    "pos": "F"
                }
            },
            "nba": {
                "pro": 10,
                "start": 2011
            },
            "weight": {
                "kilograms": "104.3",
                "pounds": "230"
            }
        },
        {
            "affiliation": "Syracuse/USA",
            "birth": {
                "country": "USA",
                "date": "1991-12-10"
            },
            "college": "Syracuse",
            "firstname": "Dion",
            "height": {
                "feets": "6",
                "inches": "3",
                "meters": "1.9"
            },
            "id": 537,
            "lastname": "Waiters",
            "leagues": {
                "standard": {
                    "active": true,
                    "jersey": 18,
                    "pos": "G"
                }
            },
            "nba": {
                "pro": 8,
                "start": 2012
            },
            "weight": {
                "kilograms": "95.3",
                "pounds": "210"
            }
        },
        {
            "affiliation": "Illinois/USA",
            "birth": {
                "country": "USA",
                "date": "1992-02-27"
            },
            "college": "Illinois",
            "firstname": "Meyers",
            "height": {
                "feets": null,
                "inches": null,
                "meters": null
            },
            "id": 315,
            "lastname": "Leonard",
            "leagues": {
                "standard": {
                    "active": false,
                    "jersey": 99,
                    "pos": null
                }
            },
            "nba": {
                "pro": 0,
                "start": 2012
            },
            "weight": {
                "kilograms": null,
                "pounds": null
            }
        },
        {
            "affiliation": "Marquette/USA",
            "birth": {
                "country": "USA",
                "date": "1990-07-06"
            },
            "college": "Marquette",
            "firstname": "Jae",
            "height": {
                "feets": "6",
                "inches": "6",
                "meters": "1.98"
            },
            "id": 121,
            "lastname": "Crowder",
            "leagues": {
                "standard": {
                    "active": true,
                    "jersey": 99,
                    "pos": "F"
                }
            },
            "nba": {
                "pro": 9,
                "start": 2012
            },
            "weight": {
                "kilograms": "106.6",
                "pounds": "235"
            }
        },
        {
            "affiliation": "Gonzaga/Canada",
            "birth": {
                "country": "Canada",
                "date": "1991-04-19"
            },
            "college": "Gonzaga",
            "firstname": "Kelly",
            "height": {
                "feets": "6",
                "inches": "11",
                "meters": "2.11"
            },
            "id": 404,
            "lastname": "Olynyk",
            "leagues": {
                "standard": {
                    "active": true,
                    "jersey": 41,
                    "pos": "F-C"
                }
            },
            "nba": {
                "pro": 8,
                "start": 2013
            },
            "weight": {
                "kilograms": "108.9",
                "pounds": "240"
            }
        },
        {
            "affiliation": "Arizona/USA",
            "birth": {
                "country": "USA",
                "date": "1991-03-18"
            },
            "college": "Arizona",
            "firstname": "Solomon",
            "height": {
                "feets": null,
                "inches": null,
                "meters": null
            },
            "id": 239,
            "lastname": "Hill",
            "leagues": {
                "standard": {
                    "active": false,
                    "jersey": 99,
                    "pos": null
                }
            },
            "nba": {
                "pro": 0,
                "start": 2013
            },
            "weight": {
                "kilograms": null,
                "pounds": null
            }
        },
        {
            "affiliation": null,
            "birth": {
                "country": null,
                "date": null
            },
            "college": null,
            "firstname": "Bubu",
            "height": {
                "feets": null,
                "inches": null,
                "meters": null
            },
            "id": 2534,
            "lastname": "Palo",
            "leagues": {
                "standard": {
                    "active": false,
                    "jersey": 19,
                    "pos": null
                }
            },
            "nba": {
                "pro": 0,
                "start": 0
            },
            "weight": {
                "kilograms": null,
                "pounds": null
            }
        },
        {
            "affiliation": "Florida/USA",
            "birth": {
                "country": "USA",
                "date": "1980-06-09"
            },
            "college": "Florida",
            "firstname": "Udonis",
            "height": {
                "feets": "6",
                "inches": "8",
                "meters": "2.03"
            },
            "id": 225,
            "lastname": "Haslem",
            "leagues": {
                "standard": {
                    "active": true,
                    "jersey": 40,
                    "pos": "F"
                }
            },
            "nba": {
                "pro": 18,
                "start": 2003
            },
            "weight": {
                "kilograms": "106.6",
                "pounds": "235"
            }
        },
        {
            "affiliation": "Arizona/USA",
            "birth": {
                "country": "USA",
                "date": "1984-01-28"
            },
            "college": "Arizona",
            "firstname": "Andre",
            "height": {
                "feets": "6",
                "inches": "6",
                "meters": "1.98"
            },
            "id": 256,
            "lastname": "Iguodala",
            "leagues": {
                "standard": {
                    "active": true,
                    "jersey": 9,
                    "pos": "G-F"
                }
            },
            "nba": {
                "pro": 17,
                "start": 2004
            },
            "weight": {
                "kilograms": "97.5",
                "pounds": "215"
            }
        },
        {
            "affiliation": null,
            "birth": {
                "country": null,
                "date": null
            },
            "college": null,
            "firstname": "Kyle",
            "height": {
                "feets": null,
                "inches": null,
                "meters": null
            },
            "id": 2060,
            "lastname": "Alexander",
            "leagues": {
                "sacramento": {
                    "active": true,
                    "jersey": 74,
                    "pos": "F"
                },
                "vegas": {
                    "active": true,
                    "jersey": 74,
                    "pos": "F"
                }
            },
            "nba": {
                "pro": 0,
                "start": 0
            },
            "weight": {
                "kilograms": null,
                "pounds": null
            }
        },
        {
            "affiliation": null,
            "birth": {
                "country": null,
                "date": null
            },
            "college": null,
            "firstname": "Ibrahima",
            "height": {
                "feets": null,
                "inches": null,
                "meters": null
            },
            "id": 2061,
            "lastname": "Faye",
            "leagues": {
                "sacramento": {
                    "active": true,
                    "jersey": 68,
                    "pos": "C"
                },
                "vegas": {
                    "active": true,
                    "jersey": 68,
                    "pos": "C"
                }
            },
            "nba": {
                "pro": 0,
                "start": 0
            },
            "weight": {
                "kilograms": null,
                "pounds": null
            }
        },
        {
            "affiliation": null,
            "birth": {
                "country": null,
                "date": null
            },
            "college": null,
            "firstname": "Jeremiah",
            "height": {
                "feets": null,
                "inches": null,
                "meters": null
            },
            "id": 2062,
            "lastname": "Martin",
            "leagues": {
                "sacramento": {
                    "active": true,
                    "jersey": 57,
                    "pos": "G"
                },
                "vegas": {
                    "active": true,
                    "jersey": 57,
                    "pos": "G"
                }
            },
            "nba": {
                "pro": 0,
                "start": 0
            },
            "weight": {
                "kilograms": null,
                "pounds": null
            }
        },
        {
            "affiliation": null,
            "birth": {
                "country": null,
                "date": null
            },
            "college": null,
            "firstname": "Nick",
            "height": {
                "feets": null,
                "inches": null,
                "meters": null
            },
            "id": 2063,
            "lastname": "Mayo",
            "leagues": {
                "sacramento": {
                    "active": true,
                    "jersey": 70,
                    "pos": "F"
                },
                "vegas": {
                    "active": true,
                    "jersey": 70,
                    "pos": "F"
                }
            },
            "nba": {
                "pro": 0,
                "start": 0
            },
            "weight": {
                "kilograms": null,
                "pounds": null
            }
        },
        {
            "affiliation": null,
            "birth": {
                "country": null,
                "date": null
            },
            "college": null,
            "firstname": "Chris",
            "height": {
                "feets": null,
                "inches": null,
                "meters": null
            },
            "id": 2064,
            "lastname": "Silva",
            "leagues": {
                "sacramento": {
                    "active": true,
                    "jersey": 73,
                    "pos": "F"
                },
                "vegas": {
                    "active": true,
                    "jersey": 73,
                    "pos": "F"
                }
            },
            "nba": {
                "pro": 0,
                "start": 0
            },
            "weight": {
                "kilograms": null,
                "pounds": null
            }
        },
        {
            "affiliation": null,
            "birth": {
                "country": null,
                "date": null
            },
            "college": null,
            "firstname": "Nick",
            "height": {
                "feets": null,
                "inches": null,
                "meters": null
            },
            "id": 2065,
            "lastname": "Weiler Babb",
            "leagues": {
                "sacramento": {
                    "active": true,
                    "jersey": 53,
                    "pos": "G"
                },
                "vegas": {
                    "active": true,
                    "jersey": 53,
                    "pos": "G"
                }
            },
            "nba": {
                "pro": 0,
                "start": 0
            },
            "weight": {
                "kilograms": null,
                "pounds": null
            }
        }
    ],
    "results": 35
}