{
    "errors": [],
    "get": "players/",
    "parameters": {
        "season": "2017",
        "team": "20"
    },
    "response": [
        {
            "affiliation": "Duke/USA",
            "birth": {
                "country": "USA",
                "date": "1996-03-26"
            },
            "college": "Duke",
            "firstname": "Justise",
            "height": {
                "feets": "6",
                "inches": "6",
                "meters": "1.98"
            },
            "id": 558,
            "lastname": "Winslow",
            "leagues": {
                "standard": {
                    "active": true,
                    "jersey": 26,
                    "pos": "F-G"
                }
            },
            "nba": {
                "pro": 6,
                "start": 2015
            },
            "weight": {
                "kilograms": "100.7",
                "pounds": "222"
            }
        },
        {
            "affiliation": null,
            "birth": {
                "country": null,
                "date": null
            },
            "college": null,
            "firstname": "Jordan",
            "height": {
                "feets": null,
                "inches": null,
                "meters": null
            },
            "id": 360,
            "lastname": "Mickey",
            "leagues": {
                "standard": {
                    "active": true,
                    "jersey": 25,
                    "pos": "F"
                }
            },
            "nba": {
                "pro": 0,
                "start": 0
            },
            "weight": {
                "kilograms": null,
                "pounds": null
            }
        },
        {
            "affiliation": "Tennessee/USA",
            "birth": {
                "country": "USA",
                "date": "1993-09-15"
            },
            "college": "Tennessee",
            "firstname": "Josh",
            "height": {
                "feets": "6",
                "inches": "5",
                "meters": "1.96"
            },
            "id": 446,
            "lastname": "Richardson",
            "leagues": {
                "standard": {
                    "active": true,
                    "jersey": 7,
                    "pos": "G"
                }
            },
            "nba": {
                "pro": 6,
                "start": 2015
            },
            "weight": {
                "kilograms": "90.7",
                "pounds": "200"
            }
        },
        {
            "affiliation": "Purdue/USA",
            "birth": {
                "country": "USA",
                "date": "1992-08-27"
            },
            "college": "Purdue",
            "firstname": "AJ",
            "height": {
                "feets": "7",
                "inches": "0",
                "meters": "2.13"
            },
            "id": 213,
            "lastname": "Hammons",
            "leagues": {
                "standard": {
                    "active": false,
                    "jersey": 20,
                    "pos": "C"
                }
            },
            "nba": {
                "pro": 0,
                "start": 2016
            },
            "weight": {
                "kilograms": "117.9",
                "pounds": "260"
            }
        },
        {
            "affiliation": null,
            "birth": {
                "country": null,
                "date": null
            },
            "college": null,
            "firstname": "Okaro",
            "height": {
                "feets": null,
                "inches": null,
                "meters": null
            },
            "id": 610,
            "lastname": "White",
            "leagues": {
                "standard": {
                    "active": false,
                    "jersey": 9,
                    "pos": null
                },
                "vegas": {
                    "active": true,
                    "jersey": 9,
                    "pos": "F"
                }
            },
            "nba": {
                "pro": 0,
                "start": 0
            },
            "weight": {
                "kilograms": null,
                "pounds": null
            }
        },
        {
            "affiliation": "UNLV/USA",
            "birth": {
                "country": "USA",
                "date": "1997-02-15"
            },
            "college": "UNLV",
            "firstname": "Derrick",
            "height": {
                "feets": "6",
                "inches": "6",
                "meters": "1.98"
            },
            "id": 283,
            "lastname": "Jones Jr.",
            "leagues": {
                "sacramento": {
                    "active": true,
                    "jersey": 5,
                    "pos": "F-G"
                },
                "standard": {
                    "active": true,
                    "jersey": 5,
                    "pos": "F"
                },
                "vegas": {
                    "active": true,
                    "jersey": 5,
                    "pos": "F-G"
                }
            },
            "nba": {
                "pro": 5,
                "start": 2016
            },
            "weight": {
                "kilograms": "95.3",
                "pounds": "210"
            }
        },
        {
            "affiliation": "Kentucky/USA",
            "birth": {
                "country": "USA",
                "date": "1997-07-18"
            },
            "college": "Kentucky",
            "firstname": "Bam",
            "height": {
                "feets": "6",
                "inches": "9",
                "meters": "2.06"
            },
            "id": 724,
            "lastname": "Adebayo",
            "leagues": {
                "sacramento": {
                    "active": true,
                    "jersey": 13,
                    "pos": "C-F"
                },
                "standard": {
                    "active": true,
                    "jersey": 13,
                    "pos": "C-F"
                },
                "vegas": {
                    "active": true,
                    "jersey": 13,
                    "pos": "C-F"
                }
            },
            "nba": {
                "pro": 4,
                "start": 2017
            },
            "weight": {
                "kilograms": "115.7",
                "pounds": "255"
            }
        },
        {
            "affiliation": "Central Florida/USA",
            "birth": {
                "country": "USA",
                "date": "1993-10-14"
            },
            "college": "Central Florida",
            "firstname": "Matt",
            "height": {
                "feets": "6",
                "inches": "5",
                "meters": "1.96"
            },
            "id": 1684,
            "lastname": "Williams Jr.",
            "leagues": {
                "vegas": {
                    "active": true,
                    "jersey": 12,
                    "pos": "G"
                }
            },
            "nba": {
                "pro": 1,
                "start": 2017
            },
            "weight": {
                "kilograms": "95.3",
                "pounds": "210"
            }
        },
        {
            "affiliation": "Michigan/USA",
            "birth": {
                "country": "USA",
                "date": "1995-04-03"
            },
            "college": "Michigan",
            "firstname": "Derrick",
            "height": {
                "feets": "6",
                "inches": "0",
                "meters": "1.83"
            },
            "id": 894,
            "lastname": "Walton Jr.",
            "leagues": {
                "sacramento": {
                    "active": true,
                    "jersey": 18,
                    "pos": "G"
                },
                "standard": {
                    "active": true,
                    "jersey": 10,
                    "pos": "G"
                },
                "vegas": {
                    "active": true,
                    "jersey": 26,
                    "pos": "G"
                }
            },
            "nba": {
                "pro": 2,
                "start": 2017
            },
            "weight": {
                "kilograms": "83.9",
                "pounds": "185"
            }
        },
        {
            "affiliation": "Louisiana Tech/USA",
            "birth": {
                "country": "USA",
                "date": "1993-12-20"
            },
            "college": "Louisiana Tech",
            "firstname": "Erik",
            "height": {
                "feets": "6",
                "inches": "8",
                "meters": "2.03"
            },
            "id": 834,
            "lastname": "McCree",
            "leagues": {
                "standard": {
                    "active": true,
                    "jersey": 21,
                    "pos": "F"
                },
                "utah": {
                    "active": true,
                    "jersey": 21,
                    "pos": "F"
                },
                "vegas": {
                    "active": true,
                    "jersey": 48,
                    "pos": "F"
                }
            },
            "nba": {
                "pro": 1,
                "start": 2017
            },
            "weight": {
                "kilograms": "102.1",
                "pounds": "225"
            }
        },
        {
            "affiliation": "Union Olimpija/Slovenia",
            "birth": {
                "country": "Slovenia",
                "date": "1986-05-06"
            },
            "college": "Union Olimpija",
            "firstname": "Goran",
            "height": {
                "feets": "6",
                "inches": "3",
                "meters": "1.9"
            },
            "id": 146,
            "lastname": "Dragic",
            "leagues": {
                "standard": {
                    "active": true,
                    "jersey": 7,
                    "pos": "G"
                }
            },
            "nba": {
                "pro": 13,
                "start": 2008
            },
            "weight": {
                "kilograms": "86.2",
                "pounds": "190"
            }
        },
        {
            "affiliation": "Wake Forest/USA",
            "birth": {
                "country": "USA",
                "date": "1987-02-20"
            },
            "college": "Wake Forest",
            "firstname": "James",
            "height": {
                "feets": null,
                "inches": null,
                "meters": null
            },
            "id": 274,
            "lastname": "Johnson",
            "leagues": {
                "standard": {
                    "active": true,
                    "jersey": 16,
                    "pos": "F"
                }
            },
            "nba": {
                "pro": 0,
                "start": 2009
            },
            "weight": {
                "kilograms": null,
                "pounds": null
            }
        },
        {
            "affiliation": "North Carolina/USA",
            "birth": {
                "country": "USA",
                "date": "1987-11-29"
            },
            "college": "North Carolina",
            "firstname": "Wayne",
            "height": {
                "feets": "6",
                "inches": "4",
                "meters": "1.93"
            },
            "id": 157,
            "lastname": "Ellington",
            "leagues": {
                "standard": {
                    "active": true,
                    "jersey": 2,
                    "pos": "G"
                }
            },
            "nba": {
                "pro": 12,
                "start": 2009
            },
            "weight": {
                "kilograms": "93.9",
                "pounds": "207"
            }
        },
        {
            "affiliation": null,
            "birth": {
                "country": null,
                "date": null
            },
            "college": null,
            "firstname": "Luke",
            "height": {
                "feets": null,
                "inches": null,
                "meters": null
            },
            "id": 30,
            "lastname": "Babbitt",
            "leagues": {
                "standard": {
                    "active": true,
                    "jersey": 22,
                    "pos": "F"
                }
            },
            "nba": {
                "pro": 0,
                "start": 0
            },
            "weight": {
                "kilograms": null,
                "pounds": null
            }
        },
        {
            "affiliation": "Marshall/USA",
            "birth": {
                "country": "USA",
                "date": "1989-06-13"
            },
            "college": "Marshall",
            "firstname": "Hassan",
            "height": {
                "feets": "7",
                "inches": "0",
                "meters": "2.13"
            },
            "id": 546,
            "lastname": "Whiteside",
            "leagues": {
                "africa": {
                    "active": true,
                    "jersey": 21,
                    "pos": "C"
                },
                "standard": {
                    "active": true,
                    "jersey": 21,
                    "pos": "C"
                }
            },
            "nba": {
                "pro": 9,
                "start": 2010
            },
            "weight": {
                "kilograms": "120.2",
                "pounds": "265"
            }
        },
        {
            "affiliation": "Kentucky/USA",
            "birth": {
                "country": "USA",
                "date": "1988-03-31"
            },
            "college": "Kentucky",
            "firstname": "DeAndre",
            "height": {
                "feets": "6",
                "inches": "6",
                "meters": "1.98"
            },
            "id": 318,
            "lastname": "Liggins",
            "leagues": {
                "standard": {
                    "active": false,
                    "jersey": 18,
                    "pos": null
                }
            },
            "nba": {
                "pro": 5,
                "start": 2011
            },
            "weight": {
                "kilograms": "94.8",
                "pounds": "209"
            }
        },
        {
            "affiliation": "Syracuse/USA",
            "birth": {
                "country": "USA",
                "date": "1991-12-10"
            },
            "college": "Syracuse",
            "firstname": "Dion",
            "height": {
                "feets": "6",
                "inches": "3",
                "meters": "1.9"
            },
            "id": 537,
            "lastname": "Waiters",
            "leagues": {
                "standard": {
                    "active": true,
                    "jersey": 18,
                    "pos": "G"
                }
            },
            "nba": {
                "pro": 8,
                "start": 2012
            },
            "weight": {
                "kilograms": "95.3",
                "pounds": "210"
            }
        },
        {
            "affiliation": "Gonzaga/Canada",
            "birth": {
                "country": "Canada",
                "date": "1991-04-19"
            },
            "college": "Gonzaga",
            "firstname": "Kelly",
            "height": {
                "feets": "6",
                "inches": "11",
                "meters": "2.11"
            },
            "id": 404,
            "lastname": "Olynyk",
            "leagues": {
                "standard": {
                    "active": true,
                    "jersey": 41,
                    "pos": "F-C"
                }
            },
            "nba": {
                "pro": 8,
                "start": 2013
            },
            "weight": {
                "kilograms": "108.9",
                "pounds": "240"
            }
        },
        {
            "affiliation": "UCLA/USA",
            "birth": {
                "country": "USA",
                "date": "1990-03-05"
            },
            "college": "UCLA",
            "firstname": "Larry",
            "height": {
                "feets": "6",
                "inches": "2",
                "meters": "1.88"
            },
            "id": 771,
            "lastname": "Drew II",
            "leagues": {
                "standard": {
                    "active": true,
                    "jersey": 1,
                    "pos": "G"
                },
                "vegas": {
                    "active": true,
                    "jersey": 12,
                    "pos": "G"
                }
            },
            "nba": {
                "pro": 2,
                "start": 2014
            },
            "weight": {
                "kilograms": "81.6",
                "pounds": "180"
            }
        },
        {
            "affiliation": "Kansas State/USA",
            "birth": {
                "country": "USA",
                "date": "1991-07-29"
            },
            "college": "Kansas State",
            "firstname": "Rodney",
            "height": {
                "feets": "6",
                "inches": "4",
                "meters": "1.93"
            },
            "id": 354,
            "lastname": "McGruder",
            "leagues": {
                "standard": {
                    "active": true,
                    "jersey": 17,
                    "pos": "G"
                }
            },
            "nba": {
                "pro": 5,
                "start": 2016
            },
            "weight": {
                "kilograms": "93.0",
                "pounds": "205"
            }
        },
        {
            "affiliation": "Iona/USA",
            "birth": {
                "country": "USA",
                "date": "1993-02-03"
            },
            "college": "Iona",
            "firstname": "Norvel",
            "height": {
                "feets": null,
                "inches": null,
                "meters": null
            },
            "id": 1012,
            "lastname": "Pelle",
            "leagues": {
                "standard": {
                    "active": false,
                    "jersey": 5,
                    "pos": null
                },
                "vegas": {
                    "active": true,
                    "jersey": 14,
                    "pos": "C"
                }
            },
            "nba": {
                "pro": 0,
                "start": 2019
            },
            "weight": {
                "kilograms": null,
                "pounds": null
            }
        },
        {
            "affiliation": "Fresno State/USA",
            "birth": {
                "country": "USA",
                "date": "1992-05-07"
            },
            "college": "Fresno State",
            "firstname": "Tyler",
            "height": {
                "feets": null,
                "inches": null,
                "meters": null
            },
            "id": 277,
            "lastname": "Johnson",
            "leagues": {
                "standard": {
                    "active": false,
                    "jersey": 28,
                    "pos": null
                }
            },
            "nba": {
                "pro": 0,
                "start": 2014
            },
            "weight": {
                "kilograms": null,
                "pounds": null
            }
        },
        {
            "affiliation": null,
            "birth": {
                "country": null,
                "date": null
            },
            "college": null,
            "firstname": "Dwyane",
            "height": {
                "feets": null,
                "inches": null,
                "meters": null
            },
            "id": 536,
            "lastname": "Wade",
            "leagues": {
                "standard": {
                    "active": true,
                    "jersey": 3,
                    "pos": "G"
                }
            },
            "nba": {
                "pro": 0,
                "start": 0
            },
            "weight": {
                "kilograms": null,
                "pounds": null
            }
        },
        {
            "affiliation": "Florida/USA",
            "birth": {
                "country": "USA",
                "date": "1980-06-09"
            },
            "college": "Florida",
            "firstname": "Udonis",
            "height": {
                "feets": "6",
                "inches": "8",
                "meters": "2.03"
            },
            "id": 225,
            "lastname": "Haslem",
            "leagues": {
                "standard": {
                    "active": true,
                    "jersey": 40,
                    "pos": "F"
                }
            },
            "nba": {
                "pro": 18,
                "start": 2003
            },
            "weight": {
                "kilograms": "106.6",
                "pounds": "235"
            }
        }
    ],
    "results": 24
}