{
    "errors": [],
    "get": "players/",
    "parameters": {
        "season": "2015",
        "team": "20"
    },
    "response": [
        {
            "affiliation": null,
            "birth": {
                "country": null,
                "date": null
            },
            "college": null,
            "firstname": "Gerald",
            "height": {
                "feets": null,
                "inches": null,
                "meters": null
            },
            "id": 205,
            "lastname": "Green",
            "leagues": {
                "standard": {
                    "active": false,
                    "jersey": 14,
                    "pos": null
                }
            },
            "nba": {
                "pro": 0,
                "start": 0
            },
            "weight": {
                "kilograms": null,
                "pounds": null
            }
        },
        {
            "affiliation": null,
            "birth": {
                "country": null,
                "date": null
            },
            "college": null,
            "firstname": "John",
            "height": {
                "feets": null,
                "inches": null,
                "meters": null
            },
            "id": 328,
            "lastname": "Lucas III",
            "leagues": {
                "standard": {
                    "active": false,
                    "jersey": 11,
                    "pos": "G"
                }
            },
            "nba": {
                "pro": 0,
                "start": 0
            },
            "weight": {
                "kilograms": null,
                "pounds": null
            }
        },
        {
            "affiliation": "Duke/USA",
            "birth": {
                "country": "USA",
                "date": "1996-03-26"
            },
            "college": "Duke",
            "firstname": "Justise",
            "height": {
                "feets": "6",
                "inches": "6",
                "meters": "1.98"
            },
            "id": 558,
            "lastname": "Winslow",
            "leagues": {
                "standard": {
                    "active": true,
                    "jersey": 26,
                    "pos": "F-G"
                }
            },
            "nba": {
                "pro": 6,
                "start": 2015
            },
            "weight": {
                "kilograms": "100.7",
                "pounds": "222"
            }
        },
        {
            "affiliation": "Tennessee/USA",
            "birth": {
                "country": "USA",
                "date": "1993-09-15"
            },
            "college": "Tennessee",
            "firstname": "Josh",
            "height": {
                "feets": "6",
                "inches": "5",
                "meters": "1.96"
            },
            "id": 446,
            "lastname": "Richardson",
            "leagues": {
                "standard": {
                    "active": true,
                    "jersey": 7,
                    "pos": "G"
                }
            },
            "nba": {
                "pro": 6,
                "start": 2015
            },
            "weight": {
                "kilograms": "90.7",
                "pounds": "200"
            }
        },
        {
            "affiliation": null,
            "birth": {
                "country": null,
                "date": null
            },
            "college": null,
            "firstname": "Briante",
            "height": {
                "feets": null,
                "inches": null,
                "meters": null
            },
            "id": 542,
            "lastname": "Weber",
            "leagues": {
                "standard": {
                    "active": false,
                    "jersey": 11,
                    "pos": null
                }
            },
            "nba": {
                "pro": 0,
                "start": 0
            },
            "weight": {
                "kilograms": null,
                "pounds": null
            }
        },
        {
            "affiliation": "Duke/USA",
            "birth": {
                "country": "USA",
                "date": "1987-02-28"
            },
            "college": "Duke",
            "firstname": "Josh",
            "height": {
                "feets": "6",
                "inches": "10",
                "meters": "2.08"
            },
            "id": 357,
            "lastname": "McRoberts",
            "leagues": {
                "standard": {
                    "active": false,
                    "jersey": 4,
                    "pos": "F"
                }
            },
            "nba": {
                "pro": 9,
                "start": 2007
            },
            "weight": {
                "kilograms": "108.9",
                "pounds": "240"
            }
        },
        {
            "affiliation": null,
            "birth": {
                "country": null,
                "date": null
            },
            "college": null,
            "firstname": "Mario",
            "height": {
                "feets": null,
                "inches": null,
                "meters": null
            },
            "id": 759,
            "lastname": "Chalmers",
            "leagues": {
                "standard": {
                    "active": false,
                    "jersey": 15,
                    "pos": null
                }
            },
            "nba": {
                "pro": 0,
                "start": 0
            },
            "weight": {
                "kilograms": null,
                "pounds": null
            }
        },
        {
            "affiliation": "Union Olimpija/Slovenia",
            "birth": {
                "country": "Slovenia",
                "date": "1986-05-06"
            },
            "college": "Union Olimpija",
            "firstname": "Goran",
            "height": {
                "feets": "6",
                "inches": "3",
                "meters": "1.9"
            },
            "id": 146,
            "lastname": "Dragic",
            "leagues": {
                "standard": {
                    "active": true,
                    "jersey": 7,
                    "pos": "G"
                }
            },
            "nba": {
                "pro": 13,
                "start": 2008
            },
            "weight": {
                "kilograms": "86.2",
                "pounds": "190"
            }
        },
        {
            "affiliation": null,
            "birth": {
                "country": null,
                "date": null
            },
            "college": null,
            "firstname": "Tre",
            "height": {
                "feets": null,
                "inches": null,
                "meters": null
            },
            "id": 1779,
            "lastname": "Kelley",
            "leagues": {
                "standard": {
                    "active": false,
                    "jersey": 11,
                    "pos": null
                }
            },
            "nba": {
                "pro": 0,
                "start": 0
            },
            "weight": {
                "kilograms": null,
                "pounds": null
            }
        },
        {
            "affiliation": "Marshall/USA",
            "birth": {
                "country": "USA",
                "date": "1989-06-13"
            },
            "college": "Marshall",
            "firstname": "Hassan",
            "height": {
                "feets": "7",
                "inches": "0",
                "meters": "2.13"
            },
            "id": 546,
            "lastname": "Whiteside",
            "leagues": {
                "africa": {
                    "active": true,
                    "jersey": 21,
                    "pos": "C"
                },
                "standard": {
                    "active": true,
                    "jersey": 21,
                    "pos": "C"
                }
            },
            "nba": {
                "pro": 9,
                "start": 2010
            },
            "weight": {
                "kilograms": "120.2",
                "pounds": "265"
            }
        },
        {
            "affiliation": null,
            "birth": {
                "country": null,
                "date": null
            },
            "college": null,
            "firstname": "Keith",
            "height": {
                "feets": null,
                "inches": null,
                "meters": null
            },
            "id": 687,
            "lastname": "Benson",
            "leagues": {
                "standard": {
                    "active": false,
                    "jersey": 34,
                    "pos": null
                }
            },
            "nba": {
                "pro": 0,
                "start": 0
            },
            "weight": {
                "kilograms": null,
                "pounds": null
            }
        },
        {
            "affiliation": "California State-Long Beach/USA",
            "birth": {
                "country": "USA",
                "date": "1990-07-01"
            },
            "college": "Cal State-Long Beach",
            "firstname": "James",
            "height": {
                "feets": null,
                "inches": null,
                "meters": null
            },
            "id": 160,
            "lastname": "Ennis III",
            "leagues": {
                "standard": {
                    "active": false,
                    "jersey": 10,
                    "pos": null
                }
            },
            "nba": {
                "pro": 0,
                "start": 2014
            },
            "weight": {
                "kilograms": null,
                "pounds": null
            }
        },
        {
            "affiliation": "Tennessee/USA",
            "birth": {
                "country": "USA",
                "date": "1994-01-07"
            },
            "college": "Tennessee",
            "firstname": "Jarnell",
            "height": {
                "feets": "6",
                "inches": "9",
                "meters": "2.06"
            },
            "id": 498,
            "lastname": "Stokes",
            "leagues": {
                "standard": {
                    "active": true,
                    "jersey": 2,
                    "pos": "F-C"
                },
                "vegas": {
                    "active": true,
                    "jersey": 40,
                    "pos": "F-C"
                }
            },
            "nba": {
                "pro": 3,
                "start": 2014
            },
            "weight": {
                "kilograms": "115.7",
                "pounds": "255"
            }
        },
        {
            "affiliation": "Fresno State/USA",
            "birth": {
                "country": "USA",
                "date": "1992-05-07"
            },
            "college": "Fresno State",
            "firstname": "Tyler",
            "height": {
                "feets": null,
                "inches": null,
                "meters": null
            },
            "id": 277,
            "lastname": "Johnson",
            "leagues": {
                "standard": {
                    "active": false,
                    "jersey": 28,
                    "pos": null
                }
            },
            "nba": {
                "pro": 0,
                "start": 2014
            },
            "weight": {
                "kilograms": null,
                "pounds": null
            }
        },
        {
            "affiliation": "Georgetown /USA",
            "birth": {
                "country": "USA",
                "date": "1993-02-07"
            },
            "college": "Georgetown",
            "firstname": "Greg",
            "height": {
                "feets": null,
                "inches": null,
                "meters": null
            },
            "id": 2663,
            "lastname": "Whittington",
            "leagues": {
                "standard": {
                    "active": false,
                    "jersey": 3,
                    "pos": null
                }
            },
            "nba": {
                "pro": 0,
                "start": 2020
            },
            "weight": {
                "kilograms": null,
                "pounds": null
            }
        },
        {
            "affiliation": "Arkansas/USA",
            "birth": {
                "country": "USA",
                "date": "1981-06-29"
            },
            "college": "Arkansas",
            "firstname": "Joe",
            "height": {
                "feets": null,
                "inches": null,
                "meters": null
            },
            "id": 275,
            "lastname": "Johnson",
            "leagues": {
                "standard": {
                    "active": false,
                    "jersey": 55,
                    "pos": null
                }
            },
            "nba": {
                "pro": 0,
                "start": 2001
            },
            "weight": {
                "kilograms": null,
                "pounds": null
            }
        },
        {
            "affiliation": null,
            "birth": {
                "country": "USA",
                "date": "1978-07-07"
            },
            "college": "Blinn",
            "firstname": "Chris",
            "height": {
                "feets": "6",
                "inches": "10",
                "meters": "2.08"
            },
            "id": 14,
            "lastname": "Andersen",
            "leagues": {
                "standard": {
                    "active": false,
                    "jersey": null,
                    "pos": "F-C"
                }
            },
            "nba": {
                "pro": 13,
                "start": 2001
            },
            "weight": {
                "kilograms": "111.1",
                "pounds": "245"
            }
        },
        {
            "affiliation": null,
            "birth": {
                "country": "USA",
                "date": "1982-11-16"
            },
            "college": "Cypress Creek (FL)",
            "firstname": "Amar'e",
            "height": {
                "feets": "6",
                "inches": "10",
                "meters": "2.08"
            },
            "id": 500,
            "lastname": "Stoudemire",
            "leagues": {
                "standard": {
                    "active": false,
                    "jersey": 5,
                    "pos": "F-C"
                }
            },
            "nba": {
                "pro": 13,
                "start": 2002
            },
            "weight": {
                "kilograms": "111.1",
                "pounds": "245"
            }
        },
        {
            "affiliation": "Georgia Tech/USA",
            "birth": {
                "country": "USA",
                "date": "1984-03-24"
            },
            "college": "Georgia Tech",
            "firstname": "Chris",
            "height": {
                "feets": "6",
                "inches": "11",
                "meters": "2.11"
            },
            "id": 67,
            "lastname": "Bosh",
            "leagues": {
                "standard": {
                    "active": false,
                    "jersey": 1,
                    "pos": "F"
                }
            },
            "nba": {
                "pro": 13,
                "start": 2003
            },
            "weight": {
                "kilograms": "106.6",
                "pounds": "235"
            }
        },
        {
            "affiliation": null,
            "birth": {
                "country": null,
                "date": null
            },
            "college": null,
            "firstname": "Dwyane",
            "height": {
                "feets": null,
                "inches": null,
                "meters": null
            },
            "id": 536,
            "lastname": "Wade",
            "leagues": {
                "standard": {
                    "active": true,
                    "jersey": 3,
                    "pos": "G"
                }
            },
            "nba": {
                "pro": 0,
                "start": 0
            },
            "weight": {
                "kilograms": null,
                "pounds": null
            }
        },
        {
            "affiliation": "Florida/USA",
            "birth": {
                "country": "USA",
                "date": "1980-06-09"
            },
            "college": "Florida",
            "firstname": "Udonis",
            "height": {
                "feets": "6",
                "inches": "8",
                "meters": "2.03"
            },
            "id": 225,
            "lastname": "Haslem",
            "leagues": {
                "standard": {
                    "active": true,
                    "jersey": 40,
                    "pos": "F"
                }
            },
            "nba": {
                "pro": 18,
                "start": 2003
            },
            "weight": {
                "kilograms": "106.6",
                "pounds": "235"
            }
        },
        {
            "affiliation": null,
            "birth": {
                "country": null,
                "date": null
            },
            "college": null,
            "firstname": "Luol",
            "height": {
                "feets": null,
                "inches": null,
                "meters": null
            },
            "id": 135,
            "lastname": "Deng",
            "leagues": {
                "africa": {
                    "active": true,
                    "jersey": 9,
                    "pos": "F"
                },
                "standard": {
                    "active": false,
                    "jersey": 9,
                    "pos": null
                }
            },
            "nba": {
                "pro": 0,
                "start": 0
            },
            "weight": {
                "kilograms": null,
                "pounds": null
            }
        },
        {
            "affiliation": null,
            "birth": {
                "country": "USA",
                "date": "1985-12-02"
            },
            "college": "South Kent Prep (CT)",
            "firstname": "Dorell",
            "height": {
                "feets": "6",
                "inches": "9",
                "meters": "2.06"
            },
            "id": 565,
            "lastname": "Wright",
            "leagues": {
                "standard": {
                    "active": false,
                    "jersey": 11,
                    "pos": "F-G"
                }
            },
            "nba": {
                "pro": 11,
                "start": 2004
            },
            "weight": {
                "kilograms": "93.0",
                "pounds": "205"
            }
        },
        {
            "affiliation": "Breil Milano/Slovenia",
            "birth": {
                "country": "Slovenia",
                "date": "1982-07-05"
            },
            "college": "Sempeter, Slovenia",
            "firstname": "Beno",
            "height": {
                "feets": "6",
                "inches": "3",
                "meters": "1.9"
            },
            "id": 523,
            "lastname": "Udrih",
            "leagues": {
                "standard": {
                    "active": false,
                    "jersey": 19,
                    "pos": "G"
                }
            },
            "nba": {
                "pro": 12,
                "start": 2004
            },
            "weight": {
                "kilograms": "93.0",
                "pounds": "205"
            }
        }
    ],
    "results": 24
}