{
    "errors": [],
    "get": "players/",
    "parameters": {
        "season": "2018",
        "team": "20"
    },
    "response": [
        {
            "affiliation": "Duke/USA",
            "birth": {
                "country": "USA",
                "date": "1996-03-26"
            },
            "college": "Duke",
            "firstname": "Justise",
            "height": {
                "feets": "6",
                "inches": "6",
                "meters": "1.98"
            },
            "id": 558,
            "lastname": "Winslow",
            "leagues": {
                "standard": {
                    "active": true,
                    "jersey": 26,
                    "pos": "F-G"
                }
            },
            "nba": {
                "pro": 6,
                "start": 2015
            },
            "weight": {
                "kilograms": "100.7",
                "pounds": "222"
            }
        },
        {
            "affiliation": "Nevada-Las Vegas/USA",
            "birth": {
                "country": "USA",
                "date": "1996-08-16"
            },
            "college": "UNLV",
            "firstname": "Rashad",
            "height": {
                "feets": "6",
                "inches": "6",
                "meters": "1.98"
            },
            "id": 531,
            "lastname": "Vaughn",
            "leagues": {
                "sacramento": {
                    "active": true,
                    "jersey": 65,
                    "pos": "G"
                },
                "standard": {
                    "active": true,
                    "jersey": 20,
                    "pos": "G"
                },
                "vegas": {
                    "active": true,
                    "jersey": 63,
                    "pos": "G-F"
                }
            },
            "nba": {
                "pro": 3,
                "start": 2015
            },
            "weight": {
                "kilograms": "95.3",
                "pounds": "210"
            }
        },
        {
            "affiliation": "Tennessee/USA",
            "birth": {
                "country": "USA",
                "date": "1993-09-15"
            },
            "college": "Tennessee",
            "firstname": "Josh",
            "height": {
                "feets": "6",
                "inches": "5",
                "meters": "1.96"
            },
            "id": 446,
            "lastname": "Richardson",
            "leagues": {
                "standard": {
                    "active": true,
                    "jersey": 7,
                    "pos": "G"
                }
            },
            "nba": {
                "pro": 6,
                "start": 2015
            },
            "weight": {
                "kilograms": "90.7",
                "pounds": "200"
            }
        },
        {
            "affiliation": null,
            "birth": {
                "country": null,
                "date": null
            },
            "college": null,
            "firstname": "Jarrod",
            "height": {
                "feets": null,
                "inches": null,
                "meters": null
            },
            "id": 1209,
            "lastname": "Jones",
            "leagues": {
                "sacramento": {
                    "active": true,
                    "jersey": 63,
                    "pos": "F-C"
                },
                "vegas": {
                    "active": true,
                    "jersey": 63,
                    "pos": "F-C"
                }
            },
            "nba": {
                "pro": 0,
                "start": 0
            },
            "weight": {
                "kilograms": null,
                "pounds": null
            }
        },
        {
            "affiliation": null,
            "birth": {
                "country": null,
                "date": null
            },
            "college": null,
            "firstname": "Briante",
            "height": {
                "feets": null,
                "inches": null,
                "meters": null
            },
            "id": 542,
            "lastname": "Weber",
            "leagues": {
                "standard": {
                    "active": false,
                    "jersey": 11,
                    "pos": null
                }
            },
            "nba": {
                "pro": 0,
                "start": 0
            },
            "weight": {
                "kilograms": null,
                "pounds": null
            }
        },
        {
            "affiliation": "UNLV/USA",
            "birth": {
                "country": "USA",
                "date": "1997-02-15"
            },
            "college": "UNLV",
            "firstname": "Derrick",
            "height": {
                "feets": "6",
                "inches": "6",
                "meters": "1.98"
            },
            "id": 283,
            "lastname": "Jones Jr.",
            "leagues": {
                "sacramento": {
                    "active": true,
                    "jersey": 5,
                    "pos": "F-G"
                },
                "standard": {
                    "active": true,
                    "jersey": 5,
                    "pos": "F"
                },
                "vegas": {
                    "active": true,
                    "jersey": 5,
                    "pos": "F-G"
                }
            },
            "nba": {
                "pro": 5,
                "start": 2016
            },
            "weight": {
                "kilograms": "95.3",
                "pounds": "210"
            }
        },
        {
            "affiliation": "UNLV/USA",
            "birth": {
                "country": "USA",
                "date": "1993-06-03"
            },
            "college": "UNLV",
            "firstname": "Ike",
            "height": {
                "feets": "6",
                "inches": "5",
                "meters": "1.96"
            },
            "id": 1221,
            "lastname": "Nwamu",
            "leagues": {
                "sacramento": {
                    "active": true,
                    "jersey": 51,
                    "pos": "G"
                },
                "vegas": {
                    "active": true,
                    "jersey": 51,
                    "pos": "G"
                }
            },
            "nba": {
                "pro": 0,
                "start": 0
            },
            "weight": {
                "kilograms": "95.3",
                "pounds": "210"
            }
        },
        {
            "affiliation": "Kentucky/USA",
            "birth": {
                "country": "USA",
                "date": "1997-07-18"
            },
            "college": "Kentucky",
            "firstname": "Bam",
            "height": {
                "feets": "6",
                "inches": "9",
                "meters": "2.06"
            },
            "id": 724,
            "lastname": "Adebayo",
            "leagues": {
                "sacramento": {
                    "active": true,
                    "jersey": 13,
                    "pos": "C-F"
                },
                "standard": {
                    "active": true,
                    "jersey": 13,
                    "pos": "C-F"
                },
                "vegas": {
                    "active": true,
                    "jersey": 13,
                    "pos": "C-F"
                }
            },
            "nba": {
                "pro": 4,
                "start": 2017
            },
            "weight": {
                "kilograms": "115.7",
                "pounds": "255"
            }
        },
        {
            "affiliation": "Dayton/USA",
            "birth": {
                "country": "USA",
                "date": "1994-07-01"
            },
            "college": "Dayton",
            "firstname": "Charles",
            "height": {
                "feets": "6",
                "inches": "5",
                "meters": "1.96"
            },
            "id": 763,
            "lastname": "Cooke",
            "leagues": {
                "sacramento": {
                    "active": true,
                    "jersey": 54,
                    "pos": "G"
                },
                "standard": {
                    "active": true,
                    "jersey": 4,
                    "pos": "G"
                },
                "vegas": {
                    "active": true,
                    "jersey": 54,
                    "pos": "G"
                }
            },
            "nba": {
                "pro": 1,
                "start": 2017
            },
            "weight": {
                "kilograms": "88.9",
                "pounds": "196"
            }
        },
        {
            "affiliation": "Michigan/USA",
            "birth": {
                "country": "USA",
                "date": "1995-04-03"
            },
            "college": "Michigan",
            "firstname": "Derrick",
            "height": {
                "feets": "6",
                "inches": "0",
                "meters": "1.83"
            },
            "id": 894,
            "lastname": "Walton Jr.",
            "leagues": {
                "sacramento": {
                    "active": true,
                    "jersey": 18,
                    "pos": "G"
                },
                "standard": {
                    "active": true,
                    "jersey": 10,
                    "pos": "G"
                },
                "vegas": {
                    "active": true,
                    "jersey": 26,
                    "pos": "G"
                }
            },
            "nba": {
                "pro": 2,
                "start": 2017
            },
            "weight": {
                "kilograms": "83.9",
                "pounds": "185"
            }
        },
        {
            "affiliation": "Clemson/Cameroon",
            "birth": {
                "country": "Cameroon",
                "date": "1994-04-09"
            },
            "college": "Clemson",
            "firstname": "Landry",
            "height": {
                "feets": "6",
                "inches": "10",
                "meters": "2.08"
            },
            "id": 1219,
            "lastname": "Nnoko",
            "leagues": {
                "sacramento": {
                    "active": true,
                    "jersey": 70,
                    "pos": "C-F"
                },
                "vegas": {
                    "active": true,
                    "jersey": 36,
                    "pos": "C"
                }
            },
            "nba": {
                "pro": 0,
                "start": 0
            },
            "weight": {
                "kilograms": "113.4",
                "pounds": "250"
            }
        },
        {
            "affiliation": "Connecticut/USA",
            "birth": {
                "country": "USA",
                "date": "1994-02-14"
            },
            "college": "Connecticut",
            "firstname": "Rodney",
            "height": {
                "feets": "6",
                "inches": "4",
                "meters": "1.93"
            },
            "id": 862,
            "lastname": "Purvis",
            "leagues": {
                "standard": {
                    "active": true,
                    "jersey": 15,
                    "pos": "G"
                },
                "vegas": {
                    "active": true,
                    "jersey": 44,
                    "pos": "G"
                }
            },
            "nba": {
                "pro": 1,
                "start": 2017
            },
            "weight": {
                "kilograms": "93.0",
                "pounds": "205"
            }
        },
        {
            "affiliation": "Georgia/USA",
            "birth": {
                "country": "USA",
                "date": "1996-08-14"
            },
            "college": "Georgia",
            "firstname": "Yante",
            "height": {
                "feets": "6",
                "inches": "8",
                "meters": "2.03"
            },
            "id": 995,
            "lastname": "Maten",
            "leagues": {
                "sacramento": {
                    "active": true,
                    "jersey": null,
                    "pos": "F"
                },
                "standard": {
                    "active": true,
                    "jersey": 26,
                    "pos": "F"
                },
                "vegas": {
                    "active": true,
                    "jersey": 61,
                    "pos": "F"
                }
            },
            "nba": {
                "pro": 1,
                "start": 2018
            },
            "weight": {
                "kilograms": "108.9",
                "pounds": "240"
            }
        },
        {
            "affiliation": "Kansas/USA",
            "birth": {
                "country": "USA",
                "date": "1997-02-21"
            },
            "college": "Kansas",
            "firstname": "Malik",
            "height": {
                "feets": "6",
                "inches": "3",
                "meters": "1.9"
            },
            "id": 1057,
            "lastname": "Newman",
            "leagues": {
                "sacramento": {
                    "active": true,
                    "jersey": 14,
                    "pos": "G"
                },
                "standard": {
                    "active": true,
                    "jersey": 14,
                    "pos": "G"
                },
                "utah": {
                    "active": true,
                    "jersey": 39,
                    "pos": "G"
                },
                "vegas": {
                    "active": true,
                    "jersey": 39,
                    "pos": "G"
                }
            },
            "nba": {
                "pro": 1,
                "start": 2019
            },
            "weight": {
                "kilograms": "86.2",
                "pounds": "190"
            }
        },
        {
            "affiliation": " USA/USA",
            "birth": {
                "country": "USA",
                "date": "1996-09-06"
            },
            "college": null,
            "firstname": "Dikembe",
            "height": {
                "feets": "6",
                "inches": "7",
                "meters": "2.01"
            },
            "id": 1193,
            "lastname": "Dixson",
            "leagues": {
                "sacramento": {
                    "active": true,
                    "jersey": 61,
                    "pos": "F"
                },
                "vegas": {
                    "active": true,
                    "jersey": 61,
                    "pos": "F"
                }
            },
            "nba": {
                "pro": 0,
                "start": 0
            },
            "weight": {
                "kilograms": "90.7",
                "pounds": "200"
            }
        },
        {
            "affiliation": "Michigan/USA",
            "birth": {
                "country": "USA",
                "date": "1994-04-22"
            },
            "college": "Michigan",
            "firstname": "Duncan",
            "height": {
                "feets": "6",
                "inches": "7",
                "meters": "2.01"
            },
            "id": 1018,
            "lastname": "Robinson",
            "leagues": {
                "sacramento": {
                    "active": true,
                    "jersey": 55,
                    "pos": "F"
                },
                "standard": {
                    "active": true,
                    "jersey": 55,
                    "pos": "F"
                },
                "vegas": {
                    "active": true,
                    "jersey": 55,
                    "pos": "F"
                }
            },
            "nba": {
                "pro": 3,
                "start": 2018
            },
            "weight": {
                "kilograms": "97.5",
                "pounds": "215"
            }
        },
        {
            "affiliation": "Lincoln Memorial/USA",
            "birth": {
                "country": "USA",
                "date": "1996-08-21"
            },
            "college": "Lincoln Memorial",
            "firstname": "Emanuel",
            "height": {
                "feets": "6",
                "inches": "9",
                "meters": "2.06"
            },
            "id": 1032,
            "lastname": "Terry",
            "leagues": {
                "sacramento": {
                    "active": true,
                    "jersey": 26,
                    "pos": "F"
                },
                "standard": {
                    "active": true,
                    "jersey": 10,
                    "pos": "F"
                },
                "vegas": {
                    "active": true,
                    "jersey": 62,
                    "pos": "F"
                }
            },
            "nba": {
                "pro": 1,
                "start": 2018
            },
            "weight": {
                "kilograms": "99.8",
                "pounds": "220"
            }
        },
        {
            "affiliation": null,
            "birth": {
                "country": null,
                "date": null
            },
            "college": null,
            "firstname": "Marcus",
            "height": {
                "feets": null,
                "inches": null,
                "meters": null
            },
            "id": 1061,
            "lastname": "Lee",
            "leagues": {
                "standard": {
                    "active": false,
                    "jersey": 24,
                    "pos": null
                }
            },
            "nba": {
                "pro": 0,
                "start": 0
            },
            "weight": {
                "kilograms": null,
                "pounds": null
            }
        },
        {
            "affiliation": "California/USA",
            "birth": {
                "country": "USA",
                "date": "1988-05-06"
            },
            "college": "California",
            "firstname": "Ryan",
            "height": {
                "feets": null,
                "inches": null,
                "meters": null
            },
            "id": 19,
            "lastname": "Anderson",
            "leagues": {
                "standard": {
                    "active": false,
                    "jersey": 33,
                    "pos": null
                }
            },
            "nba": {
                "pro": 0,
                "start": 2008
            },
            "weight": {
                "kilograms": null,
                "pounds": null
            }
        },
        {
            "affiliation": "Union Olimpija/Slovenia",
            "birth": {
                "country": "Slovenia",
                "date": "1986-05-06"
            },
            "college": "Union Olimpija",
            "firstname": "Goran",
            "height": {
                "feets": "6",
                "inches": "3",
                "meters": "1.9"
            },
            "id": 146,
            "lastname": "Dragic",
            "leagues": {
                "standard": {
                    "active": true,
                    "jersey": 7,
                    "pos": "G"
                }
            },
            "nba": {
                "pro": 13,
                "start": 2008
            },
            "weight": {
                "kilograms": "86.2",
                "pounds": "190"
            }
        },
        {
            "affiliation": "Wake Forest/USA",
            "birth": {
                "country": "USA",
                "date": "1987-02-20"
            },
            "college": "Wake Forest",
            "firstname": "James",
            "height": {
                "feets": null,
                "inches": null,
                "meters": null
            },
            "id": 274,
            "lastname": "Johnson",
            "leagues": {
                "standard": {
                    "active": true,
                    "jersey": 16,
                    "pos": "F"
                }
            },
            "nba": {
                "pro": 0,
                "start": 2009
            },
            "weight": {
                "kilograms": null,
                "pounds": null
            }
        },
        {
            "affiliation": "North Carolina/USA",
            "birth": {
                "country": "USA",
                "date": "1987-11-29"
            },
            "college": "North Carolina",
            "firstname": "Wayne",
            "height": {
                "feets": "6",
                "inches": "4",
                "meters": "1.93"
            },
            "id": 157,
            "lastname": "Ellington",
            "leagues": {
                "standard": {
                    "active": true,
                    "jersey": 2,
                    "pos": "G"
                }
            },
            "nba": {
                "pro": 12,
                "start": 2009
            },
            "weight": {
                "kilograms": "93.9",
                "pounds": "207"
            }
        },
        {
            "affiliation": "Marshall/USA",
            "birth": {
                "country": "USA",
                "date": "1989-06-13"
            },
            "college": "Marshall",
            "firstname": "Hassan",
            "height": {
                "feets": "7",
                "inches": "0",
                "meters": "2.13"
            },
            "id": 546,
            "lastname": "Whiteside",
            "leagues": {
                "africa": {
                    "active": true,
                    "jersey": 21,
                    "pos": "C"
                },
                "standard": {
                    "active": true,
                    "jersey": 21,
                    "pos": "C"
                }
            },
            "nba": {
                "pro": 9,
                "start": 2010
            },
            "weight": {
                "kilograms": "120.2",
                "pounds": "265"
            }
        },
        {
            "affiliation": "Kentucky/USA",
            "birth": {
                "country": "USA",
                "date": "1988-03-31"
            },
            "college": "Kentucky",
            "firstname": "DeAndre",
            "height": {
                "feets": "6",
                "inches": "6",
                "meters": "1.98"
            },
            "id": 318,
            "lastname": "Liggins",
            "leagues": {
                "standard": {
                    "active": false,
                    "jersey": 18,
                    "pos": null
                }
            },
            "nba": {
                "pro": 5,
                "start": 2011
            },
            "weight": {
                "kilograms": "94.8",
                "pounds": "209"
            }
        },
        {
            "affiliation": "Syracuse/USA",
            "birth": {
                "country": "USA",
                "date": "1991-12-10"
            },
            "college": "Syracuse",
            "firstname": "Dion",
            "height": {
                "feets": "6",
                "inches": "3",
                "meters": "1.9"
            },
            "id": 537,
            "lastname": "Waiters",
            "leagues": {
                "standard": {
                    "active": true,
                    "jersey": 18,
                    "pos": "G"
                }
            },
            "nba": {
                "pro": 8,
                "start": 2012
            },
            "weight": {
                "kilograms": "95.3",
                "pounds": "210"
            }
        },
        {
            "affiliation": "Gonzaga/Canada",
            "birth": {
                "country": "Canada",
                "date": "1991-04-19"
            },
            "college": "Gonzaga",
            "firstname": "Kelly",
            "height": {
                "feets": "6",
                "inches": "11",
                "meters": "2.11"
            },
            "id": 404,
            "lastname": "Olynyk",
            "leagues": {
                "standard": {
                    "active": true,
                    "jersey": 41,
                    "pos": "F-C"
                }
            },
            "nba": {
                "pro": 8,
                "start": 2013
            },
            "weight": {
                "kilograms": "108.9",
                "pounds": "240"
            }
        },
        {
            "affiliation": "Kansas State/USA",
            "birth": {
                "country": "USA",
                "date": "1991-07-29"
            },
            "college": "Kansas State",
            "firstname": "Rodney",
            "height": {
                "feets": "6",
                "inches": "4",
                "meters": "1.93"
            },
            "id": 354,
            "lastname": "McGruder",
            "leagues": {
                "standard": {
                    "active": true,
                    "jersey": 17,
                    "pos": "G"
                }
            },
            "nba": {
                "pro": 5,
                "start": 2016
            },
            "weight": {
                "kilograms": "93.0",
                "pounds": "205"
            }
        },
        {
            "affiliation": "Tennessee/USA",
            "birth": {
                "country": "USA",
                "date": "1994-01-07"
            },
            "college": "Tennessee",
            "firstname": "Jarnell",
            "height": {
                "feets": "6",
                "inches": "9",
                "meters": "2.06"
            },
            "id": 498,
            "lastname": "Stokes",
            "leagues": {
                "standard": {
                    "active": true,
                    "jersey": 2,
                    "pos": "F-C"
                },
                "vegas": {
                    "active": true,
                    "jersey": 40,
                    "pos": "F-C"
                }
            },
            "nba": {
                "pro": 3,
                "start": 2014
            },
            "weight": {
                "kilograms": "115.7",
                "pounds": "255"
            }
        },
        {
            "affiliation": "Fresno State/USA",
            "birth": {
                "country": "USA",
                "date": "1992-05-07"
            },
            "college": "Fresno State",
            "firstname": "Tyler",
            "height": {
                "feets": null,
                "inches": null,
                "meters": null
            },
            "id": 277,
            "lastname": "Johnson",
            "leagues": {
                "standard": {
                    "active": false,
                    "jersey": 28,
                    "pos": null
                }
            },
            "nba": {
                "pro": 0,
                "start": 2014
            },
            "weight": {
                "kilograms": null,
                "pounds": null
            }
        },
        {
            "affiliation": " USA/USA",
            "birth": {
                "country": "USA",
                "date": "1990-04-21"
            },
            "college": "Massachusetts",
            "firstname": "Raphiael",
            "height": {
                "feets": "6",
                "inches": "10",
                "meters": "2.08"
            },
            "id": 1584,
            "lastname": "Putney",
            "leagues": {
                "utah": {
                    "active": true,
                    "jersey": 24,
                    "pos": "F"
                },
                "vegas": {
                    "active": true,
                    "jersey": 24,
                    "pos": "F"
                }
            },
            "nba": {
                "pro": 0,
                "start": 0
            },
            "weight": {
                "kilograms": "83.9",
                "pounds": "185"
            }
        },
        {
            "affiliation": null,
            "birth": {
                "country": null,
                "date": null
            },
            "college": null,
            "firstname": "Dwyane",
            "height": {
                "feets": null,
                "inches": null,
                "meters": null
            },
            "id": 536,
            "lastname": "Wade",
            "leagues": {
                "standard": {
                    "active": true,
                    "jersey": 3,
                    "pos": "G"
                }
            },
            "nba": {
                "pro": 0,
                "start": 0
            },
            "weight": {
                "kilograms": null,
                "pounds": null
            }
        },
        {
            "affiliation": "Florida/USA",
            "birth": {
                "country": "USA",
                "date": "1980-06-09"
            },
            "college": "Florida",
            "firstname": "Udonis",
            "height": {
                "feets": "6",
                "inches": "8",
                "meters": "2.03"
            },
            "id": 225,
            "lastname": "Haslem",
            "leagues": {
                "standard": {
                    "active": true,
                    "jersey": 40,
                    "pos": "F"
                }
            },
            "nba": {
                "pro": 18,
                "start": 2003
            },
            "weight": {
                "kilograms": "106.6",
                "pounds": "235"
            }
        },
        {
            "affiliation": null,
            "birth": {
                "country": null,
                "date": null
            },
            "college": null,
            "firstname": "Matt",
            "height": {
                "feets": null,
                "inches": null,
                "meters": null
            },
            "id": 1196,
            "lastname": "Farrell",
            "leagues": {
                "sacramento": {
                    "active": true,
                    "jersey": 52,
                    "pos": "G"
                },
                "vegas": {
                    "active": true,
                    "jersey": 52,
                    "pos": "G"
                }
            },
            "nba": {
                "pro": 0,
                "start": 0
            },
            "weight": {
                "kilograms": null,
                "pounds": null
            }
        },
        {
            "affiliation": null,
            "birth": {
                "country": null,
                "date": null
            },
            "college": null,
            "firstname": "Daryl",
            "height": {
                "feets": null,
                "inches": null,
                "meters": null
            },
            "id": 1212,
            "lastname": "Macon",
            "leagues": {
                "sacramento": {
                    "active": true,
                    "jersey": 54,
                    "pos": "G"
                },
                "vegas": {
                    "active": true,
                    "jersey": 54,
                    "pos": "G"
                }
            },
            "nba": {
                "pro": 0,
                "start": 0
            },
            "weight": {
                "kilograms": null,
                "pounds": null
            }
        },
        {
            "affiliation": null,
            "birth": {
                "country": null,
                "date": null
            },
            "college": null,
            "firstname": "Duncan",
            "height": {
                "feets": null,
                "inches": null,
                "meters": null
            },
            "id": 1227,
            "lastname": "Robinson",
            "leagues": {
                "sacramento": {
                    "active": true,
                    "jersey": 62,
                    "pos": "F"
                },
                "vegas": {
                    "active": true,
                    "jersey": 62,
                    "pos": "F"
                }
            },
            "nba": {
                "pro": 0,
                "start": 0
            },
            "weight": {
                "kilograms": null,
                "pounds": null
            }
        },
        {
            "affiliation": null,
            "birth": {
                "country": null,
                "date": null
            },
            "college": null,
            "firstname": "Justin",
            "height": {
                "feets": null,
                "inches": null,
                "meters": null
            },
            "id": 1228,
            "lastname": "Tillman",
            "leagues": {
                "sacramento": {
                    "active": true,
                    "jersey": 64,
                    "pos": "F"
                },
                "vegas": {
                    "active": true,
                    "jersey": 64,
                    "pos": "F"
                }
            },
            "nba": {
                "pro": 0,
                "start": 0
            },
            "weight": {
                "kilograms": null,
                "pounds": null
            }
        },
        {
            "affiliation": null,
            "birth": {
                "country": null,
                "date": null
            },
            "college": null,
            "firstname": "Tai",
            "height": {
                "feets": null,
                "inches": null,
                "meters": null
            },
            "id": 1234,
            "lastname": "Webster",
            "leagues": {
                "sacramento": {
                    "active": true,
                    "jersey": 53,
                    "pos": "G"
                },
                "vegas": {
                    "active": true,
                    "jersey": 53,
                    "pos": "G"
                }
            },
            "nba": {
                "pro": 0,
                "start": 0
            },
            "weight": {
                "kilograms": null,
                "pounds": null
            }
        }
    ],
    "results": 37
}