{
    "errors": [],
    "get": "players/",
    "parameters": {
        "season": "2017",
        "team": "21"
    },
    "response": [
        {
            "affiliation": null,
            "birth": {
                "country": null,
                "date": null
            },
            "college": null,
            "firstname": "Gerald",
            "height": {
                "feets": null,
                "inches": null,
                "meters": null
            },
            "id": 205,
            "lastname": "Green",
            "leagues": {
                "standard": {
                    "active": false,
                    "jersey": 14,
                    "pos": null
                }
            },
            "nba": {
                "pro": 0,
                "start": 0
            },
            "weight": {
                "kilograms": null,
                "pounds": null
            }
        },
        {
            "affiliation": "Nevada-Las Vegas/USA",
            "birth": {
                "country": "USA",
                "date": "1996-08-16"
            },
            "college": "UNLV",
            "firstname": "Rashad",
            "height": {
                "feets": "6",
                "inches": "6",
                "meters": "1.98"
            },
            "id": 531,
            "lastname": "Vaughn",
            "leagues": {
                "sacramento": {
                    "active": true,
                    "jersey": 65,
                    "pos": "G"
                },
                "standard": {
                    "active": true,
                    "jersey": 20,
                    "pos": "G"
                },
                "vegas": {
                    "active": true,
                    "jersey": 63,
                    "pos": "G-F"
                }
            },
            "nba": {
                "pro": 3,
                "start": 2015
            },
            "weight": {
                "kilograms": "95.3",
                "pounds": "210"
            }
        },
        {
            "affiliation": " USA/USA",
            "birth": {
                "country": "USA",
                "date": "1993-01-22"
            },
            "college": null,
            "firstname": "Travis",
            "height": {
                "feets": "6",
                "inches": "2",
                "meters": "1.88"
            },
            "id": 1651,
            "lastname": "Trice II",
            "leagues": {
                "vegas": {
                    "active": true,
                    "jersey": 20,
                    "pos": "G"
                }
            },
            "nba": {
                "pro": 0,
                "start": 0
            },
            "weight": {
                "kilograms": "79.4",
                "pounds": "175"
            }
        },
        {
            "affiliation": "Athlete Institute Prep/South Sudan",
            "birth": {
                "country": "South Sudan",
                "date": "1997-02-25"
            },
            "college": " ",
            "firstname": "Thon",
            "height": {
                "feets": null,
                "inches": null,
                "meters": null
            },
            "id": 335,
            "lastname": "Maker",
            "leagues": {
                "standard": {
                    "active": false,
                    "jersey": 14,
                    "pos": null
                }
            },
            "nba": {
                "pro": 0,
                "start": 2016
            },
            "weight": {
                "kilograms": null,
                "pounds": null
            }
        },
        {
            "affiliation": null,
            "birth": {
                "country": null,
                "date": null
            },
            "college": null,
            "firstname": "Stephen",
            "height": {
                "feets": null,
                "inches": null,
                "meters": null
            },
            "id": 573,
            "lastname": "Zimmerman",
            "leagues": {
                "standard": {
                    "active": true,
                    "jersey": 33,
                    "pos": "C"
                }
            },
            "nba": {
                "pro": 0,
                "start": 0
            },
            "weight": {
                "kilograms": null,
                "pounds": null
            }
        },
        {
            "affiliation": "Weber State/Russia",
            "birth": {
                "country": "Russia",
                "date": "1994-01-28"
            },
            "college": "Weber State",
            "firstname": "Joel",
            "height": {
                "feets": "6",
                "inches": "9",
                "meters": "2.06"
            },
            "id": 62,
            "lastname": "Bolomboy",
            "leagues": {
                "standard": {
                    "active": false,
                    "jersey": 21,
                    "pos": "F"
                }
            },
            "nba": {
                "pro": 0,
                "start": 2016
            },
            "weight": {
                "kilograms": "106.6",
                "pounds": "235"
            }
        },
        {
            "affiliation": "Virginia/USA",
            "birth": {
                "country": "USA",
                "date": "1992-12-11"
            },
            "college": "Virginia",
            "firstname": "Malcolm",
            "height": {
                "feets": "6",
                "inches": "5",
                "meters": "1.96"
            },
            "id": 71,
            "lastname": "Brogdon",
            "leagues": {
                "standard": {
                    "active": true,
                    "jersey": 13,
                    "pos": "G"
                }
            },
            "nba": {
                "pro": 5,
                "start": 2016
            },
            "weight": {
                "kilograms": "103.9",
                "pounds": "229"
            }
        },
        {
            "affiliation": "Oregon State/USA",
            "birth": {
                "country": "USA",
                "date": "1992-12-01"
            },
            "college": "Oregon State",
            "firstname": "Gary",
            "height": {
                "feets": "6",
                "inches": "3",
                "meters": "1.9"
            },
            "id": 593,
            "lastname": "Payton II",
            "leagues": {
                "sacramento": {
                    "active": true,
                    "jersey": null,
                    "pos": "G"
                },
                "standard": {
                    "active": true,
                    "jersey": null,
                    "pos": "G"
                },
                "vegas": {
                    "active": true,
                    "jersey": null,
                    "pos": "G"
                }
            },
            "nba": {
                "pro": 5,
                "start": 2016
            },
            "weight": {
                "kilograms": "88.5",
                "pounds": "195"
            }
        },
        {
            "affiliation": "Duke/USA",
            "birth": {
                "country": "USA",
                "date": "1992-07-14"
            },
            "college": "Duke",
            "firstname": "Marshall",
            "height": {
                "feets": "7",
                "inches": "0",
                "meters": "2.13"
            },
            "id": 425,
            "lastname": "Plumlee",
            "leagues": {
                "standard": {
                    "active": true,
                    "jersey": 40,
                    "pos": "C"
                }
            },
            "nba": {
                "pro": 2,
                "start": 2016
            },
            "weight": {
                "kilograms": "113.4",
                "pounds": "250"
            }
        },
        {
            "affiliation": "Michigan/USA",
            "birth": {
                "country": "USA",
                "date": "1996-02-19"
            },
            "college": "Michigan",
            "firstname": "D.J.",
            "height": {
                "feets": null,
                "inches": null,
                "meters": null
            },
            "id": 899,
            "lastname": "Wilson",
            "leagues": {
                "standard": {
                    "active": true,
                    "jersey": 9,
                    "pos": "F"
                },
                "vegas": {
                    "active": true,
                    "jersey": 9,
                    "pos": "F-C"
                }
            },
            "nba": {
                "pro": 0,
                "start": 2017
            },
            "weight": {
                "kilograms": null,
                "pounds": null
            }
        },
        {
            "affiliation": "Southern Methodist/USA",
            "birth": {
                "country": "USA",
                "date": "1995-02-10"
            },
            "college": "Southern Methodist",
            "firstname": "Sterling",
            "height": {
                "feets": "6",
                "inches": "5",
                "meters": "1.96"
            },
            "id": 751,
            "lastname": "Brown",
            "leagues": {
                "standard": {
                    "active": true,
                    "jersey": null,
                    "pos": "G-F"
                },
                "vegas": {
                    "active": true,
                    "jersey": 23,
                    "pos": "G"
                }
            },
            "nba": {
                "pro": 4,
                "start": 2017
            },
            "weight": {
                "kilograms": "99.3",
                "pounds": "219"
            }
        },
        {
            "affiliation": "Arizona/USA",
            "birth": {
                "country": "USA",
                "date": "1977-09-15"
            },
            "college": "Arizona",
            "firstname": "Jason",
            "height": {
                "feets": "6",
                "inches": "2",
                "meters": "1.88"
            },
            "id": 508,
            "lastname": "Terry",
            "leagues": {
                "standard": {
                    "active": true,
                    "jersey": 3,
                    "pos": "G"
                }
            },
            "nba": {
                "pro": 19,
                "start": 1999
            },
            "weight": {
                "kilograms": "83.9",
                "pounds": "185"
            }
        },
        {
            "affiliation": "UNLV/Canada",
            "birth": {
                "country": "Canada",
                "date": "1982-08-09"
            },
            "college": "Nevada-Las Vegas",
            "firstname": "Joel",
            "height": {
                "feets": "6",
                "inches": "9",
                "meters": "2.06"
            },
            "id": 22,
            "lastname": "Anthony",
            "leagues": {
                "standard": {
                    "active": false,
                    "jersey": 30,
                    "pos": "C"
                }
            },
            "nba": {
                "pro": 9,
                "start": 2007
            },
            "weight": {
                "kilograms": "111.1",
                "pounds": "245"
            }
        },
        {
            "affiliation": null,
            "birth": {
                "country": null,
                "date": null
            },
            "college": null,
            "firstname": "Brandon",
            "height": {
                "feets": null,
                "inches": null,
                "meters": null
            },
            "id": 461,
            "lastname": "Rush",
            "leagues": {
                "standard": {
                    "active": false,
                    "jersey": 25,
                    "pos": null
                }
            },
            "nba": {
                "pro": 0,
                "start": 0
            },
            "weight": {
                "kilograms": null,
                "pounds": null
            }
        },
        {
            "affiliation": "Oak Hill Academy (Mouth of Wilson, VA)/USA",
            "birth": {
                "country": "USA",
                "date": "1989-09-23"
            },
            "college": "Oak Hill Academy (VA)",
            "firstname": "Brandon",
            "height": {
                "feets": "6",
                "inches": "1",
                "meters": "1.85"
            },
            "id": 269,
            "lastname": "Jennings",
            "leagues": {
                "standard": {
                    "active": true,
                    "jersey": 11,
                    "pos": "G"
                }
            },
            "nba": {
                "pro": 9,
                "start": 2009
            },
            "weight": {
                "kilograms": "77.1",
                "pounds": "170"
            }
        },
        {
            "affiliation": "Georgetown/USA",
            "birth": {
                "country": "USA",
                "date": "1990-06-04"
            },
            "college": "Georgetown",
            "firstname": "Greg",
            "height": {
                "feets": "6",
                "inches": "10",
                "meters": "2.08"
            },
            "id": 369,
            "lastname": "Monroe",
            "leagues": {
                "standard": {
                    "active": true,
                    "jersey": 55,
                    "pos": "F-C"
                }
            },
            "nba": {
                "pro": 9,
                "start": 2010
            },
            "weight": {
                "kilograms": "113.4",
                "pounds": "250"
            }
        },
        {
            "affiliation": "Kentucky/USA",
            "birth": {
                "country": "USA",
                "date": "1989-12-09"
            },
            "college": "Kentucky",
            "firstname": "Eric",
            "height": {
                "feets": "6",
                "inches": "1",
                "meters": "1.85"
            },
            "id": 59,
            "lastname": "Bledsoe",
            "leagues": {
                "standard": {
                    "active": true,
                    "jersey": 5,
                    "pos": "G"
                }
            },
            "nba": {
                "pro": 11,
                "start": 2010
            },
            "weight": {
                "kilograms": "97.1",
                "pounds": "214"
            }
        },
        {
            "affiliation": "Kentucky/USA",
            "birth": {
                "country": "USA",
                "date": "1988-03-31"
            },
            "college": "Kentucky",
            "firstname": "DeAndre",
            "height": {
                "feets": "6",
                "inches": "6",
                "meters": "1.98"
            },
            "id": 318,
            "lastname": "Liggins",
            "leagues": {
                "standard": {
                    "active": false,
                    "jersey": 18,
                    "pos": null
                }
            },
            "nba": {
                "pro": 5,
                "start": 2011
            },
            "weight": {
                "kilograms": "94.8",
                "pounds": "209"
            }
        },
        {
            "affiliation": null,
            "birth": {
                "country": "USA",
                "date": "1991-08-19"
            },
            "college": "North Carolina",
            "firstname": "Kendall",
            "height": {
                "feets": "6",
                "inches": "4",
                "meters": "1.93"
            },
            "id": 338,
            "lastname": "Marshall",
            "leagues": {
                "standard": {
                    "active": false,
                    "jersey": 5,
                    "pos": "G"
                }
            },
            "nba": {
                "pro": 3,
                "start": 2012
            },
            "weight": {
                "kilograms": "90.7",
                "pounds": "200"
            }
        },
        {
            "affiliation": null,
            "birth": {
                "country": null,
                "date": null
            },
            "college": null,
            "firstname": "John",
            "height": {
                "feets": null,
                "inches": null,
                "meters": null
            },
            "id": 229,
            "lastname": "Henson",
            "leagues": {
                "standard": {
                    "active": false,
                    "jersey": 31,
                    "pos": null
                }
            },
            "nba": {
                "pro": 0,
                "start": 0
            },
            "weight": {
                "kilograms": null,
                "pounds": null
            }
        },
        {
            "affiliation": null,
            "birth": {
                "country": null,
                "date": null
            },
            "college": null,
            "firstname": "Tyler",
            "height": {
                "feets": null,
                "inches": null,
                "meters": null
            },
            "id": 572,
            "lastname": "Zeller",
            "leagues": {
                "standard": {
                    "active": false,
                    "jersey": 40,
                    "pos": null
                }
            },
            "nba": {
                "pro": 0,
                "start": 0
            },
            "weight": {
                "kilograms": null,
                "pounds": null
            }
        },
        {
            "affiliation": "Texas A&M/USA",
            "birth": {
                "country": "USA",
                "date": "1991-08-12"
            },
            "college": "Texas A&M",
            "firstname": "Khris",
            "height": {
                "feets": "6",
                "inches": "7",
                "meters": "2.01"
            },
            "id": 361,
            "lastname": "Middleton",
            "leagues": {
                "africa": {
                    "active": true,
                    "jersey": 22,
                    "pos": "F"
                },
                "standard": {
                    "active": true,
                    "jersey": 22,
                    "pos": "F"
                }
            },
            "nba": {
                "pro": 9,
                "start": 2012
            },
            "weight": {
                "kilograms": "100.7",
                "pounds": "222"
            }
        },
        {
            "affiliation": "Caja Laboral Vitoria (Spain)/Boznia & Herzegovina",
            "birth": {
                "country": "Bosnia",
                "date": "1985-09-17"
            },
            "college": "Bosnia",
            "firstname": "Mirza",
            "height": {
                "feets": "6",
                "inches": "9",
                "meters": "2.06"
            },
            "id": 506,
            "lastname": "Teletovic",
            "leagues": {
                "standard": {
                    "active": false,
                    "jersey": 35,
                    "pos": "F"
                }
            },
            "nba": {
                "pro": 4,
                "start": 2012
            },
            "weight": {
                "kilograms": "111.1",
                "pounds": "245"
            }
        },
        {
            "affiliation": "UCLA/USA",
            "birth": {
                "country": "USA",
                "date": "1992-11-13"
            },
            "college": "UCLA",
            "firstname": "Shabazz",
            "height": {
                "feets": "6",
                "inches": "5",
                "meters": "1.96"
            },
            "id": 379,
            "lastname": "Muhammad",
            "leagues": {
                "standard": {
                    "active": false,
                    "jersey": 15,
                    "pos": null
                }
            },
            "nba": {
                "pro": 5,
                "start": 2013
            },
            "weight": {
                "kilograms": "102.1",
                "pounds": "225"
            }
        },
        {
            "affiliation": "New Mexico/USA",
            "birth": {
                "country": "USA",
                "date": "1991-11-10"
            },
            "college": "New Mexico",
            "firstname": "Tony",
            "height": {
                "feets": "6",
                "inches": "6",
                "meters": "1.98"
            },
            "id": 492,
            "lastname": "Snell",
            "leagues": {
                "standard": {
                    "active": true,
                    "jersey": 21,
                    "pos": "G"
                }
            },
            "nba": {
                "pro": 8,
                "start": 2013
            },
            "weight": {
                "kilograms": "96.6",
                "pounds": "213"
            }
        },
        {
            "affiliation": "Filathlitikos/Greece",
            "birth": {
                "country": "Greece",
                "date": "1994-12-06"
            },
            "college": "Filathlitikos",
            "firstname": "Giannis",
            "height": {
                "feets": "6",
                "inches": "11",
                "meters": "2.11"
            },
            "id": 20,
            "lastname": "Antetokounmpo",
            "leagues": {
                "standard": {
                    "active": true,
                    "jersey": 34,
                    "pos": "F"
                }
            },
            "nba": {
                "pro": 8,
                "start": 2013
            },
            "weight": {
                "kilograms": "109.8",
                "pounds": "242"
            }
        },
        {
            "affiliation": null,
            "birth": {
                "country": null,
                "date": null
            },
            "college": null,
            "firstname": "Matthew",
            "height": {
                "feets": null,
                "inches": null,
                "meters": null
            },
            "id": 134,
            "lastname": "Dellavedova",
            "leagues": {
                "standard": {
                    "active": true,
                    "jersey": 8,
                    "pos": "G"
                }
            },
            "nba": {
                "pro": 0,
                "start": 0
            },
            "weight": {
                "kilograms": null,
                "pounds": null
            }
        },
        {
            "affiliation": "Kentucky/USA",
            "birth": {
                "country": "USA",
                "date": "1995-08-16"
            },
            "college": "Kentucky",
            "firstname": "James",
            "height": {
                "feets": "6",
                "inches": "7",
                "meters": "2.01"
            },
            "id": 567,
            "lastname": "Young",
            "leagues": {
                "standard": {
                    "active": true,
                    "jersey": 8,
                    "pos": "G-F"
                }
            },
            "nba": {
                "pro": 4,
                "start": 2014
            },
            "weight": {
                "kilograms": "108.4",
                "pounds": "239"
            }
        },
        {
            "affiliation": "Cincinnati/USA",
            "birth": {
                "country": "USA",
                "date": "1990-01-06"
            },
            "college": "Cincinnati",
            "firstname": "Sean",
            "height": {
                "feets": "6",
                "inches": "4",
                "meters": "1.93"
            },
            "id": 296,
            "lastname": "Kilpatrick",
            "leagues": {
                "standard": {
                    "active": true,
                    "jersey": null,
                    "pos": "G"
                }
            },
            "nba": {
                "pro": 4,
                "start": 2014
            },
            "weight": {
                "kilograms": "96.2",
                "pounds": "212"
            }
        },
        {
            "affiliation": "Duke/USA",
            "birth": {
                "country": "USA",
                "date": "1995-03-15"
            },
            "college": "Duke",
            "firstname": "Jabari",
            "height": {
                "feets": null,
                "inches": null,
                "meters": null
            },
            "id": 410,
            "lastname": "Parker",
            "leagues": {
                "standard": {
                    "active": false,
                    "jersey": 20,
                    "pos": null
                }
            },
            "nba": {
                "pro": 0,
                "start": 2014
            },
            "weight": {
                "kilograms": null,
                "pounds": null
            }
        },
        {
            "affiliation": "Rhode Island/USA",
            "birth": {
                "country": "USA",
                "date": "1992-06-01"
            },
            "college": "Rhode Island",
            "firstname": "Xavier",
            "height": {
                "feets": "6",
                "inches": "4",
                "meters": "1.93"
            },
            "id": 381,
            "lastname": "Munford",
            "leagues": {
                "standard": {
                    "active": true,
                    "jersey": null,
                    "pos": "G"
                },
                "vegas": {
                    "active": true,
                    "jersey": null,
                    "pos": "G"
                }
            },
            "nba": {
                "pro": 2,
                "start": 2015
            },
            "weight": {
                "kilograms": "78.5",
                "pounds": "173"
            }
        }
    ],
    "results": 31
}