{
    "errors": [],
    "get": "players/",
    "parameters": {
        "season": "2018",
        "team": "21"
    },
    "response": [
        {
            "affiliation": null,
            "birth": {
                "country": null,
                "date": null
            },
            "college": null,
            "firstname": "Ersan",
            "height": {
                "feets": null,
                "inches": null,
                "meters": null
            },
            "id": 257,
            "lastname": "Ilyasova",
            "leagues": {
                "standard": {
                    "active": false,
                    "jersey": 77,
                    "pos": null
                }
            },
            "nba": {
                "pro": 0,
                "start": 0
            },
            "weight": {
                "kilograms": null,
                "pounds": null
            }
        },
        {
            "affiliation": "UNLV/USA",
            "birth": {
                "country": "USA",
                "date": "1995-09-27"
            },
            "college": "UNLV",
            "firstname": "Christian",
            "height": {
                "feets": "6",
                "inches": "9",
                "meters": "2.06"
            },
            "id": 560,
            "lastname": "Wood",
            "leagues": {
                "standard": {
                    "active": true,
                    "jersey": 35,
                    "pos": "F"
                },
                "vegas": {
                    "active": true,
                    "jersey": 35,
                    "pos": "C"
                }
            },
            "nba": {
                "pro": 5,
                "start": 2015
            },
            "weight": {
                "kilograms": "97.1",
                "pounds": "214"
            }
        },
        {
            "affiliation": "Notre Dame/USA",
            "birth": {
                "country": "USA",
                "date": "1993-01-06"
            },
            "college": "Notre Dame",
            "firstname": "Pat",
            "height": {
                "feets": "6",
                "inches": "5",
                "meters": "1.96"
            },
            "id": 115,
            "lastname": "Connaughton",
            "leagues": {
                "standard": {
                    "active": true,
                    "jersey": 24,
                    "pos": "G"
                }
            },
            "nba": {
                "pro": 6,
                "start": 2015
            },
            "weight": {
                "kilograms": "94.8",
                "pounds": "209"
            }
        },
        {
            "affiliation": " USA/USA",
            "birth": {
                "country": "USA",
                "date": "1993-01-22"
            },
            "college": null,
            "firstname": "Travis",
            "height": {
                "feets": "6",
                "inches": "2",
                "meters": "1.88"
            },
            "id": 1651,
            "lastname": "Trice II",
            "leagues": {
                "vegas": {
                    "active": true,
                    "jersey": 20,
                    "pos": "G"
                }
            },
            "nba": {
                "pro": 0,
                "start": 0
            },
            "weight": {
                "kilograms": "79.4",
                "pounds": "175"
            }
        },
        {
            "affiliation": "Athlete Institute Prep/South Sudan",
            "birth": {
                "country": "South Sudan",
                "date": "1997-02-25"
            },
            "college": " ",
            "firstname": "Thon",
            "height": {
                "feets": null,
                "inches": null,
                "meters": null
            },
            "id": 335,
            "lastname": "Maker",
            "leagues": {
                "standard": {
                    "active": false,
                    "jersey": 14,
                    "pos": null
                }
            },
            "nba": {
                "pro": 0,
                "start": 2016
            },
            "weight": {
                "kilograms": null,
                "pounds": null
            }
        },
        {
            "affiliation": "Virginia/USA",
            "birth": {
                "country": "USA",
                "date": "1992-12-11"
            },
            "college": "Virginia",
            "firstname": "Malcolm",
            "height": {
                "feets": "6",
                "inches": "5",
                "meters": "1.96"
            },
            "id": 71,
            "lastname": "Brogdon",
            "leagues": {
                "standard": {
                    "active": true,
                    "jersey": 13,
                    "pos": "G"
                }
            },
            "nba": {
                "pro": 5,
                "start": 2016
            },
            "weight": {
                "kilograms": "103.9",
                "pounds": "229"
            }
        },
        {
            "affiliation": null,
            "birth": {
                "country": null,
                "date": null
            },
            "college": null,
            "firstname": "Perry",
            "height": {
                "feets": null,
                "inches": null,
                "meters": null
            },
            "id": 591,
            "lastname": "Ellis",
            "leagues": {
                "standard": {
                    "active": true,
                    "jersey": 34,
                    "pos": "F"
                },
                "vegas": {
                    "active": true,
                    "jersey": 30,
                    "pos": "F"
                }
            },
            "nba": {
                "pro": 0,
                "start": 0
            },
            "weight": {
                "kilograms": null,
                "pounds": null
            }
        },
        {
            "affiliation": "Louisiana State/USA",
            "birth": {
                "country": "USA",
                "date": "1994-10-27"
            },
            "college": "Louisiana State",
            "firstname": "Tim",
            "height": {
                "feets": "6",
                "inches": "6",
                "meters": "1.98"
            },
            "id": 439,
            "lastname": "Quarterman",
            "leagues": {
                "standard": {
                    "active": false,
                    "jersey": 55,
                    "pos": "G"
                },
                "vegas": {
                    "active": true,
                    "jersey": 55,
                    "pos": "G"
                }
            },
            "nba": {
                "pro": 0,
                "start": 2016
            },
            "weight": {
                "kilograms": "86.2",
                "pounds": "190"
            }
        },
        {
            "affiliation": "Michigan/USA",
            "birth": {
                "country": "USA",
                "date": "1996-02-19"
            },
            "college": "Michigan",
            "firstname": "D.J.",
            "height": {
                "feets": null,
                "inches": null,
                "meters": null
            },
            "id": 899,
            "lastname": "Wilson",
            "leagues": {
                "standard": {
                    "active": true,
                    "jersey": 9,
                    "pos": "F"
                },
                "vegas": {
                    "active": true,
                    "jersey": 9,
                    "pos": "F-C"
                }
            },
            "nba": {
                "pro": 0,
                "start": 2017
            },
            "weight": {
                "kilograms": null,
                "pounds": null
            }
        },
        {
            "affiliation": "Southern Methodist/USA",
            "birth": {
                "country": "USA",
                "date": "1995-02-10"
            },
            "college": "Southern Methodist",
            "firstname": "Sterling",
            "height": {
                "feets": "6",
                "inches": "5",
                "meters": "1.96"
            },
            "id": 751,
            "lastname": "Brown",
            "leagues": {
                "standard": {
                    "active": true,
                    "jersey": null,
                    "pos": "G-F"
                },
                "vegas": {
                    "active": true,
                    "jersey": 23,
                    "pos": "G"
                }
            },
            "nba": {
                "pro": 4,
                "start": 2017
            },
            "weight": {
                "kilograms": "99.3",
                "pounds": "219"
            }
        },
        {
            "affiliation": "VCU/USA",
            "birth": {
                "country": "USA",
                "date": "1994-09-04"
            },
            "college": "VCU",
            "firstname": "JeQuan",
            "height": {
                "feets": "6",
                "inches": "0",
                "meters": "1.83"
            },
            "id": 1498,
            "lastname": "Lewis",
            "leagues": {
                "vegas": {
                    "active": true,
                    "jersey": 17,
                    "pos": "G"
                }
            },
            "nba": {
                "pro": 0,
                "start": 0
            },
            "weight": {
                "kilograms": "77.1",
                "pounds": "170"
            }
        },
        {
            "affiliation": "Indiana/USA",
            "birth": {
                "country": "USA",
                "date": "1995-04-25"
            },
            "college": "Indiana",
            "firstname": "James",
            "height": {
                "feets": "6",
                "inches": "4",
                "meters": "1.93"
            },
            "id": 1279,
            "lastname": "Blackmon Jr.",
            "leagues": {
                "vegas": {
                    "active": true,
                    "jersey": 19,
                    "pos": "G"
                }
            },
            "nba": {
                "pro": 0,
                "start": 0
            },
            "weight": {
                "kilograms": "90.7",
                "pounds": "200"
            }
        },
        {
            "affiliation": "Molloy/USA",
            "birth": {
                "country": "USA",
                "date": "1995-09-19"
            },
            "college": "Molloy",
            "firstname": "Jaylen",
            "height": {
                "feets": "6",
                "inches": "5",
                "meters": "1.96"
            },
            "id": 844,
            "lastname": "Morris",
            "leagues": {
                "standard": {
                    "active": true,
                    "jersey": 30,
                    "pos": "G"
                },
                "utah": {
                    "active": true,
                    "jersey": 30,
                    "pos": "G"
                },
                "vegas": {
                    "active": true,
                    "jersey": 30,
                    "pos": "G"
                }
            },
            "nba": {
                "pro": 2,
                "start": 2017
            },
            "weight": {
                "kilograms": "83.9",
                "pounds": "185"
            }
        },
        {
            "affiliation": "Louisiana State/USA",
            "birth": {
                "country": "USA",
                "date": "1995-02-27"
            },
            "college": "Louisiana State",
            "firstname": "Craig",
            "height": {
                "feets": "6",
                "inches": "9",
                "meters": "2.06"
            },
            "id": 1658,
            "lastname": "Victor",
            "leagues": {
                "vegas": {
                    "active": true,
                    "jersey": 36,
                    "pos": "F"
                }
            },
            "nba": {
                "pro": 0,
                "start": 0
            },
            "weight": {
                "kilograms": "106.6",
                "pounds": "235"
            }
        },
        {
            "affiliation": "Villanova/USA",
            "birth": {
                "country": "USA",
                "date": "1997-01-31"
            },
            "college": "Villanova",
            "firstname": "Donte",
            "height": {
                "feets": "6",
                "inches": "4",
                "meters": "1.93"
            },
            "id": 962,
            "lastname": "DiVincenzo",
            "leagues": {
                "standard": {
                    "active": true,
                    "jersey": null,
                    "pos": "G"
                },
                "vegas": {
                    "active": true,
                    "jersey": 9,
                    "pos": "G"
                }
            },
            "nba": {
                "pro": 3,
                "start": 2018
            },
            "weight": {
                "kilograms": "92.1",
                "pounds": "203"
            }
        },
        {
            "affiliation": null,
            "birth": {
                "country": null,
                "date": null
            },
            "college": null,
            "firstname": "Trevon",
            "height": {
                "feets": null,
                "inches": null,
                "meters": null
            },
            "id": 964,
            "lastname": "Duval",
            "leagues": {
                "standard": {
                    "active": true,
                    "jersey": null,
                    "pos": "G"
                },
                "vegas": {
                    "active": true,
                    "jersey": null,
                    "pos": "G"
                }
            },
            "nba": {
                "pro": 0,
                "start": 0
            },
            "weight": {
                "kilograms": null,
                "pounds": null
            }
        },
        {
            "affiliation": " USA",
            "birth": {
                "country": "USA",
                "date": "1998-06-11"
            },
            "college": null,
            "firstname": "Brandon",
            "height": {
                "feets": "7",
                "inches": "1",
                "meters": "2.16"
            },
            "id": 996,
            "lastname": "McCoy",
            "leagues": {
                "standard": {
                    "active": false,
                    "jersey": 12,
                    "pos": null
                },
                "vegas": {
                    "active": true,
                    "jersey": 72,
                    "pos": "C"
                }
            },
            "nba": {
                "pro": 0,
                "start": 0
            },
            "weight": {
                "kilograms": "113.4",
                "pounds": "250"
            }
        },
        {
            "affiliation": "Notre Dame/USA",
            "birth": {
                "country": "USA",
                "date": "1996-01-12"
            },
            "college": "Notre Dame",
            "firstname": "Bonzie",
            "height": {
                "feets": "6",
                "inches": "6",
                "meters": "1.98"
            },
            "id": 954,
            "lastname": "Colson",
            "leagues": {
                "standard": {
                    "active": true,
                    "jersey": 50,
                    "pos": "F"
                },
                "vegas": {
                    "active": true,
                    "jersey": 50,
                    "pos": "F"
                }
            },
            "nba": {
                "pro": 1,
                "start": 2018
            },
            "weight": {
                "kilograms": "102.1",
                "pounds": "225"
            }
        },
        {
            "affiliation": "Colorado State/USA",
            "birth": {
                "country": "USA",
                "date": "1986-03-02"
            },
            "college": "Colorado State",
            "firstname": "Jason",
            "height": {
                "feets": null,
                "inches": null,
                "meters": null
            },
            "id": 490,
            "lastname": "Smith",
            "leagues": {
                "standard": {
                    "active": false,
                    "jersey": 14,
                    "pos": null
                }
            },
            "nba": {
                "pro": 0,
                "start": 2007
            },
            "weight": {
                "kilograms": null,
                "pounds": null
            }
        },
        {
            "affiliation": "Stanford/USA",
            "birth": {
                "country": "USA",
                "date": "1988-04-01"
            },
            "college": "Stanford",
            "firstname": "Brook",
            "height": {
                "feets": "7",
                "inches": "0",
                "meters": "2.13"
            },
            "id": 323,
            "lastname": "Lopez",
            "leagues": {
                "standard": {
                    "active": true,
                    "jersey": 11,
                    "pos": "C"
                }
            },
            "nba": {
                "pro": 13,
                "start": 2008
            },
            "weight": {
                "kilograms": "127.9",
                "pounds": "282"
            }
        },
        {
            "affiliation": "Indiana-Purdue Indianapolis/USA",
            "birth": {
                "country": "USA",
                "date": "1986-05-04"
            },
            "college": "Indiana-Purdue Indianapolis",
            "firstname": "George",
            "height": {
                "feets": "6",
                "inches": "4",
                "meters": "1.93"
            },
            "id": 237,
            "lastname": "Hill",
            "leagues": {
                "standard": {
                    "active": true,
                    "jersey": 3,
                    "pos": "G"
                }
            },
            "nba": {
                "pro": 13,
                "start": 2008
            },
            "weight": {
                "kilograms": "85.3",
                "pounds": "188"
            }
        },
        {
            "affiliation": "Kentucky/USA",
            "birth": {
                "country": "USA",
                "date": "1989-12-09"
            },
            "college": "Kentucky",
            "firstname": "Eric",
            "height": {
                "feets": "6",
                "inches": "1",
                "meters": "1.85"
            },
            "id": 59,
            "lastname": "Bledsoe",
            "leagues": {
                "standard": {
                    "active": true,
                    "jersey": 5,
                    "pos": "G"
                }
            },
            "nba": {
                "pro": 11,
                "start": 2010
            },
            "weight": {
                "kilograms": "97.1",
                "pounds": "214"
            }
        },
        {
            "affiliation": "Montenegro/Montenegro",
            "birth": {
                "country": "Montenegro",
                "date": "1991-02-11"
            },
            "college": " ",
            "firstname": "Nikola",
            "height": {
                "feets": "6",
                "inches": "10",
                "meters": "2.08"
            },
            "id": 367,
            "lastname": "Mirotic",
            "leagues": {
                "standard": {
                    "active": true,
                    "jersey": 41,
                    "pos": "F"
                }
            },
            "nba": {
                "pro": 5,
                "start": 2014
            },
            "weight": {
                "kilograms": "113.4",
                "pounds": "250"
            }
        },
        {
            "affiliation": null,
            "birth": {
                "country": null,
                "date": null
            },
            "college": null,
            "firstname": "John",
            "height": {
                "feets": null,
                "inches": null,
                "meters": null
            },
            "id": 229,
            "lastname": "Henson",
            "leagues": {
                "standard": {
                    "active": false,
                    "jersey": 31,
                    "pos": null
                }
            },
            "nba": {
                "pro": 0,
                "start": 0
            },
            "weight": {
                "kilograms": null,
                "pounds": null
            }
        },
        {
            "affiliation": null,
            "birth": {
                "country": null,
                "date": null
            },
            "college": null,
            "firstname": "Tyler",
            "height": {
                "feets": null,
                "inches": null,
                "meters": null
            },
            "id": 572,
            "lastname": "Zeller",
            "leagues": {
                "standard": {
                    "active": false,
                    "jersey": 40,
                    "pos": null
                }
            },
            "nba": {
                "pro": 0,
                "start": 0
            },
            "weight": {
                "kilograms": null,
                "pounds": null
            }
        },
        {
            "affiliation": "Texas A&M/USA",
            "birth": {
                "country": "USA",
                "date": "1991-08-12"
            },
            "college": "Texas A&M",
            "firstname": "Khris",
            "height": {
                "feets": "6",
                "inches": "7",
                "meters": "2.01"
            },
            "id": 361,
            "lastname": "Middleton",
            "leagues": {
                "africa": {
                    "active": true,
                    "jersey": 22,
                    "pos": "F"
                },
                "standard": {
                    "active": true,
                    "jersey": 22,
                    "pos": "F"
                }
            },
            "nba": {
                "pro": 9,
                "start": 2012
            },
            "weight": {
                "kilograms": "100.7",
                "pounds": "222"
            }
        },
        {
            "affiliation": "Murray State/USA",
            "birth": {
                "country": "USA",
                "date": "1991-05-21"
            },
            "college": "Murray State",
            "firstname": "Isaiah",
            "height": {
                "feets": null,
                "inches": null,
                "meters": null
            },
            "id": 91,
            "lastname": "Canaan",
            "leagues": {
                "standard": {
                    "active": false,
                    "jersey": 7,
                    "pos": null
                }
            },
            "nba": {
                "pro": 0,
                "start": 2013
            },
            "weight": {
                "kilograms": null,
                "pounds": null
            }
        },
        {
            "affiliation": "UCLA/USA",
            "birth": {
                "country": "USA",
                "date": "1992-11-13"
            },
            "college": "UCLA",
            "firstname": "Shabazz",
            "height": {
                "feets": "6",
                "inches": "5",
                "meters": "1.96"
            },
            "id": 379,
            "lastname": "Muhammad",
            "leagues": {
                "standard": {
                    "active": false,
                    "jersey": 15,
                    "pos": null
                }
            },
            "nba": {
                "pro": 5,
                "start": 2013
            },
            "weight": {
                "kilograms": "102.1",
                "pounds": "225"
            }
        },
        {
            "affiliation": "New Mexico/USA",
            "birth": {
                "country": "USA",
                "date": "1991-11-10"
            },
            "college": "New Mexico",
            "firstname": "Tony",
            "height": {
                "feets": "6",
                "inches": "6",
                "meters": "1.98"
            },
            "id": 492,
            "lastname": "Snell",
            "leagues": {
                "standard": {
                    "active": true,
                    "jersey": 21,
                    "pos": "G"
                }
            },
            "nba": {
                "pro": 8,
                "start": 2013
            },
            "weight": {
                "kilograms": "96.6",
                "pounds": "213"
            }
        },
        {
            "affiliation": "Filathlitikos/Greece",
            "birth": {
                "country": "Greece",
                "date": "1994-12-06"
            },
            "college": "Filathlitikos",
            "firstname": "Giannis",
            "height": {
                "feets": "6",
                "inches": "11",
                "meters": "2.11"
            },
            "id": 20,
            "lastname": "Antetokounmpo",
            "leagues": {
                "standard": {
                    "active": true,
                    "jersey": 34,
                    "pos": "F"
                }
            },
            "nba": {
                "pro": 8,
                "start": 2013
            },
            "weight": {
                "kilograms": "109.8",
                "pounds": "242"
            }
        },
        {
            "affiliation": null,
            "birth": {
                "country": null,
                "date": null
            },
            "college": null,
            "firstname": "Matthew",
            "height": {
                "feets": null,
                "inches": null,
                "meters": null
            },
            "id": 134,
            "lastname": "Dellavedova",
            "leagues": {
                "standard": {
                    "active": true,
                    "jersey": 8,
                    "pos": "G"
                }
            },
            "nba": {
                "pro": 0,
                "start": 0
            },
            "weight": {
                "kilograms": null,
                "pounds": null
            }
        },
        {
            "affiliation": "Penn State/USA",
            "birth": {
                "country": "USA",
                "date": "1990-11-01"
            },
            "college": "Penn State",
            "firstname": "Tim",
            "height": {
                "feets": null,
                "inches": null,
                "meters": null
            },
            "id": 179,
            "lastname": "Frazier",
            "leagues": {
                "standard": {
                    "active": false,
                    "jersey": 12,
                    "pos": null
                }
            },
            "nba": {
                "pro": 0,
                "start": 2014
            },
            "weight": {
                "kilograms": null,
                "pounds": null
            }
        },
        {
            "affiliation": null,
            "birth": {
                "country": null,
                "date": null
            },
            "college": null,
            "firstname": "Pau",
            "height": {
                "feets": null,
                "inches": null,
                "meters": null
            },
            "id": 185,
            "lastname": "Gasol",
            "leagues": {
                "standard": {
                    "active": false,
                    "jersey": 16,
                    "pos": null
                }
            },
            "nba": {
                "pro": 0,
                "start": 0
            },
            "weight": {
                "kilograms": null,
                "pounds": null
            }
        },
        {
            "affiliation": null,
            "birth": {
                "country": null,
                "date": null
            },
            "college": null,
            "firstname": "Jordan",
            "height": {
                "feets": null,
                "inches": null,
                "meters": null
            },
            "id": 1269,
            "lastname": "Barnett",
            "leagues": {
                "vegas": {
                    "active": true,
                    "jersey": 18,
                    "pos": "F"
                }
            },
            "nba": {
                "pro": 0,
                "start": 0
            },
            "weight": {
                "kilograms": null,
                "pounds": null
            }
        },
        {
            "affiliation": null,
            "birth": {
                "country": null,
                "date": null
            },
            "college": null,
            "firstname": "Trae",
            "height": {
                "feets": null,
                "inches": null,
                "meters": null
            },
            "id": 1273,
            "lastname": "Bell Haynes",
            "leagues": {
                "vegas": {
                    "active": true,
                    "jersey": 25,
                    "pos": "G"
                }
            },
            "nba": {
                "pro": 0,
                "start": 0
            },
            "weight": {
                "kilograms": null,
                "pounds": null
            }
        },
        {
            "affiliation": null,
            "birth": {
                "country": null,
                "date": null
            },
            "college": null,
            "firstname": "TJ",
            "height": {
                "feets": null,
                "inches": null,
                "meters": null
            },
            "id": 1329,
            "lastname": "Cline",
            "leagues": {
                "vegas": {
                    "active": true,
                    "jersey": 28,
                    "pos": "F"
                }
            },
            "nba": {
                "pro": 0,
                "start": 0
            },
            "weight": {
                "kilograms": null,
                "pounds": null
            }
        },
        {
            "affiliation": null,
            "birth": {
                "country": null,
                "date": null
            },
            "college": null,
            "firstname": "Jaesean",
            "height": {
                "feets": null,
                "inches": null,
                "meters": null
            },
            "id": 1638,
            "lastname": "Tate",
            "leagues": {
                "vegas": {
                    "active": true,
                    "jersey": 6,
                    "pos": "F"
                }
            },
            "nba": {
                "pro": 0,
                "start": 0
            },
            "weight": {
                "kilograms": null,
                "pounds": null
            }
        }
    ],
    "results": 37
}