{
    "errors": [],
    "get": "players/",
    "parameters": {
        "season": "2020",
        "team": "21"
    },
    "response": [
        {
            "affiliation": "Arkansas/USA",
            "birth": {
                "country": "USA",
                "date": "1995-02-10"
            },
            "college": "Arkansas",
            "firstname": "Bobby",
            "height": {
                "feets": "6",
                "inches": "10",
                "meters": "2.08"
            },
            "id": 431,
            "lastname": "Portis",
            "leagues": {
                "standard": {
                    "active": true,
                    "jersey": 9,
                    "pos": "F"
                }
            },
            "nba": {
                "pro": 6,
                "start": 2015
            },
            "weight": {
                "kilograms": "113.4",
                "pounds": "250"
            }
        },
        {
            "affiliation": "Notre Dame/USA",
            "birth": {
                "country": "USA",
                "date": "1993-01-06"
            },
            "college": "Notre Dame",
            "firstname": "Pat",
            "height": {
                "feets": "6",
                "inches": "5",
                "meters": "1.96"
            },
            "id": 115,
            "lastname": "Connaughton",
            "leagues": {
                "standard": {
                    "active": true,
                    "jersey": 24,
                    "pos": "G"
                }
            },
            "nba": {
                "pro": 6,
                "start": 2015
            },
            "weight": {
                "kilograms": "94.8",
                "pounds": "209"
            }
        },
        {
            "affiliation": null,
            "birth": {
                "country": null,
                "date": null
            },
            "college": null,
            "firstname": "Treveon",
            "height": {
                "feets": null,
                "inches": null,
                "meters": null
            },
            "id": 199,
            "lastname": "Graham",
            "leagues": {
                "standard": {
                    "active": false,
                    "jersey": 93,
                    "pos": null
                }
            },
            "nba": {
                "pro": 0,
                "start": 0
            },
            "weight": {
                "kilograms": null,
                "pounds": null
            }
        },
        {
            "affiliation": "Strasbourg IG/France",
            "birth": {
                "country": "France",
                "date": "1992-07-23"
            },
            "college": "Strasbourg IG",
            "firstname": "Axel",
            "height": {
                "feets": "6",
                "inches": "7",
                "meters": "2.01"
            },
            "id": 518,
            "lastname": "Toupane",
            "leagues": {
                "standard": {
                    "active": true,
                    "jersey": 66,
                    "pos": "G-F"
                }
            },
            "nba": {
                "pro": 3,
                "start": 2015
            },
            "weight": {
                "kilograms": "95.3",
                "pounds": "210"
            }
        },
        {
            "affiliation": "Michigan State/USA",
            "birth": {
                "country": "USA",
                "date": "1993-07-23"
            },
            "college": "Michigan State",
            "firstname": "Bryn",
            "height": {
                "feets": "6",
                "inches": "2",
                "meters": "1.88"
            },
            "id": 176,
            "lastname": "Forbes",
            "leagues": {
                "standard": {
                    "active": true,
                    "jersey": 10,
                    "pos": "G"
                }
            },
            "nba": {
                "pro": 5,
                "start": 2016
            },
            "weight": {
                "kilograms": "93.0",
                "pounds": "205"
            }
        },
        {
            "affiliation": "North Carolina/USA",
            "birth": {
                "country": "USA",
                "date": "1995-03-28"
            },
            "college": "North Carolina",
            "firstname": "Justin",
            "height": {
                "feets": null,
                "inches": null,
                "meters": null
            },
            "id": 806,
            "lastname": "Jackson",
            "leagues": {
                "sacramento": {
                    "active": true,
                    "jersey": 25,
                    "pos": "F"
                },
                "standard": {
                    "active": true,
                    "jersey": 44,
                    "pos": "F"
                },
                "vegas": {
                    "active": true,
                    "jersey": 52,
                    "pos": "F"
                }
            },
            "nba": {
                "pro": 0,
                "start": 2017
            },
            "weight": {
                "kilograms": null,
                "pounds": null
            }
        },
        {
            "affiliation": "Creighton/USA",
            "birth": {
                "country": "USA",
                "date": "1997-06-14"
            },
            "college": "Creighton",
            "firstname": "Justin",
            "height": {
                "feets": null,
                "inches": null,
                "meters": null
            },
            "id": 855,
            "lastname": "Patton",
            "leagues": {
                "standard": {
                    "active": false,
                    "jersey": 26,
                    "pos": null
                },
                "utah": {
                    "active": true,
                    "jersey": 40,
                    "pos": "F-C"
                },
                "vegas": {
                    "active": true,
                    "jersey": 50,
                    "pos": "C"
                }
            },
            "nba": {
                "pro": 0,
                "start": 2017
            },
            "weight": {
                "kilograms": null,
                "pounds": null
            }
        },
        {
            "affiliation": "Michigan/USA",
            "birth": {
                "country": "USA",
                "date": "1996-02-19"
            },
            "college": "Michigan",
            "firstname": "D.J.",
            "height": {
                "feets": null,
                "inches": null,
                "meters": null
            },
            "id": 899,
            "lastname": "Wilson",
            "leagues": {
                "standard": {
                    "active": true,
                    "jersey": 9,
                    "pos": "F"
                },
                "vegas": {
                    "active": true,
                    "jersey": 9,
                    "pos": "F-C"
                }
            },
            "nba": {
                "pro": 0,
                "start": 2017
            },
            "weight": {
                "kilograms": null,
                "pounds": null
            }
        },
        {
            "affiliation": "South Carolina Upstate/USA",
            "birth": {
                "country": "USA",
                "date": "1990-12-19"
            },
            "college": "South Carolina Upstate",
            "firstname": "Torrey",
            "height": {
                "feets": "6",
                "inches": "7",
                "meters": "2.01"
            },
            "id": 765,
            "lastname": "Craig",
            "leagues": {
                "standard": {
                    "active": true,
                    "jersey": null,
                    "pos": "F"
                }
            },
            "nba": {
                "pro": 4,
                "start": 2017
            },
            "weight": {
                "kilograms": "100.2",
                "pounds": "221"
            }
        },
        {
            "affiliation": "Villanova/USA",
            "birth": {
                "country": "USA",
                "date": "1997-01-31"
            },
            "college": "Villanova",
            "firstname": "Donte",
            "height": {
                "feets": "6",
                "inches": "4",
                "meters": "1.93"
            },
            "id": 962,
            "lastname": "DiVincenzo",
            "leagues": {
                "standard": {
                    "active": true,
                    "jersey": null,
                    "pos": "G"
                },
                "vegas": {
                    "active": true,
                    "jersey": 9,
                    "pos": "G"
                }
            },
            "nba": {
                "pro": 3,
                "start": 2018
            },
            "weight": {
                "kilograms": "92.1",
                "pounds": "203"
            }
        },
        {
            "affiliation": "FC Barcelona/Latvia",
            "birth": {
                "country": "Latvia",
                "date": "1998-02-05"
            },
            "college": "                                   ",
            "firstname": "Rodions",
            "height": {
                "feets": null,
                "inches": null,
                "meters": null
            },
            "id": 988,
            "lastname": "Kurucs",
            "leagues": {
                "standard": {
                    "active": false,
                    "jersey": null,
                    "pos": null
                },
                "vegas": {
                    "active": true,
                    "jersey": null,
                    "pos": "F"
                }
            },
            "nba": {
                "pro": 0,
                "start": 2018
            },
            "weight": {
                "kilograms": null,
                "pounds": null
            }
        },
        {
            "affiliation": null,
            "birth": {
                "country": null,
                "date": null
            },
            "college": null,
            "firstname": "Elijah",
            "height": {
                "feets": null,
                "inches": null,
                "meters": null
            },
            "id": 1308,
            "lastname": "Bryant",
            "leagues": {
                "standard": {
                    "active": false,
                    "jersey": 6,
                    "pos": null
                },
                "vegas": {
                    "active": true,
                    "jersey": 19,
                    "pos": "G"
                }
            },
            "nba": {
                "pro": 0,
                "start": 0
            },
            "weight": {
                "kilograms": null,
                "pounds": null
            }
        },
        {
            "affiliation": "St. Bonaventure/USA",
            "birth": {
                "country": "USA",
                "date": "1996-05-04"
            },
            "college": "St. Bonaventure",
            "firstname": "Jaylen",
            "height": {
                "feets": null,
                "inches": null,
                "meters": null
            },
            "id": 921,
            "lastname": "Adams",
            "leagues": {
                "standard": {
                    "active": false,
                    "jersey": 6,
                    "pos": null
                },
                "vegas": {
                    "active": true,
                    "jersey": 2,
                    "pos": "G"
                }
            },
            "nba": {
                "pro": 0,
                "start": 2018
            },
            "weight": {
                "kilograms": null,
                "pounds": null
            }
        },
        {
            "affiliation": "Virginia/Guinea",
            "birth": {
                "country": "Guinea",
                "date": "1997-01-21"
            },
            "college": "Virginia",
            "firstname": "Mamadi",
            "height": {
                "feets": null,
                "inches": null,
                "meters": null
            },
            "id": 2580,
            "lastname": "Diakite",
            "leagues": {
                "standard": {
                    "active": true,
                    "jersey": 12,
                    "pos": "F"
                },
                "vegas": {
                    "active": true,
                    "jersey": 25,
                    "pos": "F"
                }
            },
            "nba": {
                "pro": 0,
                "start": 2020
            },
            "weight": {
                "kilograms": null,
                "pounds": null
            }
        },
        {
            "affiliation": "Louisville/USA",
            "birth": {
                "country": "USA",
                "date": "1998-09-09"
            },
            "college": "Louisville",
            "firstname": "Jordan",
            "height": {
                "feets": "6",
                "inches": "8",
                "meters": "2.03"
            },
            "id": 2628,
            "lastname": "Nwora",
            "leagues": {
                "standard": {
                    "active": true,
                    "jersey": 13,
                    "pos": "F"
                },
                "vegas": {
                    "active": true,
                    "jersey": 13,
                    "pos": "F"
                }
            },
            "nba": {
                "pro": 1,
                "start": 2020
            },
            "weight": {
                "kilograms": "102.1",
                "pounds": "225"
            }
        },
        {
            "affiliation": "Utah State/USA",
            "birth": {
                "country": "USA",
                "date": "1996-05-15"
            },
            "college": "Utah State",
            "firstname": "Sam",
            "height": {
                "feets": null,
                "inches": null,
                "meters": null
            },
            "id": 2623,
            "lastname": "Merrill",
            "leagues": {
                "standard": {
                    "active": true,
                    "jersey": 20,
                    "pos": "G"
                },
                "vegas": {
                    "active": true,
                    "jersey": 25,
                    "pos": "G"
                }
            },
            "nba": {
                "pro": 0,
                "start": 2020
            },
            "weight": {
                "kilograms": null,
                "pounds": null
            }
        },
        {
            "affiliation": null,
            "birth": {
                "country": null,
                "date": null
            },
            "college": null,
            "firstname": "E.J.",
            "height": {
                "feets": null,
                "inches": null,
                "meters": null
            },
            "id": 2624,
            "lastname": "Montgomery",
            "leagues": {
                "standard": {
                    "active": false,
                    "jersey": 23,
                    "pos": null
                },
                "vegas": {
                    "active": true,
                    "jersey": 23,
                    "pos": "F"
                }
            },
            "nba": {
                "pro": 0,
                "start": 0
            },
            "weight": {
                "kilograms": null,
                "pounds": null
            }
        },
        {
            "affiliation": "Texas/USA",
            "birth": {
                "country": "USA",
                "date": "1985-05-05"
            },
            "college": "Texas",
            "firstname": "P.J.",
            "height": {
                "feets": "6",
                "inches": "5",
                "meters": "1.96"
            },
            "id": 520,
            "lastname": "Tucker",
            "leagues": {
                "standard": {
                    "active": true,
                    "jersey": 17,
                    "pos": "F"
                }
            },
            "nba": {
                "pro": 10,
                "start": 2006
            },
            "weight": {
                "kilograms": "111.1",
                "pounds": "245"
            }
        },
        {
            "affiliation": "Texas-Austin/USA",
            "birth": {
                "country": "USA",
                "date": "1987-11-10"
            },
            "college": "Texas-Austin",
            "firstname": "D.J.",
            "height": {
                "feets": "5",
                "inches": "11",
                "meters": "1.8"
            },
            "id": 28,
            "lastname": "Augustin",
            "leagues": {
                "standard": {
                    "active": true,
                    "jersey": 4,
                    "pos": "G"
                }
            },
            "nba": {
                "pro": 13,
                "start": 2008
            },
            "weight": {
                "kilograms": "83.0",
                "pounds": "183"
            }
        },
        {
            "affiliation": "Stanford/USA",
            "birth": {
                "country": "USA",
                "date": "1988-04-01"
            },
            "college": "Stanford",
            "firstname": "Brook",
            "height": {
                "feets": "7",
                "inches": "0",
                "meters": "2.13"
            },
            "id": 323,
            "lastname": "Lopez",
            "leagues": {
                "standard": {
                    "active": true,
                    "jersey": 11,
                    "pos": "C"
                }
            },
            "nba": {
                "pro": 13,
                "start": 2008
            },
            "weight": {
                "kilograms": "127.9",
                "pounds": "282"
            }
        },
        {
            "affiliation": "UCLA/USA",
            "birth": {
                "country": "USA",
                "date": "1990-06-12"
            },
            "college": "UCLA",
            "firstname": "Jrue",
            "height": {
                "feets": "6",
                "inches": "3",
                "meters": "1.9"
            },
            "id": 242,
            "lastname": "Holiday",
            "leagues": {
                "standard": {
                    "active": true,
                    "jersey": 21,
                    "pos": "G"
                }
            },
            "nba": {
                "pro": 12,
                "start": 2009
            },
            "weight": {
                "kilograms": "93.0",
                "pounds": "205"
            }
        },
        {
            "affiliation": "Wake Forest/USA",
            "birth": {
                "country": "USA",
                "date": "1988-06-10"
            },
            "college": "Wake Forest",
            "firstname": "Jeff",
            "height": {
                "feets": "6",
                "inches": "3",
                "meters": "1.9"
            },
            "id": 505,
            "lastname": "Teague",
            "leagues": {
                "standard": {
                    "active": true,
                    "jersey": 5,
                    "pos": "G"
                }
            },
            "nba": {
                "pro": 12,
                "start": 2009
            },
            "weight": {
                "kilograms": "88.5",
                "pounds": "195"
            }
        },
        {
            "affiliation": "Texas A&M/USA",
            "birth": {
                "country": "USA",
                "date": "1991-08-12"
            },
            "college": "Texas A&M",
            "firstname": "Khris",
            "height": {
                "feets": "6",
                "inches": "7",
                "meters": "2.01"
            },
            "id": 361,
            "lastname": "Middleton",
            "leagues": {
                "africa": {
                    "active": true,
                    "jersey": 22,
                    "pos": "F"
                },
                "standard": {
                    "active": true,
                    "jersey": 22,
                    "pos": "F"
                }
            },
            "nba": {
                "pro": 9,
                "start": 2012
            },
            "weight": {
                "kilograms": "100.7",
                "pounds": "222"
            }
        },
        {
            "affiliation": "Filathlitikos/Greece",
            "birth": {
                "country": "Greece",
                "date": "1994-12-06"
            },
            "college": "Filathlitikos",
            "firstname": "Giannis",
            "height": {
                "feets": "6",
                "inches": "11",
                "meters": "2.11"
            },
            "id": 20,
            "lastname": "Antetokounmpo",
            "leagues": {
                "standard": {
                    "active": true,
                    "jersey": 34,
                    "pos": "F"
                }
            },
            "nba": {
                "pro": 8,
                "start": 2013
            },
            "weight": {
                "kilograms": "109.8",
                "pounds": "242"
            }
        },
        {
            "affiliation": "Panathinaikos/Greece",
            "birth": {
                "country": "Greece",
                "date": "1992-07-18"
            },
            "college": "Panathinaikos",
            "firstname": "Thanasis",
            "height": {
                "feets": "6",
                "inches": "6",
                "meters": "1.98"
            },
            "id": 2408,
            "lastname": "Antetokounmpo",
            "leagues": {
                "standard": {
                    "active": true,
                    "jersey": 43,
                    "pos": "F"
                }
            },
            "nba": {
                "pro": 3,
                "start": 2015
            },
            "weight": {
                "kilograms": "99.3",
                "pounds": "219"
            }
        },
        {
            "affiliation": "Michigan/Canada",
            "birth": {
                "country": "Canada",
                "date": "1993-10-07"
            },
            "college": "Michigan",
            "firstname": "Nik",
            "height": {
                "feets": "6",
                "inches": "6",
                "meters": "1.98"
            },
            "id": 496,
            "lastname": "Stauskas",
            "leagues": {
                "standard": {
                    "active": true,
                    "jersey": 13,
                    "pos": "G"
                }
            },
            "nba": {
                "pro": 5,
                "start": 2014
            },
            "weight": {
                "kilograms": "93.9",
                "pounds": "207"
            }
        }
    ],
    "results": 26
}