{
    "errors": [],
    "get": "players/",
    "parameters": {
        "season": "2022",
        "team": "21"
    },
    "response": [
        {
            "affiliation": "Arkansas/USA",
            "birth": {
                "country": "USA",
                "date": "1995-02-10"
            },
            "college": "Arkansas",
            "firstname": "Bobby",
            "height": {
                "feets": "6",
                "inches": "10",
                "meters": "2.08"
            },
            "id": 431,
            "lastname": "Portis",
            "leagues": {
                "standard": {
                    "active": true,
                    "jersey": 9,
                    "pos": "F"
                }
            },
            "nba": {
                "pro": 6,
                "start": 2015
            },
            "weight": {
                "kilograms": "113.4",
                "pounds": "250"
            }
        },
        {
            "affiliation": "Notre Dame/USA",
            "birth": {
                "country": "USA",
                "date": "1993-01-06"
            },
            "college": "Notre Dame",
            "firstname": "Pat",
            "height": {
                "feets": "6",
                "inches": "5",
                "meters": "1.96"
            },
            "id": 115,
            "lastname": "Connaughton",
            "leagues": {
                "standard": {
                    "active": true,
                    "jersey": 24,
                    "pos": "G"
                }
            },
            "nba": {
                "pro": 6,
                "start": 2015
            },
            "weight": {
                "kilograms": "94.8",
                "pounds": "209"
            }
        },
        {
            "affiliation": "Duke/USA",
            "birth": {
                "country": "USA",
                "date": "1995-10-08"
            },
            "college": "Duke",
            "firstname": "Grayson",
            "height": {
                "feets": "6",
                "inches": "4",
                "meters": "1.93"
            },
            "id": 926,
            "lastname": "Allen",
            "leagues": {
                "standard": {
                    "active": true,
                    "jersey": 7,
                    "pos": "G"
                },
                "utah": {
                    "active": true,
                    "jersey": 24,
                    "pos": "G"
                },
                "vegas": {
                    "active": true,
                    "jersey": 3,
                    "pos": "G"
                }
            },
            "nba": {
                "pro": 3,
                "start": 2018
            },
            "weight": {
                "kilograms": "89.8",
                "pounds": "198"
            }
        },
        {
            "affiliation": "West Virginia/USA",
            "birth": {
                "country": "USA",
                "date": "1995-09-14"
            },
            "college": "West Virginia",
            "firstname": "Jevon",
            "height": {
                "feets": "6",
                "inches": "1",
                "meters": "1.85"
            },
            "id": 949,
            "lastname": "Carter",
            "leagues": {
                "standard": {
                    "active": true,
                    "jersey": 5,
                    "pos": "G"
                },
                "utah": {
                    "active": true,
                    "jersey": 3,
                    "pos": "G"
                },
                "vegas": {
                    "active": true,
                    "jersey": 3,
                    "pos": "G"
                }
            },
            "nba": {
                "pro": 3,
                "start": 2018
            },
            "weight": {
                "kilograms": "90.7",
                "pounds": "200"
            }
        },
        {
            "affiliation": null,
            "birth": {
                "country": null,
                "date": null
            },
            "college": null,
            "firstname": "Lindell",
            "height": {
                "feets": null,
                "inches": null,
                "meters": null
            },
            "id": 2034,
            "lastname": "Wigginton",
            "leagues": {
                "standard": {
                    "active": true,
                    "jersey": 28,
                    "pos": "G"
                },
                "vegas": {
                    "active": true,
                    "jersey": 28,
                    "pos": "G"
                }
            },
            "nba": {
                "pro": 0,
                "start": 0
            },
            "weight": {
                "kilograms": null,
                "pounds": null
            }
        },
        {
            "affiliation": "Louisville/USA",
            "birth": {
                "country": "USA",
                "date": "1998-09-09"
            },
            "college": "Louisville",
            "firstname": "Jordan",
            "height": {
                "feets": "6",
                "inches": "8",
                "meters": "2.03"
            },
            "id": 2628,
            "lastname": "Nwora",
            "leagues": {
                "standard": {
                    "active": true,
                    "jersey": 13,
                    "pos": "F"
                },
                "vegas": {
                    "active": true,
                    "jersey": 13,
                    "pos": "F"
                }
            },
            "nba": {
                "pro": 1,
                "start": 2020
            },
            "weight": {
                "kilograms": "102.1",
                "pounds": "225"
            }
        },
        {
            "affiliation": null,
            "birth": {
                "country": null,
                "date": null
            },
            "college": null,
            "firstname": "Marques",
            "height": {
                "feets": null,
                "inches": null,
                "meters": null
            },
            "id": 2482,
            "lastname": "Bolden",
            "leagues": {
                "standard": {
                    "active": true,
                    "jersey": 24,
                    "pos": "C"
                },
                "vegas": {
                    "active": true,
                    "jersey": 22,
                    "pos": "C"
                }
            },
            "nba": {
                "pro": 0,
                "start": 0
            },
            "weight": {
                "kilograms": null,
                "pounds": null
            }
        },
        {
            "affiliation": "Baskonia/Argentina",
            "birth": {
                "country": "Argentina",
                "date": "1995-08-11"
            },
            "college": "Baskonia",
            "firstname": "Luca",
            "height": {
                "feets": "6",
                "inches": "3",
                "meters": "1.9"
            },
            "id": 2783,
            "lastname": "Vildoza",
            "leagues": {
                "standard": {
                    "active": true,
                    "jersey": 6,
                    "pos": "G"
                },
                "vegas": {
                    "active": true,
                    "jersey": 6,
                    "pos": "G"
                }
            },
            "nba": {
                "pro": 0,
                "start": 0
            },
            "weight": {
                "kilograms": "86.2",
                "pounds": "190"
            }
        },
        {
            "affiliation": "Seton Hall/Georgia",
            "birth": {
                "country": "Georgia",
                "date": "1999-05-23"
            },
            "college": "Seton Hall",
            "firstname": "Sandro",
            "height": {
                "feets": "6",
                "inches": "9",
                "meters": "2.06"
            },
            "id": 2830,
            "lastname": "Mamukelashvili",
            "leagues": {
                "standard": {
                    "active": true,
                    "jersey": 54,
                    "pos": "F-C"
                },
                "vegas": {
                    "active": true,
                    "jersey": 54,
                    "pos": "F"
                }
            },
            "nba": {
                "pro": 0,
                "start": 2021
            },
            "weight": {
                "kilograms": "108.9",
                "pounds": "240"
            }
        },
        {
            "affiliation": null,
            "birth": {
                "country": null,
                "date": null
            },
            "college": null,
            "firstname": "MarJon",
            "height": {
                "feets": null,
                "inches": null,
                "meters": null
            },
            "id": 3405,
            "lastname": "Beauchamp",
            "leagues": {
                "standard": {
                    "active": true,
                    "jersey": null,
                    "pos": "F"
                },
                "vegas": {
                    "active": true,
                    "jersey": null,
                    "pos": "F"
                }
            },
            "nba": {
                "pro": 0,
                "start": 0
            },
            "weight": {
                "kilograms": null,
                "pounds": null
            }
        },
        {
            "affiliation": null,
            "birth": {
                "country": null,
                "date": null
            },
            "college": null,
            "firstname": "A.J.",
            "height": {
                "feets": null,
                "inches": null,
                "meters": null
            },
            "id": 3443,
            "lastname": "Green",
            "leagues": {
                "standard": {
                    "active": true,
                    "jersey": 20,
                    "pos": "G"
                },
                "vegas": {
                    "active": true,
                    "jersey": 20,
                    "pos": "G"
                }
            },
            "nba": {
                "pro": 0,
                "start": 0
            },
            "weight": {
                "kilograms": null,
                "pounds": null
            }
        },
        {
            "affiliation": "Stanford/USA",
            "birth": {
                "country": "USA",
                "date": "1988-04-01"
            },
            "college": "Stanford",
            "firstname": "Brook",
            "height": {
                "feets": "7",
                "inches": "0",
                "meters": "2.13"
            },
            "id": 323,
            "lastname": "Lopez",
            "leagues": {
                "standard": {
                    "active": true,
                    "jersey": 11,
                    "pos": "C"
                }
            },
            "nba": {
                "pro": 13,
                "start": 2008
            },
            "weight": {
                "kilograms": "127.9",
                "pounds": "282"
            }
        },
        {
            "affiliation": "Ricoh Manresa/Republic of the Congo",
            "birth": {
                "country": "Republic of the Congo",
                "date": "1989-09-18"
            },
            "college": "Ricoh Manresa",
            "firstname": "Serge",
            "height": {
                "feets": "6",
                "inches": "10",
                "meters": "2.08"
            },
            "id": 255,
            "lastname": "Ibaka",
            "leagues": {
                "africa": {
                    "active": true,
                    "jersey": 9,
                    "pos": "F-C"
                },
                "standard": {
                    "active": true,
                    "jersey": 25,
                    "pos": "F"
                }
            },
            "nba": {
                "pro": 12,
                "start": 2009
            },
            "weight": {
                "kilograms": "106.6",
                "pounds": "235"
            }
        },
        {
            "affiliation": "Indiana-Purdue Indianapolis/USA",
            "birth": {
                "country": "USA",
                "date": "1986-05-04"
            },
            "college": "Indiana-Purdue Indianapolis",
            "firstname": "George",
            "height": {
                "feets": "6",
                "inches": "4",
                "meters": "1.93"
            },
            "id": 237,
            "lastname": "Hill",
            "leagues": {
                "standard": {
                    "active": true,
                    "jersey": 3,
                    "pos": "G"
                }
            },
            "nba": {
                "pro": 13,
                "start": 2008
            },
            "weight": {
                "kilograms": "85.3",
                "pounds": "188"
            }
        },
        {
            "affiliation": "Union Olimpija/Slovenia",
            "birth": {
                "country": "Slovenia",
                "date": "1986-05-06"
            },
            "college": "Union Olimpija",
            "firstname": "Goran",
            "height": {
                "feets": "6",
                "inches": "3",
                "meters": "1.9"
            },
            "id": 146,
            "lastname": "Dragic",
            "leagues": {
                "standard": {
                    "active": true,
                    "jersey": 7,
                    "pos": "G"
                }
            },
            "nba": {
                "pro": 13,
                "start": 2008
            },
            "weight": {
                "kilograms": "86.2",
                "pounds": "190"
            }
        },
        {
            "affiliation": "UCLA/USA",
            "birth": {
                "country": "USA",
                "date": "1990-06-12"
            },
            "college": "UCLA",
            "firstname": "Jrue",
            "height": {
                "feets": "6",
                "inches": "3",
                "meters": "1.9"
            },
            "id": 242,
            "lastname": "Holiday",
            "leagues": {
                "standard": {
                    "active": true,
                    "jersey": 21,
                    "pos": "G"
                }
            },
            "nba": {
                "pro": 12,
                "start": 2009
            },
            "weight": {
                "kilograms": "93.0",
                "pounds": "205"
            }
        },
        {
            "affiliation": "Marquette/USA",
            "birth": {
                "country": "USA",
                "date": "1986-10-14"
            },
            "college": "Marquette",
            "firstname": "Wesley",
            "height": {
                "feets": "6",
                "inches": "4",
                "meters": "1.93"
            },
            "id": 341,
            "lastname": "Matthews",
            "leagues": {
                "standard": {
                    "active": true,
                    "jersey": 23,
                    "pos": "G"
                }
            },
            "nba": {
                "pro": 12,
                "start": 2009
            },
            "weight": {
                "kilograms": "99.8",
                "pounds": "220"
            }
        },
        {
            "affiliation": "Illinois/USA",
            "birth": {
                "country": "USA",
                "date": "1992-02-27"
            },
            "college": "Illinois",
            "firstname": "Meyers",
            "height": {
                "feets": null,
                "inches": null,
                "meters": null
            },
            "id": 315,
            "lastname": "Leonard",
            "leagues": {
                "standard": {
                    "active": false,
                    "jersey": 99,
                    "pos": null
                }
            },
            "nba": {
                "pro": 0,
                "start": 2012
            },
            "weight": {
                "kilograms": null,
                "pounds": null
            }
        },
        {
            "affiliation": "Marquette/USA",
            "birth": {
                "country": "USA",
                "date": "1990-07-06"
            },
            "college": "Marquette",
            "firstname": "Jae",
            "height": {
                "feets": "6",
                "inches": "6",
                "meters": "1.98"
            },
            "id": 121,
            "lastname": "Crowder",
            "leagues": {
                "standard": {
                    "active": true,
                    "jersey": 99,
                    "pos": "F"
                }
            },
            "nba": {
                "pro": 9,
                "start": 2012
            },
            "weight": {
                "kilograms": "106.6",
                "pounds": "235"
            }
        },
        {
            "affiliation": "Texas A&M/USA",
            "birth": {
                "country": "USA",
                "date": "1991-08-12"
            },
            "college": "Texas A&M",
            "firstname": "Khris",
            "height": {
                "feets": "6",
                "inches": "7",
                "meters": "2.01"
            },
            "id": 361,
            "lastname": "Middleton",
            "leagues": {
                "africa": {
                    "active": true,
                    "jersey": 22,
                    "pos": "F"
                },
                "standard": {
                    "active": true,
                    "jersey": 22,
                    "pos": "F"
                }
            },
            "nba": {
                "pro": 9,
                "start": 2012
            },
            "weight": {
                "kilograms": "100.7",
                "pounds": "222"
            }
        },
        {
            "affiliation": "Filathlitikos/Greece",
            "birth": {
                "country": "Greece",
                "date": "1994-12-06"
            },
            "college": "Filathlitikos",
            "firstname": "Giannis",
            "height": {
                "feets": "6",
                "inches": "11",
                "meters": "2.11"
            },
            "id": 20,
            "lastname": "Antetokounmpo",
            "leagues": {
                "standard": {
                    "active": true,
                    "jersey": 34,
                    "pos": "F"
                }
            },
            "nba": {
                "pro": 8,
                "start": 2013
            },
            "weight": {
                "kilograms": "109.8",
                "pounds": "242"
            }
        },
        {
            "affiliation": "Panathinaikos/Greece",
            "birth": {
                "country": "Greece",
                "date": "1992-07-18"
            },
            "college": "Panathinaikos",
            "firstname": "Thanasis",
            "height": {
                "feets": "6",
                "inches": "6",
                "meters": "1.98"
            },
            "id": 2408,
            "lastname": "Antetokounmpo",
            "leagues": {
                "standard": {
                    "active": true,
                    "jersey": 43,
                    "pos": "F"
                }
            },
            "nba": {
                "pro": 3,
                "start": 2015
            },
            "weight": {
                "kilograms": "99.3",
                "pounds": "219"
            }
        },
        {
            "affiliation": "Maccabi Tel Aviv/Australia",
            "birth": {
                "country": "Australia",
                "date": "1987-10-02"
            },
            "college": "Maccabi Tel Aviv",
            "firstname": "Joe",
            "height": {
                "feets": "6",
                "inches": "8",
                "meters": "2.03"
            },
            "id": 258,
            "lastname": "Ingles",
            "leagues": {
                "standard": {
                    "active": true,
                    "jersey": null,
                    "pos": "F-G"
                }
            },
            "nba": {
                "pro": 7,
                "start": 2014
            },
            "weight": {
                "kilograms": "99.8",
                "pounds": "220"
            }
        }
    ],
    "results": 23
}