{
    "errors": [],
    "get": "players/",
    "parameters": {
        "season": "2021",
        "team": "21"
    },
    "response": [
        {
            "affiliation": "Arkansas/USA",
            "birth": {
                "country": "USA",
                "date": "1995-02-10"
            },
            "college": "Arkansas",
            "firstname": "Bobby",
            "height": {
                "feets": "6",
                "inches": "10",
                "meters": "2.08"
            },
            "id": 431,
            "lastname": "Portis",
            "leagues": {
                "standard": {
                    "active": true,
                    "jersey": 9,
                    "pos": "F"
                }
            },
            "nba": {
                "pro": 6,
                "start": 2015
            },
            "weight": {
                "kilograms": "113.4",
                "pounds": "250"
            }
        },
        {
            "affiliation": "Notre Dame/USA",
            "birth": {
                "country": "USA",
                "date": "1993-01-06"
            },
            "college": "Notre Dame",
            "firstname": "Pat",
            "height": {
                "feets": "6",
                "inches": "5",
                "meters": "1.96"
            },
            "id": 115,
            "lastname": "Connaughton",
            "leagues": {
                "standard": {
                    "active": true,
                    "jersey": 24,
                    "pos": "G"
                }
            },
            "nba": {
                "pro": 6,
                "start": 2015
            },
            "weight": {
                "kilograms": "94.8",
                "pounds": "209"
            }
        },
        {
            "affiliation": "St. Joseph's (PA)/USA",
            "birth": {
                "country": "USA",
                "date": "1994-07-04"
            },
            "college": "St. Joseph's (PA)",
            "firstname": "DeAndre'",
            "height": {
                "feets": null,
                "inches": null,
                "meters": null
            },
            "id": 49,
            "lastname": "Bembry",
            "leagues": {
                "standard": {
                    "active": false,
                    "jersey": 95,
                    "pos": null
                }
            },
            "nba": {
                "pro": 0,
                "start": 2016
            },
            "weight": {
                "kilograms": null,
                "pounds": null
            }
        },
        {
            "affiliation": "Southern Methodist/USA",
            "birth": {
                "country": "USA",
                "date": "1994-12-05"
            },
            "college": "Southern Methodist",
            "firstname": "Semi",
            "height": {
                "feets": null,
                "inches": null,
                "meters": null
            },
            "id": 852,
            "lastname": "Ojeleye",
            "leagues": {
                "standard": {
                    "active": false,
                    "jersey": 37,
                    "pos": null
                },
                "vegas": {
                    "active": true,
                    "jersey": 37,
                    "pos": "F"
                }
            },
            "nba": {
                "pro": 0,
                "start": 2017
            },
            "weight": {
                "kilograms": null,
                "pounds": null
            }
        },
        {
            "affiliation": "Vanderbilt/USA",
            "birth": {
                "country": "USA",
                "date": "1995-07-15"
            },
            "college": "Vanderbilt",
            "firstname": "Luke",
            "height": {
                "feets": "7",
                "inches": "2",
                "meters": "2.18"
            },
            "id": 819,
            "lastname": "Kornet",
            "leagues": {
                "standard": {
                    "active": true,
                    "jersey": 40,
                    "pos": "C-F"
                },
                "vegas": {
                    "active": true,
                    "jersey": 2,
                    "pos": "F-C"
                }
            },
            "nba": {
                "pro": 4,
                "start": 2017
            },
            "weight": {
                "kilograms": "113.4",
                "pounds": "250"
            }
        },
        {
            "affiliation": "Duke/USA",
            "birth": {
                "country": "USA",
                "date": "1995-10-08"
            },
            "college": "Duke",
            "firstname": "Grayson",
            "height": {
                "feets": "6",
                "inches": "4",
                "meters": "1.93"
            },
            "id": 926,
            "lastname": "Allen",
            "leagues": {
                "standard": {
                    "active": true,
                    "jersey": 7,
                    "pos": "G"
                },
                "utah": {
                    "active": true,
                    "jersey": 24,
                    "pos": "G"
                },
                "vegas": {
                    "active": true,
                    "jersey": 3,
                    "pos": "G"
                }
            },
            "nba": {
                "pro": 3,
                "start": 2018
            },
            "weight": {
                "kilograms": "89.8",
                "pounds": "198"
            }
        },
        {
            "affiliation": "West Virginia/USA",
            "birth": {
                "country": "USA",
                "date": "1995-09-14"
            },
            "college": "West Virginia",
            "firstname": "Jevon",
            "height": {
                "feets": "6",
                "inches": "1",
                "meters": "1.85"
            },
            "id": 949,
            "lastname": "Carter",
            "leagues": {
                "standard": {
                    "active": true,
                    "jersey": 5,
                    "pos": "G"
                },
                "utah": {
                    "active": true,
                    "jersey": 3,
                    "pos": "G"
                },
                "vegas": {
                    "active": true,
                    "jersey": 3,
                    "pos": "G"
                }
            },
            "nba": {
                "pro": 3,
                "start": 2018
            },
            "weight": {
                "kilograms": "90.7",
                "pounds": "200"
            }
        },
        {
            "affiliation": "Villanova/USA",
            "birth": {
                "country": "USA",
                "date": "1997-01-31"
            },
            "college": "Villanova",
            "firstname": "Donte",
            "height": {
                "feets": "6",
                "inches": "4",
                "meters": "1.93"
            },
            "id": 962,
            "lastname": "DiVincenzo",
            "leagues": {
                "standard": {
                    "active": true,
                    "jersey": null,
                    "pos": "G"
                },
                "vegas": {
                    "active": true,
                    "jersey": 9,
                    "pos": "G"
                }
            },
            "nba": {
                "pro": 3,
                "start": 2018
            },
            "weight": {
                "kilograms": "92.1",
                "pounds": "203"
            }
        },
        {
            "affiliation": "North Carolina/USA",
            "birth": {
                "country": "USA",
                "date": "1995-11-05"
            },
            "college": "North Carolina",
            "firstname": "Theo",
            "height": {
                "feets": "6",
                "inches": "5",
                "meters": "1.96"
            },
            "id": 1013,
            "lastname": "Pinson",
            "leagues": {
                "standard": {
                    "active": true,
                    "jersey": 1,
                    "pos": "G-F"
                },
                "vegas": {
                    "active": true,
                    "jersey": 6,
                    "pos": "G"
                }
            },
            "nba": {
                "pro": 3,
                "start": 2018
            },
            "weight": {
                "kilograms": "96.2",
                "pounds": "212"
            }
        },
        {
            "affiliation": null,
            "birth": {
                "country": null,
                "date": null
            },
            "college": null,
            "firstname": "Elijah",
            "height": {
                "feets": null,
                "inches": null,
                "meters": null
            },
            "id": 1308,
            "lastname": "Bryant",
            "leagues": {
                "standard": {
                    "active": false,
                    "jersey": 6,
                    "pos": null
                },
                "vegas": {
                    "active": true,
                    "jersey": 19,
                    "pos": "G"
                }
            },
            "nba": {
                "pro": 0,
                "start": 0
            },
            "weight": {
                "kilograms": null,
                "pounds": null
            }
        },
        {
            "affiliation": "New Mexico State/USA",
            "birth": {
                "country": "USA",
                "date": "1995-04-09"
            },
            "college": "New Mexico State",
            "firstname": "Jemerrio",
            "height": {
                "feets": "6",
                "inches": "5",
                "meters": "1.96"
            },
            "id": 1828,
            "lastname": "Jones",
            "leagues": {
                "standard": {
                    "active": true,
                    "jersey": 32,
                    "pos": "F"
                },
                "vegas": {
                    "active": true,
                    "jersey": 30,
                    "pos": "F"
                }
            },
            "nba": {
                "pro": 1,
                "start": 2018
            },
            "weight": {
                "kilograms": "79.4",
                "pounds": "175"
            }
        },
        {
            "affiliation": "Duke/USA",
            "birth": {
                "country": "USA",
                "date": "1998-04-07"
            },
            "college": "Duke",
            "firstname": "Javin",
            "height": {
                "feets": "6",
                "inches": "10",
                "meters": "2.08"
            },
            "id": 2579,
            "lastname": "DeLaurier",
            "leagues": {
                "standard": {
                    "active": true,
                    "jersey": 12,
                    "pos": "C"
                },
                "vegas": {
                    "active": true,
                    "jersey": 40,
                    "pos": "F-C"
                }
            },
            "nba": {
                "pro": 0,
                "start": 0
            },
            "weight": {
                "kilograms": "106.1",
                "pounds": "234"
            }
        },
        {
            "affiliation": "Virginia/Guinea",
            "birth": {
                "country": "Guinea",
                "date": "1997-01-21"
            },
            "college": "Virginia",
            "firstname": "Mamadi",
            "height": {
                "feets": null,
                "inches": null,
                "meters": null
            },
            "id": 2580,
            "lastname": "Diakite",
            "leagues": {
                "standard": {
                    "active": true,
                    "jersey": 12,
                    "pos": "F"
                },
                "vegas": {
                    "active": true,
                    "jersey": 25,
                    "pos": "F"
                }
            },
            "nba": {
                "pro": 0,
                "start": 2020
            },
            "weight": {
                "kilograms": null,
                "pounds": null
            }
        },
        {
            "affiliation": "Virginia Tech/USA",
            "birth": {
                "country": "USA",
                "date": "1997-10-12"
            },
            "college": "Virginia Tech",
            "firstname": "Justin",
            "height": {
                "feets": "6",
                "inches": "1",
                "meters": "1.85"
            },
            "id": 2207,
            "lastname": "Robinson",
            "leagues": {
                "sacramento": {
                    "active": true,
                    "jersey": 55,
                    "pos": "G"
                },
                "standard": {
                    "active": true,
                    "jersey": 55,
                    "pos": "G"
                },
                "utah": {
                    "active": true,
                    "jersey": 5,
                    "pos": "G"
                },
                "vegas": {
                    "active": true,
                    "jersey": 5,
                    "pos": "G"
                }
            },
            "nba": {
                "pro": 2,
                "start": 2019
            },
            "weight": {
                "kilograms": "88.5",
                "pounds": "195"
            }
        },
        {
            "affiliation": null,
            "birth": {
                "country": null,
                "date": null
            },
            "college": null,
            "firstname": "Lindell",
            "height": {
                "feets": null,
                "inches": null,
                "meters": null
            },
            "id": 2034,
            "lastname": "Wigginton",
            "leagues": {
                "standard": {
                    "active": true,
                    "jersey": 28,
                    "pos": "G"
                },
                "vegas": {
                    "active": true,
                    "jersey": 28,
                    "pos": "G"
                }
            },
            "nba": {
                "pro": 0,
                "start": 0
            },
            "weight": {
                "kilograms": null,
                "pounds": null
            }
        },
        {
            "affiliation": "Louisville/USA",
            "birth": {
                "country": "USA",
                "date": "1998-09-09"
            },
            "college": "Louisville",
            "firstname": "Jordan",
            "height": {
                "feets": "6",
                "inches": "8",
                "meters": "2.03"
            },
            "id": 2628,
            "lastname": "Nwora",
            "leagues": {
                "standard": {
                    "active": true,
                    "jersey": 13,
                    "pos": "F"
                },
                "vegas": {
                    "active": true,
                    "jersey": 13,
                    "pos": "F"
                }
            },
            "nba": {
                "pro": 1,
                "start": 2020
            },
            "weight": {
                "kilograms": "102.1",
                "pounds": "225"
            }
        },
        {
            "affiliation": "Louisiana State/USA",
            "birth": {
                "country": "USA",
                "date": "1998-01-10"
            },
            "college": "Louisiana State",
            "firstname": "Tremont",
            "height": {
                "feets": "5",
                "inches": "10",
                "meters": "1.78"
            },
            "id": 1898,
            "lastname": "Waters",
            "leagues": {
                "standard": {
                    "active": true,
                    "jersey": 51,
                    "pos": "G"
                },
                "utah": {
                    "active": true,
                    "jersey": 51,
                    "pos": "G"
                },
                "vegas": {
                    "active": true,
                    "jersey": 51,
                    "pos": "G"
                }
            },
            "nba": {
                "pro": 2,
                "start": 2019
            },
            "weight": {
                "kilograms": "79.4",
                "pounds": "175"
            }
        },
        {
            "affiliation": "Arkansas-Little Rock/USA",
            "birth": {
                "country": "USA",
                "date": "1997-09-24"
            },
            "college": "Arkansas-Little Rock",
            "firstname": "Rayjon",
            "height": {
                "feets": "6",
                "inches": "3",
                "meters": "1.9"
            },
            "id": 2152,
            "lastname": "Tucker",
            "leagues": {
                "standard": {
                    "active": true,
                    "jersey": 59,
                    "pos": "G"
                },
                "vegas": {
                    "active": true,
                    "jersey": 59,
                    "pos": "G"
                }
            },
            "nba": {
                "pro": 2,
                "start": 2019
            },
            "weight": {
                "kilograms": "94.8",
                "pounds": "209"
            }
        },
        {
            "affiliation": "Arizona/USA",
            "birth": {
                "country": "USA",
                "date": "1997-09-02"
            },
            "college": "Arizona",
            "firstname": "Brandon",
            "height": {
                "feets": "6",
                "inches": "6",
                "meters": "1.98"
            },
            "id": 3183,
            "lastname": "Randolph",
            "leagues": {
                "vegas": {
                    "active": true,
                    "jersey": 28,
                    "pos": "G-F"
                }
            },
            "nba": {
                "pro": 0,
                "start": 0
            },
            "weight": {
                "kilograms": "86.2",
                "pounds": "190"
            }
        },
        {
            "affiliation": null,
            "birth": {
                "country": null,
                "date": null
            },
            "college": null,
            "firstname": "Paul",
            "height": {
                "feets": null,
                "inches": null,
                "meters": null
            },
            "id": 2583,
            "lastname": "Eboua",
            "leagues": {
                "standard": {
                    "active": false,
                    "jersey": 98,
                    "pos": null
                },
                "vegas": {
                    "active": true,
                    "jersey": 41,
                    "pos": "F"
                }
            },
            "nba": {
                "pro": 0,
                "start": 0
            },
            "weight": {
                "kilograms": null,
                "pounds": null
            }
        },
        {
            "affiliation": null,
            "birth": {
                "country": null,
                "date": null
            },
            "college": null,
            "firstname": "E.J.",
            "height": {
                "feets": null,
                "inches": null,
                "meters": null
            },
            "id": 2624,
            "lastname": "Montgomery",
            "leagues": {
                "standard": {
                    "active": false,
                    "jersey": 23,
                    "pos": null
                },
                "vegas": {
                    "active": true,
                    "jersey": 23,
                    "pos": "F"
                }
            },
            "nba": {
                "pro": 0,
                "start": 0
            },
            "weight": {
                "kilograms": null,
                "pounds": null
            }
        },
        {
            "affiliation": "Rhode Island/USA",
            "birth": {
                "country": "USA",
                "date": "1997-05-10"
            },
            "college": "Rhode Island",
            "firstname": "Jeff",
            "height": {
                "feets": "6",
                "inches": "3",
                "meters": "1.9"
            },
            "id": 2878,
            "lastname": "Dowtin",
            "leagues": {
                "sacramento": {
                    "active": true,
                    "jersey": 25,
                    "pos": "G"
                },
                "standard": {
                    "active": true,
                    "jersey": 15,
                    "pos": "G"
                },
                "vegas": {
                    "active": true,
                    "jersey": 20,
                    "pos": "G"
                }
            },
            "nba": {
                "pro": 0,
                "start": 2021
            },
            "weight": {
                "kilograms": "81.6",
                "pounds": "180"
            }
        },
        {
            "affiliation": "Baskonia/Argentina",
            "birth": {
                "country": "Argentina",
                "date": "1995-08-11"
            },
            "college": "Baskonia",
            "firstname": "Luca",
            "height": {
                "feets": "6",
                "inches": "3",
                "meters": "1.9"
            },
            "id": 2783,
            "lastname": "Vildoza",
            "leagues": {
                "standard": {
                    "active": true,
                    "jersey": 6,
                    "pos": "G"
                },
                "vegas": {
                    "active": true,
                    "jersey": 6,
                    "pos": "G"
                }
            },
            "nba": {
                "pro": 0,
                "start": 0
            },
            "weight": {
                "kilograms": "86.2",
                "pounds": "190"
            }
        },
        {
            "affiliation": "Seton Hall/Georgia",
            "birth": {
                "country": "Georgia",
                "date": "1999-05-23"
            },
            "college": "Seton Hall",
            "firstname": "Sandro",
            "height": {
                "feets": "6",
                "inches": "9",
                "meters": "2.06"
            },
            "id": 2830,
            "lastname": "Mamukelashvili",
            "leagues": {
                "standard": {
                    "active": true,
                    "jersey": 54,
                    "pos": "F-C"
                },
                "vegas": {
                    "active": true,
                    "jersey": 54,
                    "pos": "F"
                }
            },
            "nba": {
                "pro": 0,
                "start": 2021
            },
            "weight": {
                "kilograms": "108.9",
                "pounds": "240"
            }
        },
        {
            "affiliation": "Louisiana State/USA",
            "birth": {
                "country": "USA",
                "date": "1999-06-03"
            },
            "college": "Louisiana State",
            "firstname": "Javonte",
            "height": {
                "feets": "6",
                "inches": "4",
                "meters": "1.93"
            },
            "id": 2917,
            "lastname": "Smart",
            "leagues": {
                "sacramento": {
                    "active": true,
                    "jersey": 15,
                    "pos": "G"
                },
                "standard": {
                    "active": true,
                    "jersey": 15,
                    "pos": "G"
                },
                "vegas": {
                    "active": true,
                    "jersey": 15,
                    "pos": "G"
                }
            },
            "nba": {
                "pro": 0,
                "start": 2021
            },
            "weight": {
                "kilograms": "93.0",
                "pounds": "205"
            }
        },
        {
            "affiliation": "Dayton/USA",
            "birth": {
                "country": "USA",
                "date": "1999-07-18"
            },
            "college": "Dayton",
            "firstname": "Jalen",
            "height": {
                "feets": "6",
                "inches": "2",
                "meters": "1.88"
            },
            "id": 2990,
            "lastname": "Crutcher",
            "leagues": {
                "standard": {
                    "active": true,
                    "jersey": 17,
                    "pos": "G"
                },
                "vegas": {
                    "active": true,
                    "jersey": 17,
                    "pos": "G"
                }
            },
            "nba": {
                "pro": 0,
                "start": 0
            },
            "weight": {
                "kilograms": "79.4",
                "pounds": "175"
            }
        },
        {
            "affiliation": "Panathinaikos/Greece",
            "birth": {
                "country": "Greece",
                "date": "1999-01-02"
            },
            "college": "Panathinaikos",
            "firstname": "Georgios",
            "height": {
                "feets": "6",
                "inches": "7",
                "meters": "2.01"
            },
            "id": 2824,
            "lastname": "Kalaitzakis",
            "leagues": {
                "standard": {
                    "active": true,
                    "jersey": 18,
                    "pos": "F"
                },
                "vegas": {
                    "active": true,
                    "jersey": 18,
                    "pos": "F"
                }
            },
            "nba": {
                "pro": 0,
                "start": 2021
            },
            "weight": {
                "kilograms": "87.1",
                "pounds": "192"
            }
        },
        {
            "affiliation": "Stanford/USA",
            "birth": {
                "country": "USA",
                "date": "1988-04-01"
            },
            "college": "Stanford",
            "firstname": "Brook",
            "height": {
                "feets": "7",
                "inches": "0",
                "meters": "2.13"
            },
            "id": 323,
            "lastname": "Lopez",
            "leagues": {
                "standard": {
                    "active": true,
                    "jersey": 11,
                    "pos": "C"
                }
            },
            "nba": {
                "pro": 13,
                "start": 2008
            },
            "weight": {
                "kilograms": "127.9",
                "pounds": "282"
            }
        },
        {
            "affiliation": "Ricoh Manresa/Republic of the Congo",
            "birth": {
                "country": "Republic of the Congo",
                "date": "1989-09-18"
            },
            "college": "Ricoh Manresa",
            "firstname": "Serge",
            "height": {
                "feets": "6",
                "inches": "10",
                "meters": "2.08"
            },
            "id": 255,
            "lastname": "Ibaka",
            "leagues": {
                "africa": {
                    "active": true,
                    "jersey": 9,
                    "pos": "F-C"
                },
                "standard": {
                    "active": true,
                    "jersey": 25,
                    "pos": "F"
                }
            },
            "nba": {
                "pro": 12,
                "start": 2009
            },
            "weight": {
                "kilograms": "106.6",
                "pounds": "235"
            }
        },
        {
            "affiliation": "Indiana-Purdue Indianapolis/USA",
            "birth": {
                "country": "USA",
                "date": "1986-05-04"
            },
            "college": "Indiana-Purdue Indianapolis",
            "firstname": "George",
            "height": {
                "feets": "6",
                "inches": "4",
                "meters": "1.93"
            },
            "id": 237,
            "lastname": "Hill",
            "leagues": {
                "standard": {
                    "active": true,
                    "jersey": 3,
                    "pos": "G"
                }
            },
            "nba": {
                "pro": 13,
                "start": 2008
            },
            "weight": {
                "kilograms": "85.3",
                "pounds": "188"
            }
        },
        {
            "affiliation": "UCLA/USA",
            "birth": {
                "country": "USA",
                "date": "1990-06-12"
            },
            "college": "UCLA",
            "firstname": "Jrue",
            "height": {
                "feets": "6",
                "inches": "3",
                "meters": "1.9"
            },
            "id": 242,
            "lastname": "Holiday",
            "leagues": {
                "standard": {
                    "active": true,
                    "jersey": 21,
                    "pos": "G"
                }
            },
            "nba": {
                "pro": 12,
                "start": 2009
            },
            "weight": {
                "kilograms": "93.0",
                "pounds": "205"
            }
        },
        {
            "affiliation": "Marquette/USA",
            "birth": {
                "country": "USA",
                "date": "1986-10-14"
            },
            "college": "Marquette",
            "firstname": "Wesley",
            "height": {
                "feets": "6",
                "inches": "4",
                "meters": "1.93"
            },
            "id": 341,
            "lastname": "Matthews",
            "leagues": {
                "standard": {
                    "active": true,
                    "jersey": 23,
                    "pos": "G"
                }
            },
            "nba": {
                "pro": 12,
                "start": 2009
            },
            "weight": {
                "kilograms": "99.8",
                "pounds": "220"
            }
        },
        {
            "affiliation": "Kentucky/USA",
            "birth": {
                "country": "USA",
                "date": "1990-08-13"
            },
            "college": "Kentucky",
            "firstname": "DeMarcus",
            "height": {
                "feets": "6",
                "inches": "10",
                "meters": "2.08"
            },
            "id": 117,
            "lastname": "Cousins",
            "leagues": {
                "standard": {
                    "active": true,
                    "jersey": 4,
                    "pos": "C"
                }
            },
            "nba": {
                "pro": 10,
                "start": 2010
            },
            "weight": {
                "kilograms": "122.5",
                "pounds": "270"
            }
        },
        {
            "affiliation": "Georgetown/USA",
            "birth": {
                "country": "USA",
                "date": "1990-06-04"
            },
            "college": "Georgetown",
            "firstname": "Greg",
            "height": {
                "feets": "6",
                "inches": "10",
                "meters": "2.08"
            },
            "id": 369,
            "lastname": "Monroe",
            "leagues": {
                "standard": {
                    "active": true,
                    "jersey": 55,
                    "pos": "F-C"
                }
            },
            "nba": {
                "pro": 9,
                "start": 2010
            },
            "weight": {
                "kilograms": "113.4",
                "pounds": "250"
            }
        },
        {
            "affiliation": "Texas A&M/USA",
            "birth": {
                "country": "USA",
                "date": "1991-08-12"
            },
            "college": "Texas A&M",
            "firstname": "Khris",
            "height": {
                "feets": "6",
                "inches": "7",
                "meters": "2.01"
            },
            "id": 361,
            "lastname": "Middleton",
            "leagues": {
                "africa": {
                    "active": true,
                    "jersey": 22,
                    "pos": "F"
                },
                "standard": {
                    "active": true,
                    "jersey": 22,
                    "pos": "F"
                }
            },
            "nba": {
                "pro": 9,
                "start": 2012
            },
            "weight": {
                "kilograms": "100.7",
                "pounds": "222"
            }
        },
        {
            "affiliation": "Filathlitikos/Greece",
            "birth": {
                "country": "Greece",
                "date": "1994-12-06"
            },
            "college": "Filathlitikos",
            "firstname": "Giannis",
            "height": {
                "feets": "6",
                "inches": "11",
                "meters": "2.11"
            },
            "id": 20,
            "lastname": "Antetokounmpo",
            "leagues": {
                "standard": {
                    "active": true,
                    "jersey": 34,
                    "pos": "F"
                }
            },
            "nba": {
                "pro": 8,
                "start": 2013
            },
            "weight": {
                "kilograms": "109.8",
                "pounds": "242"
            }
        },
        {
            "affiliation": "Panathinaikos/Greece",
            "birth": {
                "country": "Greece",
                "date": "1992-07-18"
            },
            "college": "Panathinaikos",
            "firstname": "Thanasis",
            "height": {
                "feets": "6",
                "inches": "6",
                "meters": "1.98"
            },
            "id": 2408,
            "lastname": "Antetokounmpo",
            "leagues": {
                "standard": {
                    "active": true,
                    "jersey": 43,
                    "pos": "F"
                }
            },
            "nba": {
                "pro": 3,
                "start": 2015
            },
            "weight": {
                "kilograms": "99.3",
                "pounds": "219"
            }
        },
        {
            "affiliation": "Duke/USA",
            "birth": {
                "country": "USA",
                "date": "1992-10-20"
            },
            "college": "Duke",
            "firstname": "Rodney",
            "height": {
                "feets": "6",
                "inches": "8",
                "meters": "2.03"
            },
            "id": 247,
            "lastname": "Hood",
            "leagues": {
                "standard": {
                    "active": true,
                    "jersey": 22,
                    "pos": "G-F"
                }
            },
            "nba": {
                "pro": 7,
                "start": 2014
            },
            "weight": {
                "kilograms": "94.3",
                "pounds": "208"
            }
        },
        {
            "affiliation": null,
            "birth": {
                "country": null,
                "date": null
            },
            "college": null,
            "firstname": "Johnny",
            "height": {
                "feets": null,
                "inches": null,
                "meters": null
            },
            "id": 399,
            "lastname": "O'Bryant III",
            "leagues": {
                "standard": {
                    "active": false,
                    "jersey": 97,
                    "pos": null
                }
            },
            "nba": {
                "pro": 0,
                "start": 0
            },
            "weight": {
                "kilograms": null,
                "pounds": null
            }
        },
        {
            "affiliation": "St. Joseph's (PA)/USA",
            "birth": {
                "country": "USA",
                "date": "1991-12-09"
            },
            "college": "St. Joseph's (PA)",
            "firstname": "Langston",
            "height": {
                "feets": null,
                "inches": null,
                "meters": null
            },
            "id": 182,
            "lastname": "Galloway",
            "leagues": {
                "standard": {
                    "active": true,
                    "jersey": 11,
                    "pos": "G"
                }
            },
            "nba": {
                "pro": 0,
                "start": 2014
            },
            "weight": {
                "kilograms": null,
                "pounds": null
            }
        },
        {
            "affiliation": null,
            "birth": {
                "country": null,
                "date": "1997-09-18"
            },
            "college": "Louisville",
            "firstname": "Steven",
            "height": {
                "feets": "6",
                "inches": "10",
                "meters": "2.08"
            },
            "id": 3015,
            "lastname": "Enoch",
            "leagues": {
                "vegas": {
                    "active": true,
                    "jersey": 19,
                    "pos": "F"
                }
            },
            "nba": {
                "pro": 0,
                "start": 0
            },
            "weight": {
                "kilograms": "117.9",
                "pounds": "260"
            }
        },
        {
            "affiliation": null,
            "birth": {
                "country": null,
                "date": "1998-03-20"
            },
            "college": "Notre Dame",
            "firstname": "John",
            "height": {
                "feets": "6",
                "inches": "9",
                "meters": "2.06"
            },
            "id": 3143,
            "lastname": "Mooney",
            "leagues": {
                "vegas": {
                    "active": true,
                    "jersey": 35,
                    "pos": "F"
                }
            },
            "nba": {
                "pro": 0,
                "start": 0
            },
            "weight": {
                "kilograms": "111.1",
                "pounds": "245"
            }
        },
        {
            "affiliation": null,
            "birth": {
                "country": null,
                "date": "1997-10-13"
            },
            "college": "Michigan",
            "firstname": "Mike",
            "height": {
                "feets": "5",
                "inches": "11",
                "meters": "1.8"
            },
            "id": 3218,
            "lastname": "Smith",
            "leagues": {
                "vegas": {
                    "active": true,
                    "jersey": 12,
                    "pos": "G"
                }
            },
            "nba": {
                "pro": 0,
                "start": 0
            },
            "weight": {
                "kilograms": "83.9",
                "pounds": "185"
            }
        },
        {
            "affiliation": null,
            "birth": {
                "country": null,
                "date": "1996-05-02"
            },
            "college": "Wisconsin",
            "firstname": "DMitrik",
            "height": {
                "feets": "6",
                "inches": "0",
                "meters": "1.83"
            },
            "id": 3247,
            "lastname": "Trice",
            "leagues": {
                "vegas": {
                    "active": true,
                    "jersey": 17,
                    "pos": "G"
                }
            },
            "nba": {
                "pro": 0,
                "start": 0
            },
            "weight": {
                "kilograms": "83.9",
                "pounds": "185"
            }
        },
        {
            "affiliation": null,
            "birth": {
                "country": null,
                "date": "1997-11-12"
            },
            "college": "ULM",
            "firstname": "Tyree",
            "height": {
                "feets": "6",
                "inches": "8",
                "meters": "2.03"
            },
            "id": 3267,
            "lastname": "White",
            "leagues": {
                "vegas": {
                    "active": true,
                    "jersey": 27,
                    "pos": "F"
                }
            },
            "nba": {
                "pro": 0,
                "start": 0
            },
            "weight": {
                "kilograms": "86.2",
                "pounds": "190"
            }
        }
    ],
    "results": 45
}